{
"type"
:
"FeatureCollection",
"features": [
{
"type"
:
"Feature",
"properties": {
"Polygon_id"
:
1,
"Area_Name"
:
"SunStrong - AL (OOM)",
"color"
:
"#DCEDC8",
"fill"
:
"#DCEDC8",
"fill-opacity"
:
0.6,
"stroke"
:
"#000000",
"stroke-width"
:
1
},
"geometry": {
"type"
:
"Polygon",
"coordinates": [
[
[
-85.65331,
35.00587
],
[
-88.19704,
35.01037
],
[
-88.09816,
34.89331
],
[
-88.21352,
33.90291
],
[
-88.47608,
31.89683
],
[
-88.38819,
30.16091
],
[
-87.45435,
30.15616
],
[
-87.52986,
30.22097
],
[
-87.41313,
30.44025
],
[
-87.42348,
30.67313
],
[
-87.61574,
30.83363
],
[
-87.613,
30.99622
],
[
-87.15157,
31.00799
],
[
-85.86617,
31.00093
],
[
-84.99897,
30.99857
],
[
-85.09715,
31.20668
],
[
-85.09715,
31.41787
],
[
-85.0587,
31.65197
],
[
-85.14659,
31.82015
],
[
-85.00926,
32.16956
],
[
-84.93785,
32.28108
],
[
-84.9969,
32.32477
],
[
-84.99141,
32.38394
],
[
-85.00377,
32.48825
],
[
-85.01475,
32.52879
],
[
-85.06282,
32.58087
],
[
-85.12902,
32.74436
],
[
-85.19082,
32.90362
],
[
-85.21004,
33.02
],
[
-85.33913,
33.64697
],
[
-85.48017,
34.35931
],
[
-85.62024,
34.99334
],
[
-85.65331,
35.00587
]
]
]
}
},
{
"type"
:
"Feature",
"properties": {
"Polygon_id"
:
2,
"Area_Name"
:
"SunStrong - AR (OOM)",
"color"
:
"#D0F0C0",
"fill"
:
"#D0F0C0",
"fill-opacity"
:
0.6,
"stroke"
:
"#000000",
"stroke-width"
:
1
},
"geometry": {
"type"
:
"Polygon",
"coordinates": [
[
[
-94.61052,
36.49795
],
[
-90.15628,
36.49253
],
[
-90.07662,
36.38205
],
[
-90.0725,
36.29133
],
[
-90.32091,
36.08296
],
[
-90.37416,
35.99317
],
[
-89.73233,
35.99817
],
[
-89.8229,
35.78168
],
[
-90.11267,
35.31575
],
[
-90.10718,
35.18453
],
[
-90.09344,
35.1385
],
[
-90.19507,
35.12503
],
[
-90.56657,
34.53842
],
[
-90.95109,
33.97088
],
[
-91.14885,
33.38577
],
[
-91.17082,
33.00885
],
[
-91.32247,
33.01144
],
[
-94.05091,
33.02171
],
[
-94.04194,
33.42562
],
[
-94.03233,
33.54164
],
[
-94.0714,
33.57102
],
[
-94.33644,
33.56758
],
[
-94.38039,
33.57559
],
[
-94.48338,
33.64193
],
[
-94.44851,
34.61494
],
[
-94.43073,
35.36696
],
[
-94.43073,
35.40335
],
[
-94.44996,
35.51808
],
[
-94.61052,
36.49795
]
]
]
}
},
{
"type"
:
"Feature",
"properties": {
"Polygon_id"
:
3,
"Area_Name"
:
"SunStrong - AZ - Not Phoenix (OOM)",
"color"
:
"#DCD0FF",
"fill"
:
"#DCD0FF",
"fill-opacity"
:
0.6,
"stroke"
:
"#000000",
"stroke-width"
:
1
},
"geometry": {
"type"
:
"Polygon",
"coordinates": [
[
[
-111.57922,
32.76796
],
[
-111.24688,
32.97558
],
[
-111.25237,
33.34117
],
[
-111.47485,
33.76234
],
[
-111.93353,
33.9243
],
[
-112.56524,
33.81712
],
[
-112.97723,
33.50393
],
[
-112.82617,
33.16661
],
[
-112.44164,
32.95945
],
[
-111.98571,
32.89951
],
[
-111.58608,
32.76681
],
[
-111.52904,
31.4782
],
[
-114.81328,
32.49256
],
[
-114.81465,
32.62451
],
[
-114.72539,
32.71353
],
[
-114.53725,
32.72739
],
[
-114.44088,
32.859
],
[
-114.44912,
32.96391
],
[
-114.52603,
33.04222
],
[
-114.651,
33.0779
],
[
-114.66622,
33.33701
],
[
-114.51378,
33.54328
],
[
-114.50829,
33.62565
],
[
-114.46023,
33.69309
],
[
-114.49593,
33.81869
],
[
-114.42452,
33.97371
],
[
-114.41903,
34.09435
],
[
-114.25286,
34.15119
],
[
-114.1224,
34.24887
],
[
-114.12514,
34.30221
],
[
-114.16634,
34.35438
],
[
-114.36821,
34.46767
],
[
-114.36409,
34.5005
],
[
-114.46572,
34.713
],
[
-114.52065,
34.73896
],
[
-114.57146,
34.78634
],
[
-114.62777,
34.86976
],
[
-114.63051,
35.00036
],
[
-114.63494,
35.00537
],
[
-114.64524,
35.03686
],
[
-114.60473,
35.07058
],
[
-114.65074,
35.10093
],
[
-114.63151,
35.12339
],
[
-114.5807,
35.12901
],
[
-114.5704,
35.18178
],
[
-114.59512,
35.32308
],
[
-114.68164,
35.50775
],
[
-114.70264,
35.77786
],
[
-114.7095,
35.80626
],
[
-114.69165,
35.83299
],
[
-114.71019,
35.8508
],
[
-114.66419,
35.87028
],
[
-114.74384,
35.98482
],
[
-114.72873,
36.02926
],
[
-114.74246,
36.06978
],
[
-114.75345,
36.09753
],
[
-114.68753,
36.11362
],
[
-114.6532,
36.13081
],
[
-114.62642,
36.14301
],
[
-114.60788,
36.13247
],
[
-114.5193,
36.15077
],
[
-114.47055,
36.13026
],
[
-114.37099,
36.14079
],
[
-114.28172,
36.04147
],
[
-114.23503,
36.01148
],
[
-114.14714,
36.03203
],
[
-114.04689,
36.19567
],
[
-114.02918,
37.01176
],
[
-113.06925,
37.00902
],
[
-111.76874,
37.0326
],
[
-111.23316,
37.01198
],
[
-110.42841,
37.03172
],
[
-109.05237,
36.99005
],
[
-109.04963,
31.33798
],
[
-111.0821,
31.33563
],
[
-111.53254,
31.48097
],
[
-111.57922,
32.76796
]
]
]
}
},
{
"type"
:
"Feature",
"properties": {
"Polygon_id"
:
4,
"Area_Name"
:
"SunStrong - AZ - Phoenix",
"color"
:
"#FCE1CC",
"fill"
:
"#FCE1CC",
"fill-opacity"
:
0.6,
"stroke"
:
"#000000",
"stroke-width"
:
1
},
"geometry": {
"type"
:
"Polygon",
"coordinates": [
[
[
-112.56334,
33.81824
],
[
-112.98082,
33.50734
],
[
-112.83251,
33.17234
],
[
-112.44798,
32.96058
],
[
-111.99205,
32.90064
],
[
-111.58556,
32.76679
],
[
-111.25047,
32.9744
],
[
-111.25047,
33.33312
],
[
-111.47569,
33.76346
],
[
-111.93712,
33.92314
],
[
-112.56334,
33.81824
]
]
]
}
},
{
"type"
:
"Feature",
"properties": {
"Polygon_id"
:
5,
"Area_Name"
:
"SunStrong - CA - Bakersfield",
"color"
:
"#E9FFDB",
"fill"
:
"#E9FFDB",
"fill-opacity"
:
0.6,
"stroke"
:
"#000000",
"stroke-width"
:
1
},
"geometry": {
"type"
:
"Polygon",
"coordinates": [
[
[
-120.01566,
35.46904
],
[
-120.0146,
35.48365
],
[
-120.03331,
35.48365
],
[
-120.03324,
35.49864
],
[
-120.05105,
35.49863
],
[
-120.05124,
35.5127
],
[
-120.06891,
35.51278
],
[
-120.06866,
35.52632
],
[
-120.08667,
35.52655
],
[
-120.08592,
35.61452
],
[
-120.17357,
35.61399
],
[
-120.19392,
35.61436
],
[
-120.19378,
35.70728
],
[
-120.19415,
35.7892
],
[
-120.11717,
35.78878
],
[
-120.00485,
35.78885
],
[
-119.92166,
35.7896
],
[
-119.88847,
35.78895
],
[
-119.77295,
35.79016
],
[
-119.64652,
35.79042
],
[
-119.62596,
35.78949
],
[
-119.57256,
35.78958
],
[
-119.53812,
35.78957
],
[
-119.32049,
35.79022
],
[
-119.12525,
35.7908
],
[
-118.93388,
35.79051
],
[
-118.85847,
35.79055
],
[
-118.8,
35.7903
],
[
-118.62998,
35.78958
],
[
-118.504,
35.78983
],
[
-118.46942,
35.79263
],
[
-118.36692,
35.79061
],
[
-118.27,
35.79001
],
[
-118.06772,
35.79154
],
[
-118.00804,
35.78916
],
[
-117.93935,
35.78676
],
[
-117.92312,
35.78681
],
[
-117.92446,
35.79815
],
[
-117.75095,
35.7982
],
[
-117.633,
35.79725
],
[
-117.63425,
35.70993
],
[
-117.65199,
35.70993
],
[
-117.65232,
35.68078
],
[
-117.6162,
35.68086
],
[
-117.6164,
35.65176
],
[
-117.63383,
35.65157
],
[
-117.63487,
35.62216
],
[
-117.63477,
35.56411
],
[
-117.63013,
35.56407
],
[
-117.6306,
35.49995
],
[
-117.63022,
35.45104
],
[
-117.63351,
35.43444
],
[
-117.6313,
35.41957
],
[
-117.63278,
35.40541
],
[
-117.63124,
35.36154
],
[
-117.63121,
35.20246
],
[
-117.63088,
35.0976
],
[
-117.63291,
35.08006
],
[
-117.63223,
34.99342
],
[
-117.63179,
34.87722
],
[
-117.63201,
34.82227
],
[
-117.73873,
34.82325
],
[
-117.88113,
34.82252
],
[
-117.98768,
34.82263
],
[
-118.11447,
34.82104
],
[
-118.20411,
34.82016
],
[
-118.30866,
34.82006
],
[
-118.44001,
34.8187
],
[
-118.48959,
34.81785
],
[
-118.76586,
34.818
],
[
-118.8,
34.81791
],
[
-118.85425,
34.81777
],
[
-118.85458,
34.80303
],
[
-118.88682,
34.80188
],
[
-118.88136,
34.79063
],
[
-118.97672,
34.79066
],
[
-118.97672,
34.8122
],
[
-119.08614,
34.81264
],
[
-119.24365,
34.81418
],
[
-119.24365,
34.85758
],
[
-119.27835,
34.85728
],
[
-119.27695,
34.87968
],
[
-119.38245,
34.87968
],
[
-119.38215,
34.90094
],
[
-119.40191,
34.90119
],
[
-119.47275,
34.90117
],
[
-119.47272,
35.07688
],
[
-119.49071,
35.07721
],
[
-119.49063,
35.09181
],
[
-119.56098,
35.08767
],
[
-119.55364,
35.17998
],
[
-119.57126,
35.18029
],
[
-119.66706,
35.17481
],
[
-119.66666,
35.26253
],
[
-119.80945,
35.26358
],
[
-119.80935,
35.35087
],
[
-119.88017,
35.35121
],
[
-119.88005,
35.43913
],
[
-119.99739,
35.4395
],
[
-119.99738,
35.4687
],
[
-120.01566,
35.46904
]
]
]
}
},
{
"type"
:
"Feature",
"properties": {
"Polygon_id"
:
6,
"Area_Name"
:
"SunStrong - CA - Central (OOM)",
"color"
:
"#F4C2C2",
"fill"
:
"#F4C2C2",
"fill-opacity"
:
0.6,
"stroke"
:
"#000000",
"stroke-width"
:
1
},
"geometry": {
"type"
:
"Polygon",
"coordinates": [
[
[
-122.12542,
36.95534
],
[
-118.48747,
37.94004
],
[
-115.34914,
35.5747
],
[
-118.51227,
34.90678
],
[
-120.49084,
34.66345
],
[
-120.63223,
34.67216
],
[
-120.6498,
34.77521
],
[
-120.67726,
34.90257
],
[
-120.75005,
35.15222
],
[
-120.91621,
35.23976
],
[
-120.88875,
35.3944
],
[
-121.09749,
35.4962
],
[
-121.2959,
35.66512
],
[
-121.97244,
36.36444
],
[
-120.66045,
37.14516
],
[
-120.73911,
36.9557
],
[
-120.70967,
36.79562
],
[
-120.54093,
36.53627
],
[
-120.32429,
36.21909
],
[
-119.94595,
36.07964
],
[
-119.54083,
36.04023
],
[
-118.96301,
36.34096
],
[
-119.08086,
36.60582
],
[
-119.2756,
36.86976
],
[
-119.54425,
37.39492
],
[
-120.30572,
37.43275
],
[
-120.42456,
37.27752
],
[
-120.6479,
37.17304
],
[
-120.6625,
37.14288
],
[
-121.31843,
36.75266
],
[
-121.97461,
36.3613
],
[
-122.12542,
36.95534
]
]
]
}
},
{
"type"
:
"Feature",
"properties": {
"Polygon_id"
:
7,
"Area_Name"
:
"SunStrong - CA - Central San Fran. (OOM)",
"color"
:
"#FFB7C5",
"fill"
:
"#FFB7C5",
"fill-opacity"
:
0.6,
"stroke"
:
"#000000",
"stroke-width"
:
1
},
"geometry": {
"type"
:
"Polygon",
"coordinates": [
[
[
-122.51431,
37.7684
],
[
-122.52667,
37.4976
],
[
-122.40994,
37.29795
],
[
-122.16412,
37.35583
],
[
-122.0419,
37.47581
],
[
-122.26437,
37.69889
],
[
-122.51431,
37.7684
]
]
]
}
},
{
"type"
:
"Feature",
"properties": {
"Polygon_id"
:
8,
"Area_Name"
:
"SunStrong - CA - E San Francisco",
"color"
:
"#C1F0C1",
"fill"
:
"#C1F0C1",
"fill-opacity"
:
0.6,
"stroke"
:
"#000000",
"stroke-width"
:
1
},
"geometry": {
"type"
:
"Polygon",
"coordinates": [
[
[
-122.37559,
38.09559
],
[
-122.38795,
38.07073
],
[
-122.40031,
38.06208
],
[
-122.43464,
37.9712
],
[
-122.38657,
37.7967
],
[
-122.21354,
37.63483
],
[
-122.04188,
37.47261
],
[
-121.90249,
37.36627
],
[
-121.40192,
37.59784
],
[
-121.47488,
37.66038
],
[
-121.53479,
37.73047
],
[
-121.65461,
37.86937
],
[
-121.68431,
37.90202
],
[
-121.70679,
37.93492
],
[
-121.74799,
37.9961
],
[
-121.80842,
38.09127
],
[
-121.81425,
38.16932
],
[
-121.81734,
38.20844
],
[
-121.82181,
38.24822
],
[
-121.82438,
38.28145
],
[
-121.82902,
38.28071
],
[
-122.02402,
38.32651
],
[
-122.29456,
38.32112
],
[
-122.33576,
38.17337
],
[
-122.36185,
38.11504
],
[
-122.37559,
38.09559
]
]
]
}
},
{
"type"
:
"Feature",
"properties": {
"Polygon_id"
:
9,
"Area_Name"
:
"SunStrong - CA - East LA",
"color"
:
"#B3E5FC",
"fill"
:
"#B3E5FC",
"fill-opacity"
:
0.6,
"stroke"
:
"#000000",
"stroke-width"
:
1
},
"geometry": {
"type"
:
"Polygon",
"coordinates": [
[
[
-117.79367,
33.96813
],
[
-117.79358,
33.95379
],
[
-117.78329,
33.94641
],
[
-117.85197,
33.94687
],
[
-117.88814,
33.94608
],
[
-117.9765,
33.94605
],
[
-117.97659,
33.90281
],
[
-117.98548,
33.90277
],
[
-117.994,
33.89541
],
[
-117.99406,
33.88811
],
[
-118.00259,
33.88091
],
[
-118.0114,
33.88091
],
[
-118.0114,
33.87331
],
[
-118.02868,
33.87322
],
[
-118.02858,
33.86625
],
[
-118.03754,
33.86237
],
[
-118.05038,
33.84992
],
[
-118.05892,
33.84612
],
[
-118.05899,
33.83521
],
[
-118.0635,
33.83152
],
[
-118.06316,
33.81961
],
[
-118.0726,
33.81512
],
[
-118.0846,
33.80322
],
[
-118.08674,
33.79609
],
[
-118.09911,
33.77652
],
[
-118.09371,
33.76833
],
[
-118.09197,
33.75847
],
[
-118.11217,
33.74757
],
[
-118.11408,
33.74653
],
[
-118.11483,
33.74595
],
[
-118.10851,
33.75218
],
[
-118.12222,
33.76059
],
[
-118.13163,
33.75551
],
[
-118.14704,
33.7573
],
[
-118.17543,
33.76346
],
[
-118.15,
33.75794
],
[
-118.15,
33.95
],
[
-118.15,
34.1
],
[
-118.25,
34.1
],
[
-118.25,
34.25
],
[
-118.25,
34.45
],
[
-117.65953,
34.45
],
[
-117.64637,
34.28917
],
[
-117.6785,
34.16199
],
[
-117.6868,
34.13812
],
[
-117.70473,
34.09396
],
[
-117.71631,
34.06766
],
[
-117.72719,
34.03741
],
[
-117.73013,
34.02137
],
[
-117.73585,
34.01855
],
[
-117.76769,
34.02351
],
[
-117.76748,
34.00461
],
[
-117.78506,
34.00481
],
[
-117.8,
33.9798
],
[
-117.80254,
33.97555
],
[
-117.8,
33.97343
],
[
-117.79367,
33.96813
]
]
]
}
},
{
"type"
:
"Feature",
"properties": {
"Polygon_id"
:
10,
"Area_Name"
:
"SunStrong - CA - East Riverside",
"color"
:
"#FCF4A3",
"fill"
:
"#FCF4A3",
"fill-opacity"
:
0.6,
"stroke"
:
"#000000",
"stroke-width"
:
1
},
"geometry": {
"type"
:
"Polygon",
"coordinates": [
[
[
-114.52805,
33.81496
],
[
-114.51894,
33.7973
],
[
-114.51673,
33.78835
],
[
-114.50709,
33.76793
],
[
-114.50448,
33.751
],
[
-114.51235,
33.73421
],
[
-114.49657,
33.71916
],
[
-114.49433,
33.71064
],
[
-114.49649,
33.6969
],
[
-114.52396,
33.68588
],
[
-114.53035,
33.67925
],
[
-114.53212,
33.6697
],
[
-114.51834,
33.65593
],
[
-114.53058,
33.65446
],
[
-114.53322,
33.64844
],
[
-114.5238,
33.6347
],
[
-114.53122,
33.62391
],
[
-114.52207,
33.61128
],
[
-114.53105,
33.60448
],
[
-114.54062,
33.59141
],
[
-114.54065,
33.58287
],
[
-114.53597,
33.56915
],
[
-114.5246,
33.55223
],
[
-114.55802,
33.53259
],
[
-114.56197,
33.5156
],
[
-114.56953,
33.50922
],
[
-114.58925,
33.50181
],
[
-114.59971,
33.48432
],
[
-114.62292,
33.45656
],
[
-114.62228,
33.44756
],
[
-114.62713,
33.43355
],
[
-114.83087,
33.43371
],
[
-114.83083,
33.43009
],
[
-114.8758,
33.43028
],
[
-115.0008,
33.42942
],
[
-115.0632,
33.4281
],
[
-115.12581,
33.42905
],
[
-115.25167,
33.42822
],
[
-115.36676,
33.42803
],
[
-115.46751,
33.4284
],
[
-115.46751,
33.42699
],
[
-115.60966,
33.42687
],
[
-115.68292,
33.4274
],
[
-115.71715,
33.42692
],
[
-115.75,
33.42696
],
[
-115.83884,
33.42705
],
[
-115.87583,
33.42646
],
[
-116.00083,
33.42654
],
[
-116.05975,
33.42598
],
[
-116.10823,
33.42589
],
[
-116.12986,
33.42611
],
[
-116.19759,
33.42889
],
[
-116.34339,
33.42754
],
[
-116.50085,
33.42681
],
[
-116.61769,
33.42735
],
[
-116.85978,
33.42684
],
[
-116.98936,
33.42761
],
[
-117.03086,
33.42693
],
[
-117.03086,
33.43013
],
[
-117.09882,
33.43026
],
[
-117.1,
33.43032
],
[
-117.1,
33.8315
],
[
-114.52257,
33.8315
],
[
-114.51997,
33.82538
],
[
-114.52805,
33.81496
]
]
]
}
},
{
"type"
:
"Feature",
"properties": {
"Polygon_id"
:
11,
"Area_Name"
:
"SunStrong - CA - Fresno",
"color"
:
"#C1F0C1",
"fill"
:
"#C1F0C1",
"fill-opacity"
:
0.6,
"stroke"
:
"#000000",
"stroke-width"
:
1
},
"geometry": {
"type"
:
"Polygon",
"coordinates": [
[
[
-119.55445,
36.03255
],
[
-119.93622,
36.08362
],
[
-120.32624,
36.22333
],
[
-120.54047,
36.53071
],
[
-120.70527,
36.80609
],
[
-120.73273,
36.95548
],
[
-120.65239,
37.17465
],
[
-120.43473,
37.27962
],
[
-120.31113,
37.43681
],
[
-119.96211,
37.43233
],
[
-119.55561,
37.40398
],
[
-119.30293,
36.91586
],
[
-119.07222,
36.57914
],
[
-118.95961,
36.34941
],
[
-119.55445,
36.03255
]
]
]
}
},
{
"type"
:
"Feature",
"properties": {
"Polygon_id"
:
12,
"Area_Name"
:
"SunStrong - CA - Los Angeles",
"color"
:
"#AFEEEE",
"fill"
:
"#AFEEEE",
"fill-opacity"
:
0.6,
"stroke"
:
"#000000",
"stroke-width"
:
1
},
"geometry": {
"type"
:
"Polygon",
"coordinates": [
[
[
-118.50247,
33.98534
],
[
-118.40084,
33.81208
],
[
-118.44204,
33.78697
],
[
-118.42007,
33.72303
],
[
-118.27175,
33.68419
],
[
-118.20858,
33.73217
],
[
-118.18849,
33.72932
],
[
-118.12017,
33.72532
],
[
-117.92825,
33.59301
],
[
-117.48467,
33.31014
],
[
-117.32467,
33.46195
],
[
-117.55574,
33.8734
],
[
-117.56398,
34.18297
],
[
-118.36599,
34.38155
],
[
-118.38796,
34.50613
],
[
-118.64202,
34.50047
],
[
-118.63103,
34.03288
],
[
-118.50247,
33.98534
]
]
]
}
},
{
"type"
:
"Feature",
"properties": {
"Polygon_id"
:
13,
"Area_Name"
:
"SunStrong - CA - NE San Francisco",
"color"
:
"#FFF9C4",
"fill"
:
"#FFF9C4",
"fill-opacity"
:
0.6,
"stroke"
:
"#000000",
"stroke-width"
:
1
},
"geometry": {
"type"
:
"Polygon",
"coordinates": [
[
[
-122.35592,
38.10692
],
[
-122.25842,
38.05504
],
[
-122.13207,
38.03881
],
[
-122.08264,
38.08639
],
[
-121.91235,
38.33242
],
[
-121.94256,
38.38303
],
[
-122.04556,
38.40886
],
[
-122.17739,
38.39379
],
[
-122.25842,
38.35396
],
[
-122.34631,
38.28931
],
[
-122.35592,
38.10692
]
]
]
}
},
{
"type"
:
"Feature",
"properties": {
"Polygon_id"
:
14,
"Area_Name"
:
"SunStrong - CA - North (OOM)",
"color"
:
"#CCFFCC",
"fill"
:
"#CCFFCC",
"fill-opacity"
:
0.6,
"stroke"
:
"#000000",
"stroke-width"
:
1
},
"geometry": {
"type"
:
"Polygon",
"coordinates": [
[
[
-122.29717,
36.90787
],
[
-118.48724,
37.93989
],
[
-119.99932,
39.0003
],
[
-119.99402,
41.99429
],
[
-124.3324,
41.99802
],
[
-124.42765,
40.43178
],
[
-124.38371,
40.24755
],
[
-123.79045,
38.91056
],
[
-123.16765,
38.44183
],
[
-122.98775,
38.07573
],
[
-122.54899,
38.1901
],
[
-122.39586,
38.09924
],
[
-122.3581,
38.10593
],
[
-122.34505,
38.2896
],
[
-122.26059,
38.35122
],
[
-122.17339,
38.39556
],
[
-122.04637,
38.40834
],
[
-122.02647,
38.4039
],
[
-122.02572,
38.93964
],
[
-121.95681,
39.18706
],
[
-121.86875,
39.39272
],
[
-121.80352,
39.48552
],
[
-121.58791,
39.54803
],
[
-121.37848,
39.52499
],
[
-121.1015,
39.40719
],
[
-120.92494,
39.28989
],
[
-120.77335,
39.21968
],
[
-120.24069,
38.59146
],
[
-120.63608,
38.15237
],
[
-120.47307,
37.65489
],
[
-120.99613,
37.5006
],
[
-121.33624,
37.69465
],
[
-121.6417,
37.24476
],
[
-121.79962,
37.16491
],
[
-121.914,
37.14098
],
[
-122.01739,
37.19365
],
[
-122.10567,
37.24628
],
[
-122.16649,
37.35349
],
[
-122.40802,
37.30148
],
[
-122.41059,
37.07433
],
[
-122.29717,
36.90787
]
]
]
}
},
{
"type"
:
"Feature",
"properties": {
"Polygon_id"
:
15,
"Area_Name"
:
"SunStrong - CA - North LA",
"color"
:
"#E1BEE7",
"fill"
:
"#E1BEE7",
"fill-opacity"
:
0.6,
"stroke"
:
"#000000",
"stroke-width"
:
1
},
"geometry": {
"type"
:
"Polygon",
"coordinates": [
[
[
-119.48526,
34.38064
],
[
-119.49755,
34.38491
],
[
-119.51698,
34.38812
],
[
-119.52689,
34.39417
],
[
-119.53696,
34.39583
],
[
-119.56148,
34.41471
],
[
-119.57617,
34.41251
],
[
-119.59268,
34.41827
],
[
-119.6184,
34.42094
],
[
-119.63613,
34.41585
],
[
-119.66216,
34.4169
],
[
-119.68212,
34.41415
],
[
-119.69531,
34.40271
],
[
-119.70953,
34.39524
],
[
-119.72946,
34.39589
],
[
-119.79123,
34.41754
],
[
-119.83182,
34.41645
],
[
-119.84109,
34.41181
],
[
-119.84453,
34.40435
],
[
-119.8549,
34.40833
],
[
-119.8801,
34.40822
],
[
-119.88898,
34.41799
],
[
-119.90413,
34.42269
],
[
-119.92851,
34.43513
],
[
-119.9571,
34.43565
],
[
-119.98344,
34.44992
],
[
-119.99016,
34.44997
],
[
-120.00816,
34.46055
],
[
-120.0245,
34.45788
],
[
-120.03896,
34.46336
],
[
-120.05764,
34.46096
],
[
-120.06893,
34.46264
],
[
-120.08881,
34.46019
],
[
-120.11874,
34.47005
],
[
-120.13336,
34.47301
],
[
-120.15268,
34.47337
],
[
-120.16888,
34.46971
],
[
-120.22887,
34.47063
],
[
-120.2377,
34.46823
],
[
-120.2793,
34.4675
],
[
-120.29769,
34.47039
],
[
-120.32047,
34.46351
],
[
-120.34234,
34.45865
],
[
-120.41773,
34.45295
],
[
-120.425,
34.44968
],
[
-120.44204,
34.45155
],
[
-120.45669,
34.44332
],
[
-120.47072,
34.4514
],
[
-120.47786,
34.47816
],
[
-120.49657,
34.49539
],
[
-120.50114,
34.50872
],
[
-120.5115,
34.52325
],
[
-120.54114,
34.53942
],
[
-120.55324,
34.54116
],
[
-120.56739,
34.55067
],
[
-120.58151,
34.55709
],
[
-120.60857,
34.5568
],
[
-120.62408,
34.55442
],
[
-120.63904,
34.56722
],
[
-120.64581,
34.57878
],
[
-120.63776,
34.60803
],
[
-120.61588,
34.65672
],
[
-120.60647,
34.68232
],
[
-120.6006,
34.70484
],
[
-120.6075,
34.7146
],
[
-120.61659,
34.73351
],
[
-120.62618,
34.73807
],
[
-120.63163,
34.75315
],
[
-120.63765,
34.756
],
[
-120.62337,
34.79184
],
[
-120.61,
34.84312
],
[
-120.61187,
34.86137
],
[
-120.62573,
34.87351
],
[
-120.6393,
34.88036
],
[
-120.63953,
34.88968
],
[
-120.64665,
34.90075
],
[
-120.67165,
34.90299
],
[
-120.66434,
34.91989
],
[
-120.66293,
34.93398
],
[
-120.6491,
34.97459
],
[
-120.63414,
34.95956
],
[
-120.6163,
34.96595
],
[
-120.61314,
34.97127
],
[
-120.6022,
34.97275
],
[
-120.5955,
34.96649
],
[
-120.58552,
34.96722
],
[
-120.57519,
34.97829
],
[
-120.55492,
34.97388
],
[
-120.53857,
34.98375
],
[
-120.49622,
34.99316
],
[
-120.4381,
34.98776
],
[
-120.39105,
34.96331
],
[
-120.36125,
34.94647
],
[
-120.35303,
34.93929
],
[
-120.32831,
34.92582
],
[
-120.3183,
34.90704
],
[
-120.30183,
34.90557
],
[
-120.30027,
34.9147
],
[
-120.29218,
34.93031
],
[
-120.29455,
34.94659
],
[
-120.30413,
34.9571
],
[
-120.30195,
34.96338
],
[
-120.31479,
34.97382
],
[
-120.31453,
34.9815
],
[
-120.32712,
34.98653
],
[
-120.33342,
34.99476
],
[
-120.33455,
35.00632
],
[
-120.32382,
35.01731
],
[
-120.30993,
35.00922
],
[
-120.29023,
35.01543
],
[
-120.27862,
35.01156
],
[
-120.27367,
35.02081
],
[
-120.26136,
35.02355
],
[
-120.24403,
35.02359
],
[
-120.22093,
35.02111
],
[
-120.19142,
35.02996
],
[
-120.18033,
35.03928
],
[
-120.18489,
35.04845
],
[
-120.16904,
35.07444
],
[
-120.14939,
35.08147
],
[
-120.13597,
35.09786
],
[
-120.12675,
35.09548
],
[
-120.11667,
35.10462
],
[
-120.1096,
35.10349
],
[
-120.10274,
35.11222
],
[
-120.08078,
35.11433
],
[
-120.08494,
35.10761
],
[
-120.07242,
35.10471
],
[
-120.05994,
35.09297
],
[
-120.03282,
35.08782
],
[
-120.02931,
35.08357
],
[
-120.01405,
35.08145
],
[
-120.01358,
35.07558
],
[
-120.00202,
35.07321
],
[
-119.97572,
35.05827
],
[
-119.94272,
35.05444
],
[
-119.92842,
35.05979
],
[
-119.91731,
35.04898
],
[
-119.90943,
35.04595
],
[
-119.9038,
35.03813
],
[
-119.88965,
35.04063
],
[
-119.87827,
35.03971
],
[
-119.86333,
35.03143
],
[
-119.85452,
35.03215
],
[
-119.84417,
35.01548
],
[
-119.83083,
35.00578
],
[
-119.80995,
35.0021
],
[
-119.78929,
34.98867
],
[
-119.7804,
34.99073
],
[
-119.74557,
34.97368
],
[
-119.72933,
34.97465
],
[
-119.71747,
34.97168
],
[
-119.70056,
34.97667
],
[
-119.67862,
34.97178
],
[
-119.67316,
34.97348
],
[
-119.65528,
34.9638
],
[
-119.64426,
34.95358
],
[
-119.63486,
34.95387
],
[
-119.62536,
34.94928
],
[
-119.61686,
34.95058
],
[
-119.59246,
34.93508
],
[
-119.57836,
34.92188
],
[
-119.56296,
34.91478
],
[
-119.53576,
34.89758
],
[
-119.49046,
34.89748
],
[
-119.49036,
34.90117
],
[
-119.44235,
34.90127
],
[
-119.40191,
34.90119
],
[
-119.38215,
34.90094
],
[
-119.38245,
34.87968
],
[
-119.27695,
34.87968
],
[
-119.27835,
34.85728
],
[
-119.24365,
34.85758
],
[
-119.24365,
34.81418
],
[
-119.08614,
34.81264
],
[
-118.97672,
34.8122
],
[
-118.97672,
34.79066
],
[
-118.88138,
34.79063
],
[
-118.88682,
34.80188
],
[
-118.85458,
34.80303
],
[
-118.85425,
34.81777
],
[
-118.76586,
34.818
],
[
-118.48959,
34.81785
],
[
-118.44001,
34.8187
],
[
-118.30866,
34.82006
],
[
-118.20411,
34.82016
],
[
-118.11447,
34.82104
],
[
-117.98768,
34.82263
],
[
-117.88113,
34.82252
],
[
-117.73873,
34.82325
],
[
-117.66729,
34.82253
],
[
-117.66785,
34.79072
],
[
-117.66719,
34.76737
],
[
-117.66682,
34.64261
],
[
-117.66677,
34.63474
],
[
-117.66703,
34.55801
],
[
-117.66035,
34.55785
],
[
-117.6601,
34.5147
],
[
-117.65976,
34.45277
],
[
-117.65953,
34.45
],
[
-118.25,
34.45
],
[
-118.25,
34.25
],
[
-118.25,
34.1
],
[
-118.90002,
34.1
],
[
-118.9408,
34.07497
],
[
-118.94485,
34.04566
],
[
-118.95539,
34.04867
],
[
-118.97774,
34.06086
],
[
-118.99376,
34.06535
],
[
-119.0061,
34.06589
],
[
-119.03738,
34.08341
],
[
-119.06073,
34.08524
],
[
-119.08437,
34.09831
],
[
-119.09946,
34.09948
],
[
-119.10598,
34.09564
],
[
-119.12848,
34.10037
],
[
-119.14469,
34.10892
],
[
-119.18217,
34.13397
],
[
-119.19725,
34.14219
],
[
-119.21655,
34.14635
],
[
-119.22126,
34.1535
],
[
-119.22345,
34.17922
],
[
-119.22963,
34.16913
],
[
-119.2399,
34.17902
],
[
-119.26315,
34.22276
],
[
-119.26444,
34.24104
],
[
-119.27622,
34.26388
],
[
-119.2919,
34.27537
],
[
-119.30547,
34.27304
],
[
-119.32158,
34.28398
],
[
-119.33796,
34.29104
],
[
-119.34658,
34.30169
],
[
-119.36495,
34.31651
],
[
-119.37402,
34.32094
],
[
-119.39079,
34.31838
],
[
-119.40183,
34.33182
],
[
-119.43447,
34.35575
],
[
-119.44309,
34.35588
],
[
-119.46035,
34.37386
],
[
-119.47667,
34.37328
],
[
-119.48526,
34.38064
]
]
]
}
},
{
"type"
:
"Feature",
"properties": {
"Polygon_id"
:
16,
"Area_Name"
:
"SunStrong - CA - North Riverside",
"color"
:
"#FFE4E1",
"fill"
:
"#FFE4E1",
"fill-opacity"
:
0.6,
"stroke"
:
"#000000",
"stroke-width"
:
1
},
"geometry": {
"type"
:
"Polygon",
"coordinates": [
[
[
-117.0131,
34.00433
],
[
-116.92936,
34.00491
],
[
-116.92956,
34.03411
],
[
-116.86594,
34.03377
],
[
-116.74652,
34.03406
],
[
-116.6156,
34.03331
],
[
-116.61557,
34.03255
],
[
-116.45739,
34.03291
],
[
-116.30063,
34.03254
],
[
-116.3006,
34.0344
],
[
-116.19585,
34.03433
],
[
-116.18187,
34.03364
],
[
-116.02163,
34.03443
],
[
-115.98484,
34.03515
],
[
-115.84095,
34.03538
],
[
-115.5957,
34.03539
],
[
-115.37394,
34.03475
],
[
-115.31621,
34.03411
],
[
-115.31607,
34.07784
],
[
-115.19244,
34.07776
],
[
-115.19239,
34.07942
],
[
-115.12581,
34.07979
],
[
-115.03426,
34.07953
],
[
-114.83733,
34.07961
],
[
-114.73633,
34.07927
],
[
-114.61092,
34.07974
],
[
-114.43543,
34.07973
],
[
-114.43934,
34.05789
],
[
-114.43495,
34.03778
],
[
-114.43827,
34.02261
],
[
-114.44382,
34.01618
],
[
-114.45481,
34.01097
],
[
-114.46334,
34.01226
],
[
-114.46628,
34.00388
],
[
-114.45803,
33.99782
],
[
-114.46793,
33.99288
],
[
-114.48233,
33.98018
],
[
-114.49988,
33.96179
],
[
-114.52273,
33.95504
],
[
-114.53568,
33.93355
],
[
-114.53495,
33.9257
],
[
-114.52339,
33.92122
],
[
-114.5145,
33.91421
],
[
-114.50799,
33.90181
],
[
-114.52481,
33.89568
],
[
-114.50434,
33.87688
],
[
-114.50389,
33.86575
],
[
-114.51681,
33.85812
],
[
-114.52567,
33.86
],
[
-114.5296,
33.84806
],
[
-114.52257,
33.8315
],
[
-117.63842,
33.8315
],
[
-117.66212,
33.8575
],
[
-117.67428,
33.85796
],
[
-117.67505,
33.86873
],
[
-117.67375,
33.87083
],
[
-117.66899,
33.88092
],
[
-117.67279,
33.88692
],
[
-117.65489,
33.88882
],
[
-117.65539,
33.92511
],
[
-117.61095,
33.92511
],
[
-117.61039,
33.97161
],
[
-117.55838,
33.98842
],
[
-117.55831,
34.03345
],
[
-117.45408,
34.03371
],
[
-117.41448,
34.03431
],
[
-117.37528,
34.03388
],
[
-117.37542,
34.0194
],
[
-117.29628,
34.01941
],
[
-117.2675,
34.01855
],
[
-117.22537,
34.01872
],
[
-117.22537,
34.00431
],
[
-117.15,
34.00429
],
[
-117.14221,
34.00429
],
[
-117.0677,
34.00371
],
[
-117.03446,
34.00488
],
[
-117.0131,
34.00433
]
]
]
}
},
{
"type"
:
"Feature",
"properties": {
"Polygon_id"
:
17,
"Area_Name"
:
"SunStrong - CA - North San Diego",
"color"
:
"#F0F8FF",
"fill"
:
"#F0F8FF",
"fill-opacity"
:
0.6,
"stroke"
:
"#000000",
"stroke-width"
:
1
},
"geometry": {
"type"
:
"Polygon",
"coordinates": [
[
[
-117.57848,
33.45393
],
[
-117.55723,
33.45119
],
[
-117.53843,
33.45564
],
[
-117.50958,
33.47166
],
[
-117.50971,
33.50003
],
[
-117.50972,
33.50502
],
[
-117.36427,
33.50503
],
[
-117.37093,
33.49055
],
[
-117.24167,
33.44893
],
[
-117.24147,
33.43245
],
[
-117.1878,
33.43213
],
[
-117.14372,
33.43263
],
[
-117.09882,
33.43026
],
[
-117.03086,
33.43013
],
[
-117.03086,
33.42693
],
[
-116.98936,
33.42761
],
[
-116.85978,
33.42684
],
[
-116.61769,
33.42735
],
[
-116.50085,
33.42681
],
[
-116.34339,
33.42754
],
[
-116.19759,
33.42889
],
[
-116.12986,
33.42611
],
[
-116.10823,
33.42589
],
[
-116.08517,
33.42593
],
[
-116.08515,
33.33922
],
[
-116.08209,
33.24114
],
[
-116.08123,
33.19106
],
[
-116.0811,
33.08
],
[
-117.31137,
33.08
],
[
-117.31434,
33.0903
],
[
-117.32563,
33.11657
],
[
-117.33639,
33.13054
],
[
-117.34141,
33.14155
],
[
-117.3641,
33.17073
],
[
-117.39717,
33.20745
],
[
-117.3971,
33.21566
],
[
-117.40733,
33.21975
],
[
-117.44547,
33.26766
],
[
-117.47694,
33.30412
],
[
-117.50992,
33.33677
],
[
-117.54775,
33.36435
],
[
-117.56409,
33.3716
],
[
-117.57543,
33.38009
],
[
-117.59594,
33.38642
],
[
-117.57848,
33.45393
]
]
]
}
},
{
"type"
:
"Feature",
"properties": {
"Polygon_id"
:
18,
"Area_Name"
:
"SunStrong - CA - Ontario",
"color"
:
"#F8C8DC",
"fill"
:
"#F8C8DC",
"fill-opacity"
:
0.6,
"stroke"
:
"#000000",
"stroke-width"
:
1
},
"geometry": {
"type"
:
"Polygon",
"coordinates": [
[
[
-117.0677,
34.00371
],
[
-117.14221,
34.00429
],
[
-117.22537,
34.00431
],
[
-117.22537,
34.01872
],
[
-117.2675,
34.01855
],
[
-117.29628,
34.01941
],
[
-117.37542,
34.0194
],
[
-117.37528,
34.03388
],
[
-117.41448,
34.03431
],
[
-117.45408,
34.03371
],
[
-117.55831,
34.03345
],
[
-117.55838,
33.98842
],
[
-117.61039,
33.97161
],
[
-117.61095,
33.92511
],
[
-117.65539,
33.92511
],
[
-117.65489,
33.88882
],
[
-117.67279,
33.88692
],
[
-117.66899,
33.88092
],
[
-117.67375,
33.87083
],
[
-117.67699,
33.87371
],
[
-117.68029,
33.87741
],
[
-117.74869,
33.92181
],
[
-117.79358,
33.95379
],
[
-117.79367,
33.96813
],
[
-117.80254,
33.97555
],
[
-117.78506,
34.00481
],
[
-117.76748,
34.00461
],
[
-117.76769,
34.02351
],
[
-117.73585,
34.01855
],
[
-117.73013,
34.02137
],
[
-117.72719,
34.03741
],
[
-117.71631,
34.06766
],
[
-117.70473,
34.09396
],
[
-117.6868,
34.13812
],
[
-117.6785,
34.16199
],
[
-117.64637,
34.28917
],
[
-117.65135,
34.35
],
[
-117.05,
34.35
],
[
-117.05,
34.00433
],
[
-117.0677,
34.00371
]
]
]
}
},
{
"type"
:
"Feature",
"properties": {
"Polygon_id"
:
19,
"Area_Name"
:
"SunStrong - CA - Orange County",
"color"
:
"#E1F5FE",
"fill"
:
"#E1F5FE",
"fill-opacity"
:
0.6,
"stroke"
:
"#000000",
"stroke-width"
:
1
},
"geometry": {
"type"
:
"Polygon",
"coordinates": [
[
[
-117.50318,
33.5204
],
[
-117.50376,
33.50894
],
[
-117.50973,
33.50906
],
[
-117.50971,
33.50003
],
[
-117.50958,
33.47166
],
[
-117.53843,
33.45564
],
[
-117.55723,
33.45119
],
[
-117.57848,
33.45393
],
[
-117.59594,
33.38642
],
[
-117.60722,
33.4054
],
[
-117.63316,
33.43164
],
[
-117.65199,
33.44554
],
[
-117.68184,
33.46162
],
[
-117.69278,
33.46007
],
[
-117.71505,
33.46442
],
[
-117.72585,
33.48192
],
[
-117.73887,
33.49062
],
[
-117.73903,
33.4949
],
[
-117.76596,
33.52334
],
[
-117.78618,
33.5423
],
[
-117.80893,
33.55
],
[
-117.81997,
33.55374
],
[
-117.82433,
33.56183
],
[
-117.83336,
33.56597
],
[
-117.84103,
33.57421
],
[
-117.86415,
33.58484
],
[
-117.88855,
33.60979
],
[
-117.90009,
33.60988
],
[
-117.92647,
33.62054
],
[
-117.92367,
33.61156
],
[
-117.92771,
33.6059
],
[
-117.9407,
33.62031
],
[
-117.957,
33.62742
],
[
-118.0049,
33.65651
],
[
-118.03845,
33.68414
],
[
-118.05341,
33.70043
],
[
-118.08492,
33.72723
],
[
-118.09635,
33.73833
],
[
-118.10015,
33.73499
],
[
-118.1158,
33.7407
],
[
-118.11217,
33.74757
],
[
-118.09197,
33.75847
],
[
-118.09371,
33.76833
],
[
-118.09911,
33.77652
],
[
-118.09691,
33.78
],
[
-118.08674,
33.79609
],
[
-118.0846,
33.80322
],
[
-118.0726,
33.81512
],
[
-118.06316,
33.81961
],
[
-118.0635,
33.83152
],
[
-118.05899,
33.83521
],
[
-118.05892,
33.84612
],
[
-118.05038,
33.84992
],
[
-118.03754,
33.86237
],
[
-118.02858,
33.86625
],
[
-118.02868,
33.87322
],
[
-118.0114,
33.87331
],
[
-118.0114,
33.88091
],
[
-118.00259,
33.88091
],
[
-117.99406,
33.88811
],
[
-117.994,
33.89541
],
[
-117.98548,
33.90277
],
[
-117.97659,
33.90281
],
[
-117.9765,
33.94605
],
[
-117.88814,
33.94608
],
[
-117.85197,
33.94687
],
[
-117.78329,
33.94641
],
[
-117.74869,
33.92181
],
[
-117.68029,
33.87741
],
[
-117.67699,
33.87371
],
[
-117.67505,
33.86873
],
[
-117.67428,
33.85796
],
[
-117.66212,
33.8575
],
[
-117.60764,
33.79773
],
[
-117.58079,
33.76948
],
[
-117.56907,
33.76457
],
[
-117.53645,
33.75767
],
[
-117.534,
33.71036
],
[
-117.49712,
33.70551
],
[
-117.47457,
33.70381
],
[
-117.45798,
33.69029
],
[
-117.41299,
33.65905
],
[
-117.4967,
33.55262
],
[
-117.4986,
33.55
],
[
-117.51021,
33.534
],
[
-117.50991,
33.52055
],
[
-117.50318,
33.5204
]
]
]
}
},
{
"type"
:
"Feature",
"properties": {
"Polygon_id"
:
20,
"Area_Name"
:
"SunStrong - CA - Riverside",
"color"
:
"#ADD8E6",
"fill"
:
"#ADD8E6",
"fill-opacity"
:
0.6,
"stroke"
:
"#000000",
"stroke-width"
:
1
},
"geometry": {
"type"
:
"Polygon",
"coordinates": [
[
[
-117.66428,
33.82663
],
[
-117.3237,
33.46079
],
[
-116.92682,
33.43214
],
[
-116.69885,
33.69076
],
[
-116.66177,
33.92468
],
[
-116.82932,
34.26358
],
[
-117.1335,
34.66383
],
[
-117.36009,
34.70279
],
[
-117.68282,
34.29649
],
[
-117.81774,
34.06985
],
[
-117.78358,
33.89135
],
[
-117.67938,
33.83347
],
[
-117.66428,
33.82663
]
]
]
}
},
{
"type"
:
"Feature",
"properties": {
"Polygon_id"
:
21,
"Area_Name"
:
"SunStrong - CA - SE Sacramento",
"color"
:
"#C1F0C1",
"fill"
:
"#C1F0C1",
"fill-opacity"
:
0.6,
"stroke"
:
"#000000",
"stroke-width"
:
1
},
"geometry": {
"type"
:
"Polygon",
"coordinates": [
[
[
-121.93067,
38.30381
],
[
-121.56125,
38.22617
],
[
-121.33328,
37.69563
],
[
-121.63836,
37.24651
],
[
-121.71527,
37.20715
],
[
-121.72488,
37.35248
],
[
-121.94323,
37.55634
],
[
-121.94598,
37.61184
],
[
-122.04486,
37.76399
],
[
-122.05584,
37.88873
],
[
-121.98993,
38.01218
],
[
-122.11077,
38.06479
],
[
-121.93067,
38.30381
]
]
]
}
},
{
"type"
:
"Feature",
"properties": {
"Polygon_id"
:
22,
"Area_Name"
:
"SunStrong - CA - Sacramento",
"color"
:
"#F8C8DC",
"fill"
:
"#F8C8DC",
"fill-opacity"
:
0.6,
"stroke"
:
"#000000",
"stroke-width"
:
1
},
"geometry": {
"type"
:
"Polygon",
"coordinates": [
[
[
-121.52649,
39.02537
],
[
-121.45507,
39.03177
],
[
-121.25825,
39.03985
],
[
-120.92455,
39.29007
],
[
-120.77348,
39.21989
],
[
-120.24065,
38.59152
],
[
-120.63615,
38.15224
],
[
-121.25688,
38.1598
],
[
-122.02318,
38.32482
],
[
-122.02614,
38.93845
],
[
-122.01378,
38.93524
],
[
-122.0003,
38.93354
],
[
-121.76135,
38.98907
],
[
-121.58416,
39.04457
],
[
-121.52649,
39.02537
]
]
]
}
},
{
"type"
:
"Feature",
"properties": {
"Polygon_id"
:
23,
"Area_Name"
:
"SunStrong - CA - San Diego",
"color"
:
"#F4C2C2",
"fill"
:
"#F4C2C2",
"fill-opacity"
:
0.6,
"stroke"
:
"#000000",
"stroke-width"
:
1
},
"geometry": {
"type"
:
"Polygon",
"coordinates": [
[
[
-117.25014,
32.68682
],
[
-117.24053,
32.64867
],
[
-117.15126,
32.63017
],
[
-117.12242,
32.5156
],
[
-116.2497,
32.58968
],
[
-116.22566,
33.12494
],
[
-116.49552,
33.28753
],
[
-116.93016,
33.43378
],
[
-117.32704,
33.46242
],
[
-117.48497,
33.30992
],
[
-117.39708,
33.16749
],
[
-117.31468,
33.08468
],
[
-117.3037,
33.02943
],
[
-117.28722,
32.98337
],
[
-117.27623,
32.92344
],
[
-117.28722,
32.85425
],
[
-117.27638,
32.8014
],
[
-117.25014,
32.68682
]
]
]
}
},
{
"type"
:
"Feature",
"properties": {
"Polygon_id"
:
24,
"Area_Name"
:
"SunStrong - CA - San Jose",
"color"
:
"#E0FFE1",
"fill"
:
"#E0FFE1",
"fill-opacity"
:
0.6,
"stroke"
:
"#000000",
"stroke-width"
:
1
},
"geometry": {
"type"
:
"Polygon",
"coordinates": [
[
[
-122.1655,
37.35364
],
[
-122.10782,
37.24877
],
[
-121.91693,
37.13828
],
[
-121.80089,
37.16182
],
[
-121.7178,
37.20503
],
[
-121.72192,
37.34928
],
[
-121.9444,
37.55423
],
[
-121.9389,
37.47363
],
[
-121.97598,
37.46273
],
[
-122.0419,
37.47254
],
[
-122.06113,
37.45837
],
[
-122.06525,
37.44746
],
[
-122.1655,
37.35364
]
]
]
}
},
{
"type"
:
"Feature",
"properties": {
"Polygon_id"
:
25,
"Area_Name"
:
"SunStrong - CA - South (OOM)",
"color"
:
"#FFB7C5",
"fill"
:
"#FFB7C5",
"fill-opacity"
:
0.6,
"stroke"
:
"#000000",
"stroke-width"
:
1
},
"geometry": {
"type"
:
"Polygon",
"coordinates": [
[
[
-116.22627,
33.12335
],
[
-116.48697,
33.27777
],
[
-116.92219,
33.43056
],
[
-116.70035,
33.69187
],
[
-116.66084,
33.92712
],
[
-116.82785,
34.26271
],
[
-117.13177,
34.66188
],
[
-117.35879,
34.70089
],
[
-117.66572,
34.31613
],
[
-117.72649,
34.22307
],
[
-118.36524,
34.38076
],
[
-118.38815,
34.50605
],
[
-118.64097,
34.50017
],
[
-118.6309,
34.03404
],
[
-118.80715,
33.99892
],
[
-119.49425,
33.96833
],
[
-120.2633,
33.82699
],
[
-120.54345,
34.03664
],
[
-120.7055,
34.57434
],
[
-120.63409,
34.67605
],
[
-120.4638,
34.67153
],
[
-118.49724,
34.90837
],
[
-115.3494,
35.57494
],
[
-114.63292,
35.0025
],
[
-114.62727,
34.98399
],
[
-114.6267,
34.86917
],
[
-114.58807,
34.84276
],
[
-114.55614,
34.77821
],
[
-114.51872,
34.74183
],
[
-114.46516,
34.71276
],
[
-114.4412,
34.66813
],
[
-114.41374,
34.60203
],
[
-114.36155,
34.49684
],
[
-114.36304,
34.46961
],
[
-114.15842,
34.35518
],
[
-114.11997,
34.30415
],
[
-114.11997,
34.24968
],
[
-114.2547,
34.1481
],
[
-114.41675,
34.09239
],
[
-114.42438,
33.96919
],
[
-114.49717,
33.81643
],
[
-114.46146,
33.69312
],
[
-114.50557,
33.62221
],
[
-114.51244,
33.54213
],
[
-114.6635,
33.33913
],
[
-114.64839,
33.17491
],
[
-114.64977,
33.07853
],
[
-114.5193,
33.04055
],
[
-114.45064,
32.96338
],
[
-114.44103,
32.85962
],
[
-114.49458,
32.79153
],
[
-114.54128,
32.72571
],
[
-114.70716,
32.71483
],
[
-116.24824,
32.59444
],
[
-116.22627,
33.12335
]
]
]
}
},
{
"type"
:
"Feature",
"properties": {
"Polygon_id"
:
26,
"Area_Name"
:
"SunStrong - CA - South San Diego",
"color"
:
"#AFEEEE",
"fill"
:
"#AFEEEE",
"fill-opacity"
:
0.6,
"stroke"
:
"#000000",
"stroke-width"
:
1
},
"geometry": {
"type"
:
"Polygon",
"coordinates": [
[
[
-117.12378,
32.53429
],
[
-117.13311,
32.56974
],
[
-117.13268,
32.593
],
[
-117.13574,
32.61434
],
[
-117.14459,
32.63721
],
[
-117.16105,
32.66367
],
[
-117.18393,
32.68169
],
[
-117.19799,
32.68651
],
[
-117.21428,
32.68689
],
[
-117.22339,
32.68328
],
[
-117.22726,
32.69335
],
[
-117.22565,
32.7
],
[
-117.22545,
32.70085
],
[
-117.21426,
32.71178
],
[
-117.20452,
32.71455
],
[
-117.19146,
32.71397
],
[
-117.19062,
32.70657
],
[
-117.17279,
32.7
],
[
-117.16628,
32.6976
],
[
-117.16352,
32.68475
],
[
-117.15388,
32.67713
],
[
-117.16042,
32.67101
],
[
-117.14979,
32.65777
],
[
-117.13843,
32.6382
],
[
-117.13602,
32.62581
],
[
-117.12837,
32.6189
],
[
-117.13287,
32.61068
],
[
-117.11569,
32.59939
],
[
-117.10632,
32.605
],
[
-117.10608,
32.61213
],
[
-117.09764,
32.62037
],
[
-117.10862,
32.63011
],
[
-117.11951,
32.64773
],
[
-117.11888,
32.67247
],
[
-117.12893,
32.68447
],
[
-117.14303,
32.69121
],
[
-117.16729,
32.70842
],
[
-117.17343,
32.7148
],
[
-117.17341,
32.72407
],
[
-117.19997,
32.72869
],
[
-117.21304,
32.72802
],
[
-117.21771,
32.72181
],
[
-117.23601,
32.71422
],
[
-117.23936,
32.69006
],
[
-117.23622,
32.67146
],
[
-117.24467,
32.66634
],
[
-117.25028,
32.68926
],
[
-117.25313,
32.69241
],
[
-117.25823,
32.7256
],
[
-117.25262,
32.75205
],
[
-117.23421,
32.76015
],
[
-117.24059,
32.76725
],
[
-117.22538,
32.77409
],
[
-117.21804,
32.788
],
[
-117.20861,
32.78767
],
[
-117.21089,
32.79718
],
[
-117.22979,
32.79549
],
[
-117.2349,
32.77973
],
[
-117.24172,
32.78968
],
[
-117.24928,
32.79139
],
[
-117.28023,
32.82107
],
[
-117.28226,
32.83999
],
[
-117.27401,
32.85082
],
[
-117.26533,
32.84862
],
[
-117.25615,
32.85977
],
[
-117.25123,
32.87632
],
[
-117.25512,
32.90575
],
[
-117.25896,
32.91623
],
[
-117.26327,
32.94339
],
[
-117.26823,
32.95785
],
[
-117.26931,
32.96897
],
[
-117.27995,
33.01162
],
[
-117.29026,
33.03134
],
[
-117.29603,
33.03704
],
[
-117.2986,
33.04795
],
[
-117.31007,
33.07551
],
[
-117.31137,
33.08
],
[
-116.9,
33.08
],
[
-116.0811,
33.08
],
[
-116.08109,
33.07483
],
[
-116.10325,
33.07467
],
[
-116.10294,
33.00005
],
[
-116.1032,
32.87506
],
[
-116.10367,
32.83872
],
[
-116.10315,
32.7265
],
[
-116.10565,
32.72649
],
[
-116.10618,
32.61859
],
[
-116.12585,
32.61667
],
[
-116.21103,
32.61033
],
[
-116.3579,
32.59834
],
[
-116.39009,
32.59602
],
[
-116.49918,
32.58681
],
[
-116.61744,
32.57717
],
[
-116.79475,
32.56246
],
[
-116.85715,
32.55746
],
[
-116.92806,
32.55076
],
[
-116.94604,
32.54983
],
[
-117.02956,
32.54216
],
[
-117.06674,
32.5395
],
[
-117.12378,
32.53429
]
]
]
}
},
{
"type"
:
"Feature",
"properties": {
"Polygon_id"
:
27,
"Area_Name"
:
"SunStrong - CA - Southwest Riverside",
"color"
:
"#E0FFE1",
"fill"
:
"#E0FFE1",
"fill-opacity"
:
0.6,
"stroke"
:
"#000000",
"stroke-width"
:
1
},
"geometry": {
"type"
:
"Polygon",
"coordinates": [
[
[
-117.14372,
33.43263
],
[
-117.15,
33.43256
],
[
-117.1878,
33.43213
],
[
-117.24147,
33.43245
],
[
-117.24167,
33.44893
],
[
-117.37093,
33.49055
],
[
-117.36427,
33.50503
],
[
-117.50972,
33.50502
],
[
-117.50973,
33.50906
],
[
-117.50376,
33.50894
],
[
-117.50318,
33.5204
],
[
-117.50991,
33.52055
],
[
-117.51021,
33.534
],
[
-117.4967,
33.55262
],
[
-117.41299,
33.65905
],
[
-117.45798,
33.69029
],
[
-117.47457,
33.70381
],
[
-117.49712,
33.70551
],
[
-117.534,
33.71036
],
[
-117.53645,
33.75767
],
[
-117.56907,
33.76457
],
[
-117.58079,
33.76948
],
[
-117.60764,
33.79773
],
[
-117.63842,
33.8315
],
[
-117.1,
33.8315
],
[
-117.1,
33.43032
],
[
-117.14372,
33.43263
]
]
]
}
},
{
"type"
:
"Feature",
"properties": {
"Polygon_id"
:
28,
"Area_Name"
:
"SunStrong - CA - Stockton",
"color"
:
"#FFDEAD",
"fill"
:
"#FFDEAD",
"fill-opacity"
:
0.6,
"stroke"
:
"#000000",
"stroke-width"
:
1
},
"geometry": {
"type"
:
"Polygon",
"coordinates": [
[
[
-121.56634,
38.22293
],
[
-121.824,
38.28184
],
[
-121.80701,
38.09038
],
[
-121.69062,
37.90993
],
[
-121.47433,
37.66084
],
[
-121.28619,
37.50726
],
[
-121.09118,
37.36973
],
[
-120.56658,
37.21651
],
[
-120.47595,
37.26079
],
[
-120.43406,
37.28183
],
[
-120.37158,
37.36346
],
[
-120.63525,
38.15385
],
[
-121.2601,
38.15925
],
[
-121.47364,
38.20836
],
[
-121.55707,
38.22644
],
[
-121.56634,
38.22293
]
]
]
}
},
{
"type"
:
"Feature",
"properties": {
"Polygon_id"
:
29,
"Area_Name"
:
"SunStrong - CA - W San Francisco",
"color"
:
"#FFDEAD",
"fill"
:
"#FFDEAD",
"fill-opacity"
:
0.6,
"stroke"
:
"#000000",
"stroke-width"
:
1
},
"geometry": {
"type"
:
"Polygon",
"coordinates": [
[
[
-122.65667,
38.16309
],
[
-122.98901,
38.07558
],
[
-123.06179,
37.97605
],
[
-122.60311,
37.78745
],
[
-122.41017,
37.83845
],
[
-122.43077,
37.96198
],
[
-122.44793,
38.08639
],
[
-122.54544,
38.18792
],
[
-122.65667,
38.16309
]
]
]
}
},
{
"type"
:
"Feature",
"properties": {
"Polygon_id"
:
30,
"Area_Name"
:
"SunStrong - CA - West LA",
"color"
:
"#B3E5FC",
"fill"
:
"#B3E5FC",
"fill-opacity"
:
0.6,
"stroke"
:
"#000000",
"stroke-width"
:
1
},
"geometry": {
"type"
:
"Polygon",
"coordinates": [
[
[
-118.20241,
33.73626
],
[
-118.20691,
33.75079
],
[
-118.2269,
33.77005
],
[
-118.24562,
33.7657
],
[
-118.25069,
33.77043
],
[
-118.26737,
33.75307
],
[
-118.27378,
33.75132
],
[
-118.27871,
33.73825
],
[
-118.27111,
33.72042
],
[
-118.28457,
33.71383
],
[
-118.28283,
33.70921
],
[
-118.29448,
33.70469
],
[
-118.29844,
33.7099
],
[
-118.35,
33.72677
],
[
-118.35132,
33.7272
],
[
-118.36077,
33.73733
],
[
-118.38188,
33.74226
],
[
-118.39813,
33.7361
],
[
-118.41099,
33.74315
],
[
-118.42238,
33.77128
],
[
-118.42827,
33.77448
],
[
-118.41867,
33.78645
],
[
-118.40702,
33.79183
],
[
-118.40759,
33.79739
],
[
-118.39342,
33.80537
],
[
-118.39054,
33.81934
],
[
-118.39082,
33.83781
],
[
-118.40067,
33.85597
],
[
-118.40402,
33.86629
],
[
-118.42565,
33.9097
],
[
-118.45372,
33.95875
],
[
-118.4595,
33.961
],
[
-118.46235,
33.97134
],
[
-118.47871,
33.99006
],
[
-118.50331,
34.01468
],
[
-118.52621,
34.03076
],
[
-118.54595,
34.03884
],
[
-118.55428,
34.03785
],
[
-118.57008,
34.04158
],
[
-118.5845,
34.03745
],
[
-118.59479,
34.03954
],
[
-118.60986,
34.03639
],
[
-118.6233,
34.03786
],
[
-118.63618,
34.03621
],
[
-118.66498,
34.03906
],
[
-118.67807,
34.03586
],
[
-118.68274,
34.0307
],
[
-118.69665,
34.03219
],
[
-118.7066,
34.02954
],
[
-118.73552,
34.03306
],
[
-118.74462,
34.03228
],
[
-118.75613,
34.02575
],
[
-118.78198,
34.02229
],
[
-118.78987,
34.01693
],
[
-118.79422,
34.00759
],
[
-118.80873,
34.00166
],
[
-118.82425,
34.01611
],
[
-118.84118,
34.02809
],
[
-118.85413,
34.03443
],
[
-118.87686,
34.03818
],
[
-118.91547,
34.04164
],
[
-118.92531,
34.04599
],
[
-118.93708,
34.04322
],
[
-118.94485,
34.04566
],
[
-118.9408,
34.07497
],
[
-118.90002,
34.1
],
[
-118.35,
34.1
],
[
-118.25,
34.1
],
[
-118.15,
34.1
],
[
-118.15,
33.75794
],
[
-118.17543,
33.76346
],
[
-118.19098,
33.75962
],
[
-118.19216,
33.75343
],
[
-118.18524,
33.73286
],
[
-118.20241,
33.73626
]
]
]
}
},
{
"type"
:
"Feature",
"properties": {
"Polygon_id"
:
31,
"Area_Name"
:
"SunStrong - CA - Yuba City (OOM)",
"color"
:
"#98FB98",
"fill"
:
"#98FB98",
"fill-opacity"
:
0.6,
"stroke"
:
"#000000",
"stroke-width"
:
1
},
"geometry": {
"type"
:
"Polygon",
"coordinates": [
[
[
-121.58388,
39.04492
],
[
-121.52655,
39.02492
],
[
-121.25827,
39.03977
],
[
-120.92314,
39.28941
],
[
-121.10304,
39.40941
],
[
-121.3777,
39.52603
],
[
-121.58507,
39.55145
],
[
-121.80205,
39.48788
],
[
-121.86659,
39.39668
],
[
-121.95173,
39.19262
],
[
-122.02452,
38.93885
],
[
-121.9998,
38.93298
],
[
-121.76712,
38.9879
],
[
-121.58388,
39.04492
]
]
]
}
},
{
"type"
:
"Feature",
"properties": {
"Polygon_id"
:
32,
"Area_Name"
:
"SunStrong - CO - Denver",
"color"
:
"#FAEBD7",
"fill"
:
"#FAEBD7",
"fill-opacity"
:
0.6,
"stroke"
:
"#000000",
"stroke-width"
:
1
},
"geometry": {
"type"
:
"Polygon",
"coordinates": [
[
[
-104.99544,
40.64222
],
[
-105.92379,
40.45021
],
[
-105.91048,
40.17944
],
[
-105.81298,
39.83758
],
[
-105.53638,
39.39823
],
[
-105.24524,
39.23248
],
[
-104.86621,
39.13029
],
[
-104.50366,
39.13242
],
[
-104.32788,
39.47035
],
[
-104.32239,
39.82564
],
[
-104.38281,
40.13987
],
[
-104.43774,
40.3516
],
[
-104.59437,
40.52213
],
[
-104.99544,
40.64222
]
]
]
}
},
{
"type"
:
"Feature",
"properties": {
"Polygon_id"
:
33,
"Area_Name"
:
"SunStrong - CO - Non-Denver (OOM)",
"color"
:
"#E0FFFF",
"fill"
:
"#E0FFFF",
"fill-opacity"
:
0.6,
"stroke"
:
"#000000",
"stroke-width"
:
1
},
"geometry": {
"type"
:
"Polygon",
"coordinates": [
[
[
-109.04522,
36.9989
],
[
-102.03752,
36.99458
],
[
-102.05219,
41.0033
],
[
-109.05096,
41.00091
],
[
-109.05064,
40.53447
],
[
-105.92307,
40.44985
],
[
-104.99541,
40.6414
],
[
-104.59167,
40.52198
],
[
-104.4358,
40.35108
],
[
-104.32194,
39.82447
],
[
-104.32704,
39.47018
],
[
-104.50339,
39.13233
],
[
-104.86388,
39.13019
],
[
-105.24529,
39.23258
],
[
-105.53631,
39.39815
],
[
-105.81523,
39.84186
],
[
-105.91231,
40.17945
],
[
-105.92376,
40.44971
],
[
-109.05103,
40.53594
],
[
-109.04522,
36.9989
]
]
]
}
},
{
"type"
:
"Feature",
"properties": {
"Polygon_id"
:
34,
"Area_Name"
:
"SunStrong - CT - Fairfield County",
"color"
:
"#DBF9DB",
"fill"
:
"#DBF9DB",
"fill-opacity"
:
0.6,
"stroke"
:
"#000000",
"stroke-width"
:
1
},
"geometry": {
"type"
:
"Polygon",
"coordinates": [
[
[
-73.51747,
41.66665
],
[
-73.51602,
41.66596
],
[
-73.51038,
41.6665
],
[
-73.50692,
41.6658
],
[
-73.44147,
41.49129
],
[
-73.33157,
41.47268
],
[
-73.32677,
41.46952
],
[
-73.31287,
41.46742
],
[
-73.31047,
41.46882
],
[
-73.20769,
41.42054
],
[
-73.18486,
41.4063
],
[
-73.18796,
41.3973
],
[
-73.18327,
41.39171
],
[
-73.17336,
41.3836
],
[
-73.16125,
41.38385
],
[
-73.14756,
41.3677
],
[
-73.13605,
41.3512
],
[
-73.11575,
41.3322
],
[
-73.09094,
41.31926
],
[
-73.08665,
41.3145
],
[
-73.07895,
41.3116
],
[
-73.07765,
41.3077
],
[
-73.07535,
41.3056
],
[
-73.06785,
41.301
],
[
-72.9851,
41.23436
],
[
-72.99091,
41.22179
],
[
-73.00755,
41.2102
],
[
-73.01495,
41.2043
],
[
-73.02015,
41.2041
],
[
-73.02045,
41.2064
],
[
-73.02255,
41.2072
],
[
-73.03789,
41.20127
],
[
-73.05065,
41.2102
],
[
-73.05935,
41.2067
],
[
-73.06339,
41.19609
],
[
-73.07945,
41.19402
],
[
-73.0976,
41.17103
],
[
-73.10799,
41.16874
],
[
-73.10539,
41.16377
],
[
-73.11035,
41.1597
],
[
-73.09479,
41.15062
],
[
-73.11105,
41.1508
],
[
-73.13025,
41.1468
],
[
-73.16904,
41.15833
],
[
-73.1721,
41.15854
],
[
-73.1707,
41.16495
],
[
-73.17777,
41.1667
],
[
-73.18283,
41.15904
],
[
-73.20266,
41.1581
],
[
-73.2159,
41.14053
],
[
-73.2283,
41.1426
],
[
-73.23274,
41.1418
],
[
-73.24161,
41.12627
],
[
-73.26236,
41.1175
],
[
-73.27456,
41.1183
],
[
-73.28676,
41.1279
],
[
-73.30185,
41.11082
],
[
-73.31186,
41.1163
],
[
-73.33066,
41.11
],
[
-73.35319,
41.10119
],
[
-73.36243,
41.096
],
[
-73.38736,
41.08304
],
[
-73.395,
41.08106
],
[
-73.4068,
41.06756
],
[
-73.4312,
41.05307
],
[
-73.44916,
41.04409
],
[
-73.46824,
41.05135
],
[
-73.47246,
41.04228
],
[
-73.47925,
41.03477
],
[
-73.49316,
41.03736
],
[
-73.50546,
41.03109
],
[
-73.5169,
41.03874
],
[
-73.51677,
41.0295
],
[
-73.52267,
41.0193
],
[
-73.52887,
41.0164
],
[
-73.53117,
41.02192
],
[
-73.53019,
41.02878
],
[
-73.53279,
41.03167
],
[
-73.53525,
41.02985
],
[
-73.54609,
41.02175
],
[
-73.55656,
41.01673
],
[
-73.56767,
41.0109
],
[
-73.57007,
41.0016
],
[
-73.58397,
41.0009
],
[
-73.5892,
41.00332
],
[
-73.58499,
41.01054
],
[
-73.59596,
41.00939
],
[
-73.61357,
40.9988
],
[
-73.64348,
41.00217
],
[
-73.65117,
40.99523
],
[
-73.65734,
40.98517
],
[
-73.6592,
40.98756
],
[
-73.66021,
41.00057
],
[
-73.65467,
41.0117
],
[
-73.67047,
41.0301
],
[
-73.72777,
41.1007
],
[
-73.48271,
41.21276
],
[
-73.55096,
41.29542
],
[
-73.54473,
41.36638
],
[
-73.53697,
41.44109
],
[
-73.53007,
41.52719
],
[
-73.52146,
41.61643
],
[
-73.51747,
41.66665
]
]
]
}
},
{
"type"
:
"Feature",
"properties": {
"Polygon_id"
:
35,
"Area_Name"
:
"SunStrong - CT - Hartford County",
"color"
:
"#E1F5FE",
"fill"
:
"#E1F5FE",
"fill-opacity"
:
0.6,
"stroke"
:
"#000000",
"stroke-width"
:
1
},
"geometry": {
"type"
:
"Polygon",
"coordinates": [
[
[
-72.75218,
41.57889
],
[
-72.94635,
41.5568
],
[
-72.98325,
41.6396
],
[
-73.01694,
41.79818
],
[
-72.94902,
41.80643
],
[
-72.88706,
41.97312
],
[
-73.02954,
41.96661
],
[
-73.00874,
42.03936
],
[
-72.81354,
42.03649
],
[
-72.81674,
41.9976
],
[
-72.76674,
42.003
],
[
-72.76614,
42.0077
],
[
-72.75815,
42.02087
],
[
-72.75747,
42.02095
],
[
-72.75584,
42.0362
],
[
-72.69593,
42.03679
],
[
-72.50919,
42.03461
],
[
-72.49273,
41.9475
],
[
-72.51333,
41.9454
],
[
-72.51733,
41.8699
],
[
-72.4639,
41.74557
],
[
-72.41063,
41.6018
],
[
-72.41723,
41.5906
],
[
-72.46673,
41.5839
],
[
-72.54423,
41.6427
],
[
-72.63052,
41.63328
],
[
-72.62784,
41.6402
],
[
-72.71454,
41.60431
],
[
-72.73167,
41.59578
],
[
-72.75294,
41.5925
],
[
-72.75218,
41.57889
]
]
]
}
},
{
"type"
:
"Feature",
"properties": {
"Polygon_id"
:
36,
"Area_Name"
:
"SunStrong - CT - Litchfield County",
"color"
:
"#FFB7C5",
"fill"
:
"#FFB7C5",
"fill-opacity"
:
0.6,
"stroke"
:
"#000000",
"stroke-width"
:
1
},
"geometry": {
"type"
:
"Polygon",
"coordinates": [
[
[
-73.14504,
41.55782
],
[
-73.16468,
41.55709
],
[
-73.15573,
41.51528
],
[
-73.31889,
41.50519
],
[
-73.32711,
41.48453
],
[
-73.31047,
41.46882
],
[
-73.31287,
41.46742
],
[
-73.32677,
41.46952
],
[
-73.33157,
41.47268
],
[
-73.44147,
41.49129
],
[
-73.50692,
41.6658
],
[
-73.51038,
41.6665
],
[
-73.51602,
41.66596
],
[
-73.51747,
41.66665
],
[
-73.48731,
42.04964
],
[
-73.29442,
42.04698
],
[
-73.05325,
42.03986
],
[
-73.00874,
42.03936
],
[
-73.02954,
41.96661
],
[
-72.88706,
41.97312
],
[
-72.94902,
41.80643
],
[
-73.01694,
41.79818
],
[
-72.98325,
41.6396
],
[
-73.00405,
41.62858
],
[
-73.02147,
41.6271
],
[
-73.01865,
41.6141
],
[
-73.03616,
41.6152
],
[
-73.05802,
41.60674
],
[
-73.14504,
41.55782
]
]
]
}
},
{
"type"
:
"Feature",
"properties": {
"Polygon_id"
:
37,
"Area_Name"
:
"SunStrong - CT - Middlesex County",
"color"
:
"#F8C8DC",
"fill"
:
"#F8C8DC",
"fill-opacity"
:
0.6,
"stroke"
:
"#000000",
"stroke-width"
:
1
},
"geometry": {
"type"
:
"Polygon",
"coordinates": [
[
[
-72.32293,
41.51812
],
[
-72.30553,
41.43628
],
[
-72.43371,
41.424
],
[
-72.34146,
41.28011
],
[
-72.34864,
41.27745
],
[
-72.33737,
41.2717
],
[
-72.34223,
41.26776
],
[
-72.36726,
41.26226
],
[
-72.38817,
41.26025
],
[
-72.39455,
41.2656
],
[
-72.39869,
41.27817
],
[
-72.42436,
41.26937
],
[
-72.45193,
41.27889
],
[
-72.47031,
41.26675
],
[
-72.48569,
41.27088
],
[
-72.49953,
41.26587
],
[
-72.50655,
41.2552
],
[
-72.5202,
41.25338
],
[
-72.51866,
41.26125
],
[
-72.52131,
41.2656
],
[
-72.52942,
41.26442
],
[
-72.53325,
41.26269
],
[
-72.53675,
41.25621
],
[
-72.53778,
41.25565
],
[
-72.67874,
41.4338
],
[
-72.68254,
41.4338
],
[
-72.74614,
41.4233
],
[
-72.73389,
41.48537
],
[
-72.74333,
41.48311
],
[
-72.75294,
41.5925
],
[
-72.73167,
41.59578
],
[
-72.71454,
41.60431
],
[
-72.62784,
41.6402
],
[
-72.63052,
41.63328
],
[
-72.54423,
41.6427
],
[
-72.46673,
41.5839
],
[
-72.43077,
41.52457
],
[
-72.32293,
41.51812
]
]
]
}
},
{
"type"
:
"Feature",
"properties": {
"Polygon_id"
:
38,
"Area_Name"
:
"SunStrong - CT - New Haven County",
"color"
:
"#D1F2EB",
"fill"
:
"#D1F2EB",
"fill-opacity"
:
0.6,
"stroke"
:
"#000000",
"stroke-width"
:
1
},
"geometry": {
"type"
:
"Polygon",
"coordinates": [
[
[
-73.15573,
41.51528
],
[
-73.16468,
41.55709
],
[
-73.14504,
41.55782
],
[
-73.05802,
41.60674
],
[
-73.03616,
41.6152
],
[
-73.01865,
41.6141
],
[
-73.02147,
41.6271
],
[
-73.00405,
41.62858
],
[
-72.98325,
41.6396
],
[
-72.94635,
41.5568
],
[
-72.75218,
41.57889
],
[
-72.74333,
41.48311
],
[
-72.73389,
41.48537
],
[
-72.74614,
41.4233
],
[
-72.68254,
41.4338
],
[
-72.67874,
41.4338
],
[
-72.53778,
41.25565
],
[
-72.53688,
41.24978
],
[
-72.53976,
41.24468
],
[
-72.54724,
41.2505
],
[
-72.57114,
41.2681
],
[
-72.58334,
41.2717
],
[
-72.59804,
41.2687
],
[
-72.60755,
41.26912
],
[
-72.61724,
41.272
],
[
-72.6299,
41.26492
],
[
-72.64154,
41.267
],
[
-72.64898,
41.26438
],
[
-72.65384,
41.2659
],
[
-72.65885,
41.26439
],
[
-72.66284,
41.2692
],
[
-72.66819,
41.26474
],
[
-72.67234,
41.267
],
[
-72.67512,
41.25172
],
[
-72.68374,
41.25547
],
[
-72.68554,
41.2513
],
[
-72.69044,
41.2467
],
[
-72.69474,
41.24497
],
[
-72.7043,
41.24272
],
[
-72.7106,
41.24448
],
[
-72.71394,
41.24694
],
[
-72.71367,
41.24901
],
[
-72.71121,
41.25102
],
[
-72.71246,
41.25417
],
[
-72.71874,
41.25543
],
[
-72.72244,
41.25914
],
[
-72.73281,
41.25473
],
[
-72.75195,
41.2583
],
[
-72.75444,
41.26691
],
[
-72.75748,
41.26691
],
[
-72.77327,
41.26282
],
[
-72.78614,
41.2648
],
[
-72.79351,
41.24252
],
[
-72.82045,
41.2454
],
[
-72.81937,
41.25406
],
[
-72.82688,
41.25676
],
[
-72.83595,
41.24691
],
[
-72.84777,
41.25669
],
[
-72.85021,
41.25554
],
[
-72.84595,
41.24674
],
[
-72.85406,
41.24774
],
[
-72.86134,
41.2453
],
[
-72.88145,
41.2426
],
[
-72.89531,
41.23947
],
[
-72.89544,
41.2437
],
[
-72.90435,
41.2473
],
[
-72.90524,
41.2483
],
[
-72.90305,
41.2528
],
[
-72.89475,
41.2562
],
[
-72.89385,
41.2599
],
[
-72.9082,
41.28293
],
[
-72.91683,
41.28203
],
[
-72.92006,
41.28006
],
[
-72.92085,
41.2689
],
[
-72.93565,
41.2585
],
[
-72.96205,
41.2516
],
[
-72.97494,
41.23162
],
[
-72.9851,
41.23436
],
[
-73.06785,
41.301
],
[
-73.07535,
41.3056
],
[
-73.07765,
41.3077
],
[
-73.07895,
41.3116
],
[
-73.08665,
41.3145
],
[
-73.09094,
41.31926
],
[
-73.11575,
41.3322
],
[
-73.13605,
41.3512
],
[
-73.14756,
41.3677
],
[
-73.16125,
41.38385
],
[
-73.17336,
41.3836
],
[
-73.18327,
41.39171
],
[
-73.18796,
41.3973
],
[
-73.18486,
41.4063
],
[
-73.20769,
41.42054
],
[
-73.31047,
41.46882
],
[
-73.32711,
41.48453
],
[
-73.31889,
41.50519
],
[
-73.15573,
41.51528
]
]
]
}
},
{
"type"
:
"Feature",
"properties": {
"Polygon_id"
:
39,
"Area_Name"
:
"SunStrong - CT - New London County",
"color"
:
"#FFE4E1",
"fill"
:
"#FFE4E1",
"fill-opacity"
:
0.6,
"stroke"
:
"#000000",
"stroke-width"
:
1
},
"geometry": {
"type"
:
"Polygon",
"coordinates": [
[
[
-72.15755,
41.65763
],
[
-72.15339,
41.66564
],
[
-72.12033,
41.66192
],
[
-71.95498,
41.6348
],
[
-71.78947,
41.64002
],
[
-71.78936,
41.59691
],
[
-71.79768,
41.41671
],
[
-71.81839,
41.4196
],
[
-71.83965,
41.41212
],
[
-71.84256,
41.40986
],
[
-71.84347,
41.40583
],
[
-71.84213,
41.39536
],
[
-71.83344,
41.38452
],
[
-71.83161,
41.3709
],
[
-71.83124,
41.34465
],
[
-71.83253,
41.3412
],
[
-71.83978,
41.33469
],
[
-71.85957,
41.3224
],
[
-71.86926,
41.32746
],
[
-71.88609,
41.33499
],
[
-71.90352,
41.32614
],
[
-71.9162,
41.32703
],
[
-71.93049,
41.32825
],
[
-71.93628,
41.33796
],
[
-71.94282,
41.33603
],
[
-71.95177,
41.32665
],
[
-71.9646,
41.31718
],
[
-71.97945,
41.32999
],
[
-71.98219,
41.32986
],
[
-71.98609,
41.31684
],
[
-72.00571,
41.30272
],
[
-72.02447,
41.31181
],
[
-72.05748,
41.30934
],
[
-72.08449,
41.31963
],
[
-72.0911,
41.30733
],
[
-72.09982,
41.307
],
[
-72.11182,
41.2991
],
[
-72.13422,
41.2994
],
[
-72.17694,
41.30343
],
[
-72.17392,
41.3176
],
[
-72.17783,
41.31831
],
[
-72.17762,
41.3225
],
[
-72.18412,
41.324
],
[
-72.19102,
41.3232
],
[
-72.20142,
41.3157
],
[
-72.20302,
41.3132
],
[
-72.19956,
41.28504
],
[
-72.21216,
41.28375
],
[
-72.22451,
41.28743
],
[
-72.23377,
41.29034
],
[
-72.23553,
41.30041
],
[
-72.24816,
41.29949
],
[
-72.2519,
41.29862
],
[
-72.25051,
41.29439
],
[
-72.25132,
41.29
],
[
-72.26149,
41.28293
],
[
-72.31776,
41.27778
],
[
-72.3276,
41.27846
],
[
-72.33389,
41.28292
],
[
-72.34146,
41.28011
],
[
-72.43371,
41.424
],
[
-72.30553,
41.43628
],
[
-72.32293,
41.51812
],
[
-72.43077,
41.52457
],
[
-72.46673,
41.5839
],
[
-72.41723,
41.5906
],
[
-72.41063,
41.6018
],
[
-72.23956,
41.71419
],
[
-72.18665,
41.67628
],
[
-72.15755,
41.65763
]
]
]
}
},
{
"type"
:
"Feature",
"properties": {
"Polygon_id"
:
40,
"Area_Name"
:
"SunStrong - CT - North",
"color"
:
"#FFC0CB",
"fill"
:
"#FFC0CB",
"fill-opacity"
:
0.6,
"stroke"
:
"#000000",
"stroke-width"
:
1
},
"geometry": {
"type"
:
"Polygon",
"coordinates": [
[
[
-73.52273,
41.62175
],
[
-73.48998,
42.04862
],
[
-73.4264,
42.05087
],
[
-72.81351,
42.03629
],
[
-72.81711,
41.99777
],
[
-72.76905,
42.00288
],
[
-72.75634,
42.03616
],
[
-72.70072,
42.0368
],
[
-72.6082,
42.03093
],
[
-72.6082,
42.02621
],
[
-72.58314,
42.02532
],
[
-72.57507,
42.02966
],
[
-72.53421,
42.03399
],
[
-72.17611,
42.03164
],
[
-72.02744,
42.02777
],
[
-71.80424,
42.02358
],
[
-71.80057,
42.02356
],
[
-71.79951,
42.0089
],
[
-71.79773,
41.93113
],
[
-71.79418,
41.83878
],
[
-71.78707,
41.6547
],
[
-71.78793,
41.62878
],
[
-73.52273,
41.62175
]
]
]
}
},
{
"type"
:
"Feature",
"properties": {
"Polygon_id"
:
41,
"Area_Name"
:
"SunStrong - CT - South",
"color"
:
"#B3E5FC",
"fill"
:
"#B3E5FC",
"fill-opacity"
:
0.6,
"stroke"
:
"#000000",
"stroke-width"
:
1
},
"geometry": {
"type"
:
"Polygon",
"coordinates": [
[
[
-73.52232,
41.62198
],
[
-71.78785,
41.62916
],
[
-71.79747,
41.4153
],
[
-71.82356,
41.41942
],
[
-71.84416,
41.41015
],
[
-71.82905,
41.38337
],
[
-71.83317,
41.36379
],
[
-71.8318,
41.33802
],
[
-71.86064,
41.32048
],
[
-71.88948,
41.33286
],
[
-73.64866,
40.97509
],
[
-73.65981,
40.9874
],
[
-73.65946,
41.00166
],
[
-73.65637,
41.01435
],
[
-73.72787,
41.10074
],
[
-73.4831,
41.21269
],
[
-73.5512,
41.29572
],
[
-73.52232,
41.62198
]
]
]
}
},
{
"type"
:
"Feature",
"properties": {
"Polygon_id"
:
42,
"Area_Name"
:
"SunStrong - CT - Tolland County",
"color"
:
"#FFD1DC",
"fill"
:
"#FFD1DC",
"fill-opacity"
:
0.6,
"stroke"
:
"#000000",
"stroke-width"
:
1
},
"geometry": {
"type"
:
"Polygon",
"coordinates": [
[
[
-72.10216,
42.02896
],
[
-72.09923,
41.95895
],
[
-72.15165,
41.9593
],
[
-72.21698,
41.95816
],
[
-72.21772,
41.83518
],
[
-72.16456,
41.83491
],
[
-72.15689,
41.75382
],
[
-72.15632,
41.75349
],
[
-72.23956,
41.71419
],
[
-72.41063,
41.6018
],
[
-72.4639,
41.74557
],
[
-72.51733,
41.8699
],
[
-72.51333,
41.9454
],
[
-72.49273,
41.9475
],
[
-72.50919,
42.03461
],
[
-72.13569,
42.03025
],
[
-72.10216,
42.02896
]
]
]
}
},
{
"type"
:
"Feature",
"properties": {
"Polygon_id"
:
43,
"Area_Name"
:
"SunStrong - CT - Windham County",
"color"
:
"#FFE4E1",
"fill"
:
"#FFE4E1",
"fill-opacity"
:
0.6,
"stroke"
:
"#000000",
"stroke-width"
:
1
},
"geometry": {
"type"
:
"Polygon",
"coordinates": [
[
[
-72.09923,
41.95895
],
[
-72.10216,
42.02896
],
[
-72.05975,
42.02734
],
[
-71.80065,
42.02357
],
[
-71.79924,
42.00807
],
[
-71.79416,
41.84014
],
[
-71.78968,
41.72473
],
[
-71.78947,
41.64002
],
[
-71.95498,
41.6348
],
[
-72.12033,
41.66192
],
[
-72.15339,
41.66564
],
[
-72.15755,
41.65763
],
[
-72.18665,
41.67628
],
[
-72.23956,
41.71419
],
[
-72.15632,
41.75349
],
[
-72.15689,
41.75382
],
[
-72.16456,
41.83491
],
[
-72.21772,
41.83518
],
[
-72.21698,
41.95816
],
[
-72.15165,
41.9593
],
[
-72.09923,
41.95895
]
]
]
}
},
{
"type"
:
"Feature",
"properties": {
"Polygon_id"
:
44,
"Area_Name"
:
"SunStrong - DC (OOM)",
"color"
:
"#DCEDC8",
"fill"
:
"#DCEDC8",
"fill-opacity"
:
0.6,
"stroke"
:
"#000000",
"stroke-width"
:
1
},
"geometry": {
"type"
:
"Polygon",
"coordinates": [
[
[
-77.04063,
38.99511
],
[
-76.97643,
38.9454
],
[
-76.94413,
38.92041
],
[
-76.90946,
38.89289
],
[
-76.9743,
38.84236
],
[
-77.03867,
38.7916
],
[
-77.03902,
38.8011
],
[
-77.03696,
38.81374
],
[
-77.03833,
38.81735
],
[
-77.03278,
38.84474
],
[
-77.03039,
38.8562
],
[
-77.03734,
38.86856
],
[
-77.04978,
38.8815
],
[
-77.05647,
38.89072
],
[
-77.06695,
38.89887
],
[
-77.08257,
38.90517
],
[
-77.09596,
38.90851
],
[
-77.10402,
38.91812
],
[
-77.11381,
38.93135
],
[
-77.11759,
38.93415
],
[
-77.11915,
38.935
],
[
-77.1055,
38.94522
],
[
-77.07383,
38.96905
],
[
-77.04063,
38.99511
]
]
]
}
},
{
"type"
:
"Feature",
"properties": {
"Polygon_id"
:
45,
"Area_Name"
:
"SunStrong - DE (OOM)",
"color"
:
"#FFC0CB",
"fill"
:
"#FFC0CB",
"fill-opacity"
:
0.6,
"stroke"
:
"#000000",
"stroke-width"
:
1
},
"geometry": {
"type"
:
"Polygon",
"coordinates": [
[
[
-75.69013,
38.46015
],
[
-74.9822,
38.45262
],
[
-75.01143,
38.79694
],
[
-75.30257,
39.12157
],
[
-75.57997,
39.54221
],
[
-75.57079,
39.62869
],
[
-75.41973,
39.79771
],
[
-75.54744,
39.83569
],
[
-75.64563,
39.82409
],
[
-75.73764,
39.7708
],
[
-75.75962,
39.7386
],
[
-75.76648,
39.71959
],
[
-75.78571,
39.71854
],
[
-75.78219,
39.57737
],
[
-75.72863,
38.98748
],
[
-75.68743,
38.47326
],
[
-75.69013,
38.46015
]
]
]
}
},
{
"type"
:
"Feature",
"properties": {
"Polygon_id"
:
46,
"Area_Name"
:
"SunStrong - FL - East Orlando",
"color"
:
"#DCD0FF",
"fill"
:
"#DCD0FF",
"fill-opacity"
:
0.6,
"stroke"
:
"#000000",
"stroke-width"
:
1
},
"geometry": {
"type"
:
"Polygon",
"coordinates": [
[
[
-81.47197,
29.26333
],
[
-81.51866,
29.24416
],
[
-81.45069,
29.03545
],
[
-81.40257,
28.8907
],
[
-81.40188,
28.4669
],
[
-81.41424,
28.27145
],
[
-81.45638,
28.13151
],
[
-81.45853,
28.11834
],
[
-81.4987,
27.81572
],
[
-81.12422,
27.80224
],
[
-80.56572,
28.1841
],
[
-80.58769,
28.39693
],
[
-80.50529,
28.45732
],
[
-80.62614,
28.70815
],
[
-81.05164,
29.3782
],
[
-81.47197,
29.26333
]
]
]
}
},
{
"type"
:
"Feature",
"properties": {
"Polygon_id"
:
47,
"Area_Name"
:
"SunStrong - FL - Florida Keys (OOM)",
"color"
:
"#ADD8E6",
"fill"
:
"#ADD8E6",
"fill-opacity"
:
0.6,
"stroke"
:
"#000000",
"stroke-width"
:
1
},
"geometry": {
"type"
:
"Polygon",
"coordinates": [
[
[
-80.19459,
25.53302
],
[
-80.27355,
25.38453
],
[
-80.32196,
25.33784
],
[
-80.36831,
25.28896
],
[
-80.41243,
25.24472
],
[
-80.43449,
25.22259
],
[
-80.45603,
25.20093
],
[
-80.58872,
25.15758
],
[
-80.67112,
25.13117
],
[
-80.70065,
25.12169
],
[
-80.76039,
25.11718
],
[
-80.84278,
24.99215
],
[
-80.82836,
24.88008
],
[
-81.51226,
24.8078
],
[
-81.82953,
24.63081
],
[
-82.16873,
24.62332
],
[
-82.17971,
24.51778
],
[
-81.79931,
24.49404
],
[
-81.36741,
24.60209
],
[
-81.03164,
24.68198
],
[
-80.60455,
24.90514
],
[
-80.41092,
25.07442
],
[
-80.33629,
25.16299
],
[
-80.16978,
25.4442
],
[
-80.15501,
25.54275
],
[
-80.19459,
25.53302
]
]
]
}
},
{
"type"
:
"Feature",
"properties": {
"Polygon_id"
:
48,
"Area_Name"
:
"SunStrong - FL - Fort Myers",
"color"
:
"#FFF8DC",
"fill"
:
"#FFF8DC",
"fill-opacity"
:
0.6,
"stroke"
:
"#000000",
"stroke-width"
:
1
},
"geometry": {
"type"
:
"Polygon",
"coordinates": [
[
[
-82.55644,
27.24679
],
[
-82.32573,
26.85541
],
[
-82.27629,
26.66903
],
[
-82.23647,
26.60397
],
[
-82.18566,
26.43194
],
[
-82.00438,
26.40857
],
[
-81.97966,
26.42825
],
[
-81.86568,
26.32613
],
[
-81.82771,
26.09922
],
[
-81.74531,
25.82264
],
[
-81.29386,
25.8024
],
[
-81.01645,
26.64749
],
[
-81.25541,
27.07587
],
[
-81.46964,
27.20296
],
[
-81.82395,
27.29819
],
[
-82.11234,
27.24448
],
[
-82.55644,
27.24679
]
]
]
}
},
{
"type"
:
"Feature",
"properties": {
"Polygon_id"
:
49,
"Area_Name"
:
"SunStrong - FL - Jacksonville (OOM)",
"color"
:
"#B3E5FC",
"fill"
:
"#B3E5FC",
"fill-opacity"
:
0.6,
"stroke"
:
"#000000",
"stroke-width"
:
1
},
"geometry": {
"type"
:
"Polygon",
"coordinates": [
[
[
-81.43035,
30.71229
],
[
-81.49352,
30.72292
],
[
-81.54708,
30.72528
],
[
-81.67754,
30.75597
],
[
-81.73384,
30.75125
],
[
-81.7874,
30.78311
],
[
-81.85332,
30.79608
],
[
-81.89726,
30.82675
],
[
-81.95769,
30.83029
],
[
-82.03322,
30.79019
],
[
-82.05657,
30.75125
],
[
-82.05657,
30.71465
],
[
-82.06893,
30.66742
],
[
-82.04283,
30.60361
],
[
-82.02498,
30.56105
],
[
-82.03597,
30.53266
],
[
-82.03734,
30.46758
],
[
-82.05794,
30.43088
],
[
-82.05794,
30.38825
],
[
-82.06206,
30.35981
],
[
-82.11287,
30.36929
],
[
-82.19252,
30.27683
],
[
-82.23647,
29.97513
],
[
-82.20625,
29.76912
],
[
-82.15132,
29.5794
],
[
-81.9673,
29.47544
],
[
-81.57591,
29.34744
],
[
-81.41661,
29.27679
],
[
-81.05956,
29.37377
],
[
-81.26143,
29.81917
],
[
-81.35344,
30.16766
],
[
-81.39779,
30.39127
],
[
-81.42389,
30.53568
],
[
-81.43035,
30.71229
]
]
]
}
},
{
"type"
:
"Feature",
"properties": {
"Polygon_id"
:
50,
"Area_Name"
:
"SunStrong - FL - Melbourne",
"color"
:
"#E0FFFF",
"fill"
:
"#E0FFFF",
"fill-opacity"
:
0.6,
"stroke"
:
"#000000",
"stroke-width"
:
1
},
"geometry": {
"type"
:
"Polygon",
"coordinates": [
[
[
-80.56454,
28.18135
],
[
-80.76092,
28.05418
],
[
-80.92051,
27.94507
],
[
-81.03896,
27.86437
],
[
-80.95416,
27.7204
],
[
-80.93059,
27.25689
],
[
-80.92988,
27.25729
],
[
-80.92374,
27.25954
],
[
-80.75395,
27.3251
],
[
-80.58347,
27.39062
],
[
-80.43825,
27.42171
],
[
-80.36546,
27.43329
],
[
-80.29302,
27.44091
],
[
-80.26607,
27.44715
],
[
-80.25549,
27.44728
],
[
-80.35986,
27.70473
],
[
-80.56729,
28.1871
],
[
-80.66307,
28.11824
],
[
-80.56454,
28.18135
]
]
]
}
},
{
"type"
:
"Feature",
"properties": {
"Polygon_id"
:
51,
"Area_Name"
:
"SunStrong - FL - Miami",
"color"
:
"#B3E5FC",
"fill"
:
"#B3E5FC",
"fill-opacity"
:
0.6,
"stroke"
:
"#000000",
"stroke-width"
:
1
},
"geometry": {
"type"
:
"Polygon",
"coordinates": [
[
[
-80.50868,
25.41986
],
[
-80.33015,
25.44838
],
[
-80.31642,
25.54383
],
[
-80.25599,
25.67633
],
[
-80.23265,
25.72831
],
[
-80.18733,
25.74439
],
[
-80.16673,
25.72088
],
[
-80.18458,
25.6751
],
[
-80.14201,
25.65901
],
[
-80.14476,
25.73449
],
[
-80.09807,
25.87173
],
[
-80.11798,
25.92238
],
[
-80.10081,
26.13278
],
[
-80.0646,
26.36864
],
[
-80.03371,
26.58192
],
[
-80.02848,
26.734
],
[
-80.02436,
26.80389
],
[
-80.20003,
26.81003
],
[
-80.20827,
26.69108
],
[
-80.21513,
26.379
],
[
-80.31538,
26.3027
],
[
-80.31538,
26.19678
],
[
-80.37856,
26.13145
],
[
-80.44722,
26.15611
],
[
-80.43623,
25.95501
],
[
-80.49254,
25.8982
],
[
-80.49254,
25.76594
],
[
-80.49391,
25.67562
],
[
-80.5461,
25.54931
],
[
-80.5461,
25.43527
],
[
-80.50868,
25.41986
]
]
]
}
},
{
"type"
:
"Feature",
"properties": {
"Polygon_id"
:
52,
"Area_Name"
:
"SunStrong - FL - North Central (OOM)",
"color"
:
"#FFB7C5",
"fill"
:
"#FFB7C5",
"fill-opacity"
:
0.6,
"stroke"
:
"#000000",
"stroke-width"
:
1
},
"geometry": {
"type"
:
"Polygon",
"coordinates": [
[
[
-83.63584,
30.65471
],
[
-83.00962,
30.61808
],
[
-82.21998,
30.56962
],
[
-82.22547,
30.51521
],
[
-82.19251,
30.48681
],
[
-82.2035,
30.44065
],
[
-82.19938,
30.40157
],
[
-82.17054,
30.36247
],
[
-82.11149,
30.37314
],
[
-82.19663,
30.27712
],
[
-82.23101,
30.02231
],
[
-82.24062,
29.97593
],
[
-82.21041,
29.77826
],
[
-82.15045,
29.57922
],
[
-81.96736,
29.47578
],
[
-81.80163,
29.42099
],
[
-81.67803,
29.38061
],
[
-81.61452,
29.35996
],
[
-81.57675,
29.3474
],
[
-81.52388,
29.32375
],
[
-81.48886,
29.30848
],
[
-81.41985,
29.27764
],
[
-81.47135,
29.26387
],
[
-81.54722,
29.23211
],
[
-81.65537,
29.18567
],
[
-81.9869,
29.0449
],
[
-82.07611,
28.93326
],
[
-82.10563,
28.72452
],
[
-82.11662,
28.66068
],
[
-82.66731,
28.66309
],
[
-82.72911,
28.71609
],
[
-82.70619,
28.77552
],
[
-82.75426,
28.78876
],
[
-82.76044,
28.85132
],
[
-82.69727,
28.89522
],
[
-82.73297,
28.9439
],
[
-82.79546,
28.93789
],
[
-82.81674,
28.98175
],
[
-82.76044,
29.01538
],
[
-82.7673,
29.046
],
[
-82.8037,
29.0514
],
[
-82.83803,
29.10421
],
[
-82.80301,
29.10781
],
[
-82.82635,
29.151
],
[
-82.98492,
29.16803
],
[
-83.02698,
29.09365
],
[
-83.10154,
29.09213
],
[
-83.10223,
29.14117
],
[
-83.07511,
29.17895
],
[
-83.10274,
29.19663
],
[
-83.09047,
29.22547
],
[
-83.08111,
29.25577
],
[
-83.17527,
29.28777
],
[
-83.21441,
29.36919
],
[
-83.30779,
29.43738
],
[
-83.41972,
29.50732
],
[
-83.4259,
29.66019
],
[
-83.49731,
29.68703
],
[
-83.59275,
29.75799
],
[
-83.67927,
29.89976
],
[
-83.57129,
30.09558
],
[
-83.61181,
30.37554
],
[
-83.63584,
30.65471
]
]
]
}
},
{
"type"
:
"Feature",
"properties": {
"Polygon_id"
:
53,
"Area_Name"
:
"SunStrong - FL - Panhandle (OOM)",
"color"
:
"#FAFAD2",
"fill"
:
"#FAFAD2",
"fill-opacity"
:
0.6,
"stroke"
:
"#000000",
"stroke-width"
:
1
},
"geometry": {
"type"
:
"Polygon",
"coordinates": [
[
[
-87.60023,
30.99844
],
[
-87.58787,
30.95841
],
[
-87.63456,
30.8671
],
[
-87.61465,
30.83409
],
[
-87.59748,
30.81817
],
[
-87.52871,
30.74543
],
[
-87.50152,
30.71953
],
[
-87.47268,
30.70596
],
[
-87.46169,
30.6971
],
[
-87.40607,
30.67348
],
[
-87.40195,
30.65576
],
[
-87.3944,
30.63095
],
[
-87.4047,
30.60199
],
[
-87.42736,
30.56002
],
[
-87.44796,
30.52454
],
[
-87.44727,
30.51093
],
[
-87.43011,
30.48372
],
[
-87.42667,
30.4636
],
[
-87.36968,
30.4411
],
[
-87.4047,
30.41209
],
[
-87.43079,
30.40913
],
[
-87.45208,
30.36708
],
[
-87.50838,
30.32382
],
[
-87.50495,
30.30189
],
[
-87.52006,
30.27995
],
[
-86.51495,
30.38097
],
[
-86.39272,
30.37149
],
[
-85.96675,
30.25221
],
[
-85.63305,
30.05272
],
[
-85.45864,
29.92902
],
[
-85.40381,
29.6621
],
[
-85.11817,
29.61555
],
[
-85.03165,
29.56539
],
[
-84.58945,
29.74679
],
[
-84.25162,
29.88262
],
[
-84.27908,
30.05156
],
[
-83.98746,
30.06407
],
[
-83.67635,
29.89911
],
[
-83.56849,
30.09572
],
[
-83.61094,
30.43096
],
[
-83.63417,
30.6517
],
[
-84.02544,
30.67844
],
[
-84.85943,
30.71275
],
[
-84.98385,
31.01701
],
[
-87.60023,
30.99844
]
]
]
}
},
{
"type"
:
"Feature",
"properties": {
"Polygon_id"
:
54,
"Area_Name"
:
"SunStrong - FL - South Central (OOM)",
"color"
:
"#FFF9C4",
"fill"
:
"#FFF9C4",
"fill-opacity"
:
0.6,
"stroke"
:
"#000000",
"stroke-width"
:
1
},
"geometry": {
"type"
:
"Polygon",
"coordinates": [
[
[
-81.72136,
27.92554
],
[
-82.11362,
27.24456
],
[
-82.11224,
27.24449
],
[
-81.82395,
27.29827
],
[
-81.46955,
27.20273
],
[
-81.2766,
27.09092
],
[
-81.256,
27.07625
],
[
-81.16743,
26.9187
],
[
-81.01599,
26.64711
],
[
-81.15604,
26.22412
],
[
-81.22469,
26.01205
],
[
-81.26039,
25.9071
],
[
-81.2954,
25.8033
],
[
-81.48921,
25.81105
],
[
-81.23274,
25.52556
],
[
-81.15309,
25.37924
],
[
-81.18193,
25.20292
],
[
-81.08855,
25.09726
],
[
-80.7015,
25.12176
],
[
-80.45362,
25.20318
],
[
-80.34101,
25.31744
],
[
-80.27372,
25.3857
],
[
-80.33026,
25.44862
],
[
-80.50845,
25.4201
],
[
-80.54621,
25.43544
],
[
-80.54612,
25.54932
],
[
-80.49381,
25.67572
],
[
-80.49188,
25.89968
],
[
-80.4342,
25.95464
],
[
-80.44703,
26.1562
],
[
-80.37864,
26.13139
],
[
-80.31517,
26.19708
],
[
-80.31549,
26.30302
],
[
-80.21507,
26.37925
],
[
-80.20845,
26.69267
],
[
-80.19986,
26.81006
],
[
-80.5474,
26.92653
],
[
-80.89083,
27.05023
],
[
-80.92994,
27.25423
],
[
-80.9355,
27.35039
],
[
-80.93855,
27.42305
],
[
-80.94116,
27.46751
],
[
-80.94482,
27.57261
],
[
-80.95269,
27.7224
],
[
-81.03578,
27.86272
],
[
-81.12298,
27.80321
],
[
-81.72136,
27.92554
]
]
]
}
},
{
"type"
:
"Feature",
"properties": {
"Polygon_id"
:
55,
"Area_Name"
:
"SunStrong - FL - South Melbourne",
"color"
:
"#FFD8B1",
"fill"
:
"#FFD8B1",
"fill-opacity"
:
0.6,
"stroke"
:
"#000000",
"stroke-width"
:
1
},
"geometry": {
"type"
:
"Polygon",
"coordinates": [
[
[
-80.93066,
27.25693
],
[
-80.5791,
27.39236
],
[
-80.4143,
27.42649
],
[
-80.25363,
27.44843
],
[
-80.00369,
26.80187
],
[
-80.20081,
26.80919
],
[
-80.63885,
26.95829
],
[
-80.77069,
27.1784
],
[
-80.93066,
27.25693
]
]
]
}
},
{
"type"
:
"Feature",
"properties": {
"Polygon_id"
:
56,
"Area_Name"
:
"SunStrong - FL - Tampa",
"color"
:
"#FFE4E1",
"fill"
:
"#FFE4E1",
"fill-opacity"
:
0.6,
"stroke"
:
"#000000",
"stroke-width"
:
1
},
"geometry": {
"type"
:
"Polygon",
"coordinates": [
[
[
-81.66155,
28.02741
],
[
-81.79793,
28.475
],
[
-82.10976,
28.66068
],
[
-82.6648,
28.6643
],
[
-82.65794,
28.57509
],
[
-82.68815,
28.44235
],
[
-82.72385,
28.4037
],
[
-82.73759,
28.33603
],
[
-82.80625,
28.1812
],
[
-82.84196,
28.07704
],
[
-82.88865,
27.95096
],
[
-82.83646,
27.80529
],
[
-82.74308,
27.70807
],
[
-82.78098,
27.55427
],
[
-82.62992,
27.35198
],
[
-82.5585,
27.25191
],
[
-82.3635,
27.23482
],
[
-82.1163,
27.2397
],
[
-81.66155,
28.02741
]
]
]
}
},
{
"type"
:
"Feature",
"properties": {
"Polygon_id"
:
57,
"Area_Name"
:
"SunStrong - FL - West Orlando",
"color"
:
"#FFD8B1",
"fill"
:
"#FFD8B1",
"fill-opacity"
:
0.6,
"stroke"
:
"#000000",
"stroke-width"
:
1
},
"geometry": {
"type"
:
"Polygon",
"coordinates": [
[
[
-81.51378,
29.23487
],
[
-81.66151,
29.18284
],
[
-81.80708,
29.11807
],
[
-81.98561,
29.04606
],
[
-82.08449,
28.93555
],
[
-82.11195,
28.67081
],
[
-82.12019,
28.03754
],
[
-81.84759,
27.86073
],
[
-81.49809,
27.81974
],
[
-81.45614,
28.13049
],
[
-81.4146,
28.27133
],
[
-81.40117,
28.4723
],
[
-81.40255,
28.88555
],
[
-81.51378,
29.23487
]
]
]
}
},
{
"type"
:
"Feature",
"properties": {
"Polygon_id"
:
58,
"Area_Name"
:
"SunStrong - GA (OOM)",
"color"
:
"#FADADD",
"fill"
:
"#FADADD",
"fill-opacity"
:
0.6,
"stroke"
:
"#000000",
"stroke-width"
:
1
},
"geometry": {
"type"
:
"Polygon",
"coordinates": [
[
[
-85.61228,
34.98168
],
[
-83.11015,
34.99856
],
[
-83.11839,
34.94482
],
[
-83.30241,
34.80315
],
[
-83.35322,
34.72671
],
[
-83.2255,
34.606
],
[
-83.17143,
34.60361
],
[
-83.14482,
34.56279
],
[
-83.0765,
34.50258
],
[
-82.99513,
34.47347
],
[
-82.89866,
34.48001
],
[
-82.64872,
34.0786
],
[
-82.46333,
33.88059
],
[
-82.31158,
33.79511
],
[
-82.24823,
33.75546
],
[
-82.22609,
33.69294
],
[
-82.19674,
33.63467
],
[
-82.1509,
33.59695
],
[
-82.04911,
33.56248
],
[
-81.9607,
33.4759
],
[
-81.93233,
33.46569
],
[
-81.91392,
33.43715
],
[
-81.93684,
33.35998
],
[
-81.85539,
33.30627
],
[
-81.80689,
33.21002
],
[
-81.77273,
33.22029
],
[
-81.74269,
33.14321
],
[
-81.67162,
33.10742
],
[
-81.50752,
33.01505
],
[
-81.4234,
32.82874
],
[
-81.40795,
32.63509
],
[
-81.26427,
32.53464
],
[
-81.21715,
32.4809
],
[
-81.19475,
32.42712
],
[
-81.11012,
32.27768
],
[
-81.1511,
32.23448
],
[
-81.11793,
32.1866
],
[
-81.08454,
32.10008
],
[
-80.99184,
32.08888
],
[
-80.90189,
32.02414
],
[
-80.77418,
32.02734
],
[
-81.38117,
30.71592
],
[
-81.61722,
30.73012
],
[
-81.8519,
30.78326
],
[
-81.92849,
30.82107
],
[
-81.99135,
30.79047
],
[
-82.05421,
30.74805
],
[
-82.05908,
30.6549
],
[
-82.01726,
30.55929
],
[
-82.04349,
30.45188
],
[
-82.06209,
30.37088
],
[
-82.10298,
30.36709
],
[
-82.14112,
30.37515
],
[
-82.19274,
30.36712
],
[
-82.22377,
30.41476
],
[
-82.24656,
30.52865
],
[
-82.25864,
30.54474
],
[
-82.246,
30.5703
],
[
-83.35116,
30.63856
],
[
-84.87483,
30.70884
],
[
-85.08056,
31.19384
],
[
-85.10147,
31.27777
],
[
-85.09492,
31.36632
],
[
-85.04335,
31.54316
],
[
-85.127,
31.69507
],
[
-85.11275,
31.9327
],
[
-84.94744,
32.27195
],
[
-85.22433,
32.8733
],
[
-85.39633,
33.93857
],
[
-85.61228,
34.98168
]
]
]
}
},
{
"type"
:
"Feature",
"properties": {
"Polygon_id"
:
59,
"Area_Name"
:
"SunStrong - GU (OOM)",
"color"
:
"#FFFFE0",
"fill"
:
"#FFFFE0",
"fill-opacity"
:
0.6,
"stroke"
:
"#000000",
"stroke-width"
:
1
},
"geometry": {
"type"
:
"Polygon",
"coordinates": [
[
[
144.85414,
13.6622
],
[
144.96949,
13.61149
],
[
144.93653,
13.52739
],
[
144.8459,
13.44459
],
[
144.79646,
13.4112
],
[
144.77998,
13.32836
],
[
144.77174,
13.28292
],
[
144.73191,
13.24015
],
[
144.68385,
13.22812
],
[
144.63716,
13.22678
],
[
144.62892,
13.33905
],
[
144.60832,
13.45127
],
[
144.72779,
13.50068
],
[
144.7992,
13.54341
],
[
144.82118,
13.62217
],
[
144.85414,
13.6622
]
]
]
}
},
{
"type"
:
"Feature",
"properties": {
"Polygon_id"
:
60,
"Area_Name"
:
"SunStrong - HI (OOM)",
"color"
:
"#DBF9DB",
"fill"
:
"#DBF9DB",
"fill-opacity"
:
0.6,
"stroke"
:
"#000000",
"stroke-width"
:
1
},
"geometry": {
"type"
:
"Polygon",
"coordinates": [
[
[
-157.06348,
19.67347
],
[
-155.59131,
18.75535
],
[
-154.21253,
19.26951
],
[
-155.48145,
20.58635
],
[
-155.6023,
20.55035
],
[
-156.30542,
20.24658
],
[
-157.06348,
19.67347
]
]
]
}
},
{
"type"
:
"Feature",
"properties": {
"Polygon_id"
:
61,
"Area_Name"
:
"SunStrong - HI - Kauai (OOM)",
"color"
:
"#FAEBD7",
"fill"
:
"#FAEBD7",
"fill-opacity"
:
0.6,
"stroke"
:
"#000000",
"stroke-width"
:
1
},
"geometry": {
"type"
:
"Polygon",
"coordinates": [
[
[
-159.87828,
22.438
],
[
-159.11473,
22.43038
],
[
-159.20811,
21.51344
],
[
-159.89201,
21.67178
],
[
-159.89476,
22.31863
],
[
-159.87828,
22.438
]
]
]
}
},
{
"type"
:
"Feature",
"properties": {
"Polygon_id"
:
62,
"Area_Name"
:
"SunStrong - HI - Maui (OOM)",
"color"
:
"#FFE4E1",
"fill"
:
"#FFE4E1",
"fill-opacity"
:
0.6,
"stroke"
:
"#000000",
"stroke-width"
:
1
},
"geometry": {
"type"
:
"Polygon",
"coordinates": [
[
[
-156.62327,
21.1848
],
[
-156.81003,
20.92335
],
[
-156.36783,
20.47115
],
[
-155.79929,
20.7565
],
[
-156.56284,
21.21041
],
[
-156.62327,
21.1848
]
]
]
}
},
{
"type"
:
"Feature",
"properties": {
"Polygon_id"
:
63,
"Area_Name"
:
"SunStrong - HI - Oahu (OOM)",
"color"
:
"#FFCC99",
"fill"
:
"#FFCC99",
"fill-opacity"
:
0.6,
"stroke"
:
"#000000",
"stroke-width"
:
1
},
"geometry": {
"type"
:
"Polygon",
"coordinates": [
[
[
-158.21245,
21.81339
],
[
-157.42692,
21.59138
],
[
-157.61644,
21.09253
],
[
-158.39921,
21.34344
],
[
-158.21245,
21.81339
]
]
]
}
},
{
"type"
:
"Feature",
"properties": {
"Polygon_id"
:
64,
"Area_Name"
:
"SunStrong - IA (OOM)",
"color"
:
"#D0F0C0",
"fill"
:
"#D0F0C0",
"fill-opacity"
:
0.6,
"stroke"
:
"#000000",
"stroke-width"
:
1
},
"geometry": {
"type"
:
"Polygon",
"coordinates": [
[
[
-96.56419,
43.49405
],
[
-91.26878,
43.50201
],
[
-91.11497,
43.27847
],
[
-91.13694,
42.98985
],
[
-91.11503,
42.86772
],
[
-91.06285,
42.71453
],
[
-90.71403,
42.6378
],
[
-90.63987,
42.5124
],
[
-90.4943,
42.38878
],
[
-90.34049,
42.20391
],
[
-90.15647,
42.08376
],
[
-90.16471,
41.87959
],
[
-90.30479,
41.74038
],
[
-90.35423,
41.59676
],
[
-90.43113,
41.55155
],
[
-90.46802,
41.52354
],
[
-90.54527,
41.52431
],
[
-90.62289,
41.4888
],
[
-90.67577,
41.45896
],
[
-90.81378,
41.45458
],
[
-90.98685,
41.42204
],
[
-91.03629,
41.3932
],
[
-91.09671,
41.21576
],
[
-90.93741,
41.06683
],
[
-90.9429,
40.96736
],
[
-91.04178,
40.85527
],
[
-91.15164,
40.64721
],
[
-91.3494,
40.60134
],
[
-91.43179,
40.58466
],
[
-91.43729,
40.36738
],
[
-91.73941,
40.60551
],
[
-92.43483,
40.59501
],
[
-94.58103,
40.57514
],
[
-95.72618,
40.58765
],
[
-95.83604,
40.6752
],
[
-95.8745,
40.75014
],
[
-95.80858,
40.88318
],
[
-95.85252,
41.0118
],
[
-95.85128,
41.19498
],
[
-95.91033,
41.25798
],
[
-95.85814,
41.2972
],
[
-95.92956,
41.33831
],
[
-95.92544,
41.40736
],
[
-96.02909,
41.52776
],
[
-96.11424,
41.57709
],
[
-96.09226,
41.75559
],
[
-96.15269,
41.92339
],
[
-96.32572,
42.19356
],
[
-96.40812,
42.35614
],
[
-96.37769,
42.44478
],
[
-96.39142,
42.4853
],
[
-96.48206,
42.48733
],
[
-96.50403,
42.49543
],
[
-96.48057,
42.56518
],
[
-96.51628,
42.62583
],
[
-96.62614,
42.72881
],
[
-96.54374,
42.83162
],
[
-96.45036,
43.10896
],
[
-96.49431,
43.21314
],
[
-96.5767,
43.28516
],
[
-96.52726,
43.38105
],
[
-96.56419,
43.49405
]
]
]
}
},
{
"type"
:
"Feature",
"properties": {
"Polygon_id"
:
65,
"Area_Name"
:
"SunStrong - ID (OOM)",
"color"
:
"#B0E0E6",
"fill"
:
"#B0E0E6",
"fill-opacity"
:
0.6,
"stroke"
:
"#000000",
"stroke-width"
:
1
},
"geometry": {
"type"
:
"Polygon",
"coordinates": [
[
[
-116.95576,
42.00594
],
[
-111.08906,
42.00594
],
[
-111.08906,
44.47054
],
[
-111.35273,
44.72088
],
[
-111.51204,
44.52148
],
[
-112.23164,
44.54497
],
[
-112.83323,
44.46202
],
[
-113.15733,
44.70069
],
[
-113.47044,
44.93448
],
[
-113.8881,
45.61286
],
[
-114.32756,
45.48207
],
[
-114.55827,
45.60902
],
[
-114.31657,
46.56904
],
[
-115.51862,
47.33574
],
[
-116.00201,
47.92066
],
[
-116.03497,
48.97723
],
[
-117.04572,
48.96281
],
[
-117.00177,
46.80447
],
[
-117.0311,
46.3266
],
[
-116.94321,
46.17846
],
[
-116.50375,
45.71631
],
[
-116.75199,
45.07954
],
[
-117.19415,
44.46962
],
[
-117.10626,
44.23394
],
[
-116.79864,
44.08419
],
[
-116.97443,
43.87073
],
[
-117.02936,
43.60084
],
[
-116.95576,
42.00594
]
]
]
}
},
{
"type"
:
"Feature",
"properties": {
"Polygon_id"
:
66,
"Area_Name"
:
"SunStrong - IL (OOM)",
"color"
:
"#ADD8E6",
"fill"
:
"#ADD8E6",
"fill-opacity"
:
0.6,
"stroke"
:
"#000000",
"stroke-width"
:
1
},
"geometry": {
"type"
:
"Polygon",
"coordinates": [
[
[
-86.99171,
42.50407
],
[
-90.72707,
42.52026
],
[
-90.22169,
41.91819
],
[
-90.94679,
41.50813
],
[
-91.25441,
41.31038
],
[
-91.03468,
40.91306
],
[
-91.49611,
40.58013
],
[
-91.584,
40.0608
],
[
-91.27638,
39.50358
],
[
-90.77101,
39.14664
],
[
-90.69411,
38.83925
],
[
-90.35353,
38.81357
],
[
-90.39748,
38.91622
],
[
-90.15578,
38.77932
],
[
-90.43044,
38.35842
],
[
-90.38649,
38.15137
],
[
-89.5735,
37.60506
],
[
-89.50868,
37.38427
],
[
-89.5746,
37.27507
],
[
-89.31642,
36.95092
],
[
-89.23402,
36.97725
],
[
-89.26149,
37.04305
],
[
-89.15712,
36.94213
],
[
-88.97848,
37.20059
],
[
-88.52255,
37.0166
],
[
-88.35226,
37.10427
],
[
-88.45114,
37.27494
],
[
-88.4017,
37.37541
],
[
-88.03366,
37.4583
],
[
-88.09957,
37.64557
],
[
-87.98971,
37.76291
],
[
-87.94577,
38.01868
],
[
-87.86886,
38.10086
],
[
-87.81942,
38.21748
],
[
-87.52828,
38.40713
],
[
-87.50082,
39.41159
],
[
-87.53378,
41.73526
],
[
-87.09432,
41.76805
],
[
-86.99171,
42.50407
]
]
]
}
},
{
"type"
:
"Feature",
"properties": {
"Polygon_id"
:
67,
"Area_Name"
:
"SunStrong - IN (OOM)",
"color"
:
"#F3E5F5",
"fill"
:
"#F3E5F5",
"fill-opacity"
:
0.6,
"stroke"
:
"#000000",
"stroke-width"
:
1
},
"geometry": {
"type"
:
"Polygon",
"coordinates": [
[
[
-87.52194,
41.75797
],
[
-86.17611,
41.77026
],
[
-84.81381,
41.75387
],
[
-84.8193,
41.5507
],
[
-84.81381,
41.34277
],
[
-84.80832,
40.28474
],
[
-84.82342,
39.20882
],
[
-84.82274,
39.10766
],
[
-84.84951,
39.09087
],
[
-84.8993,
39.05876
],
[
-84.89303,
39.04659
],
[
-84.88402,
39.03549
],
[
-84.86119,
39.01222
],
[
-84.83407,
38.9778
],
[
-84.83527,
38.96138
],
[
-84.87629,
38.92654
],
[
-84.87492,
38.9045
],
[
-84.85398,
38.89562
],
[
-84.82394,
38.89518
],
[
-84.78943,
38.88406
],
[
-84.78514,
38.86963
],
[
-84.79501,
38.85867
],
[
-84.83269,
38.83166
],
[
-84.8248,
38.8116
],
[
-84.81261,
38.79996
],
[
-84.81578,
38.78611
],
[
-84.83213,
38.78588
],
[
-84.86537,
38.79191
],
[
-84.89724,
38.791
],
[
-84.93929,
38.77761
],
[
-84.95655,
38.77802
],
[
-84.97242,
38.78109
],
[
-85.04143,
38.75312
],
[
-85.11731,
38.7171
],
[
-85.13336,
38.70263
],
[
-85.16451,
38.68924
],
[
-85.19533,
38.69004
],
[
-85.21411,
38.69637
],
[
-85.22672,
38.70913
],
[
-85.24919,
38.73357
],
[
-85.28229,
38.74194
],
[
-85.32158,
38.7396
],
[
-85.35051,
38.7325
],
[
-85.41372,
38.73511
],
[
-85.44535,
38.72005
],
[
-85.45707,
38.69064
],
[
-85.43958,
38.65395
],
[
-85.43994,
38.6151
],
[
-85.42557,
38.57894
],
[
-85.41325,
38.54707
],
[
-85.42595,
38.5288
],
[
-85.47574,
38.50543
],
[
-85.48604,
38.48219
],
[
-85.49822,
38.4711
],
[
-85.51384,
38.46163
],
[
-85.53805,
38.45585
],
[
-85.59521,
38.44765
],
[
-85.63263,
38.40394
],
[
-85.6462,
38.33941
],
[
-85.66263,
38.31438
],
[
-85.67145,
38.30388
],
[
-85.68628,
38.29419
],
[
-85.71833,
38.27951
],
[
-85.73435,
38.27243
],
[
-85.74391,
38.26701
],
[
-85.75415,
38.26913
],
[
-85.77057,
38.28073
],
[
-85.78837,
38.29151
],
[
-85.79828,
38.28599
],
[
-85.82792,
38.27831
],
[
-85.83613,
38.26625
],
[
-85.83972,
38.24243
],
[
-85.84761,
38.22831
],
[
-85.85995,
38.21796
],
[
-85.87539,
38.20842
],
[
-85.89837,
38.18542
],
[
-85.91124,
38.1564
],
[
-85.90592,
38.09401
],
[
-85.91639,
38.06131
],
[
-85.92381,
38.02812
],
[
-85.94566,
38.00763
],
[
-85.97752,
38.00334
],
[
-86.00698,
37.99877
],
[
-86.03054,
37.99343
],
[
-86.03681,
37.97841
],
[
-86.03582,
37.96441
],
[
-86.04117,
37.95903
],
[
-86.05029,
37.96123
],
[
-86.08917,
38.00439
],
[
-86.11238,
38.0146
],
[
-86.14315,
38.01778
],
[
-86.1683,
38.01074
],
[
-86.18624,
38.01534
],
[
-86.25911,
38.05307
],
[
-86.27759,
38.07932
],
[
-86.27894,
38.10506
],
[
-86.27241,
38.13188
],
[
-86.2754,
38.14272
],
[
-86.28252,
38.15329
],
[
-86.29633,
38.16601
],
[
-86.3192,
38.17521
],
[
-86.35992,
38.20167
],
[
-86.37405,
38.19447
],
[
-86.37906,
38.17684
],
[
-86.37126,
38.16478
],
[
-86.34951,
38.16037
],
[
-86.33428,
38.15819
],
[
-86.32284,
38.15223
],
[
-86.32461,
38.14005
],
[
-86.33305,
38.13208
],
[
-86.34615,
38.12995
],
[
-86.37297,
38.13106
],
[
-86.38573,
38.12785
],
[
-86.39588,
38.11085
],
[
-86.40048,
38.10673
],
[
-86.40576,
38.10802
],
[
-86.43508,
38.12821
],
[
-86.45214,
38.12751
],
[
-86.46548,
38.11878
],
[
-86.4646,
38.10523
],
[
-86.45042,
38.09238
],
[
-86.43569,
38.08777
],
[
-86.43142,
38.08324
],
[
-86.43161,
38.07763
],
[
-86.43571,
38.06524
],
[
-86.45339,
38.05215
],
[
-86.52325,
38.04163
],
[
-86.52684,
37.99486
],
[
-86.52311,
37.95711
],
[
-86.50682,
37.93985
],
[
-86.51305,
37.9266
],
[
-86.52889,
37.92201
],
[
-86.59216,
37.92042
],
[
-86.59872,
37.90485
],
[
-86.602,
37.86401
],
[
-86.63385,
37.84575
],
[
-86.65184,
37.84529
],
[
-86.66046,
37.8506
],
[
-86.66255,
37.862
],
[
-86.65023,
37.90944
],
[
-86.67463,
37.91854
],
[
-86.70081,
37.90847
],
[
-86.71038,
37.90208
],
[
-86.72184,
37.89732
],
[
-86.73264,
37.89789
],
[
-86.7407,
37.90442
],
[
-86.75424,
37.91937
],
[
-86.77582,
37.94738
],
[
-86.80805,
37.99918
],
[
-86.83678,
37.99572
],
[
-86.86385,
37.9856
],
[
-86.90654,
37.94638
],
[
-86.97147,
37.93161
],
[
-87.03503,
37.91088
],
[
-87.04689,
37.89456
],
[
-87.04527,
37.862
],
[
-87.06094,
37.8224
],
[
-87.0777,
37.79282
],
[
-87.11629,
37.78617
],
[
-87.13143,
37.78885
],
[
-87.15344,
37.83276
],
[
-87.17579,
37.84411
],
[
-87.21188,
37.84651
],
[
-87.24184,
37.86003
],
[
-87.27043,
37.88113
],
[
-87.31457,
37.90788
],
[
-87.39903,
37.94444
],
[
-87.44744,
37.94539
],
[
-87.48057,
37.92853
],
[
-87.51155,
37.90819
],
[
-87.55589,
37.93051
],
[
-87.56628,
37.93853
],
[
-87.57187,
37.95034
],
[
-87.58511,
37.97774
],
[
-87.59953,
37.97611
],
[
-87.60519,
37.97171
],
[
-87.60983,
37.95405
],
[
-87.63009,
37.92711
],
[
-87.59035,
37.87909
],
[
-87.59379,
37.86035
],
[
-87.60616,
37.84269
],
[
-87.62488,
37.83072
],
[
-87.6515,
37.83013
],
[
-87.6703,
37.82862
],
[
-87.68361,
37.84338
],
[
-87.66903,
37.89456
],
[
-87.68054,
37.90535
],
[
-87.71471,
37.89501
],
[
-87.76272,
37.88978
],
[
-87.78981,
37.87931
],
[
-87.8169,
37.87533
],
[
-87.84224,
37.88392
],
[
-87.8707,
37.91666
],
[
-87.89916,
37.92826
],
[
-87.92135,
37.9132
],
[
-87.9297,
37.89889
],
[
-87.9428,
37.88794
],
[
-87.9442,
37.8738
],
[
-87.9219,
37.85263
],
[
-87.90972,
37.83418
],
[
-87.91015,
37.80759
],
[
-87.93686,
37.79769
],
[
-87.95809,
37.77313
],
[
-88.01604,
37.80393
],
[
-88.04392,
37.81
],
[
-88.06885,
37.80245
],
[
-88.08691,
37.81389
],
[
-88.09329,
37.82113
],
[
-88.08869,
37.82945
],
[
-88.08231,
37.83153
],
[
-88.07592,
37.82873
],
[
-88.06384,
37.82367
],
[
-88.03459,
37.8277
],
[
-88.02934,
37.83603
],
[
-88.03301,
37.84435
],
[
-88.05836,
37.85191
],
[
-88.06555,
37.8592
],
[
-88.07204,
37.86759
],
[
-88.09074,
37.89342
],
[
-88.09683,
37.89889
],
[
-88.09846,
37.90787
],
[
-88.08978,
37.90616
],
[
-88.0708,
37.89848
],
[
-88.05732,
37.89406
],
[
-88.04384,
37.89397
],
[
-88.03542,
37.89555
],
[
-88.0294,
37.8939
],
[
-88.02528,
37.88792
],
[
-88.01913,
37.88939
],
[
-88.01711,
37.89248
],
[
-88.01766,
37.91738
],
[
-88.03407,
37.94093
],
[
-88.03524,
37.95758
],
[
-88.02369,
37.95978
],
[
-88.01557,
37.9663
],
[
-88.01701,
37.98678
],
[
-88.02464,
38.00725
],
[
-88.02368,
38.01405
],
[
-88.01858,
38.02264
],
[
-88.01039,
38.02988
],
[
-88.01426,
38.03624
],
[
-88.03581,
38.03489
],
[
-88.04144,
38.04017
],
[
-88.04226,
38.04842
],
[
-88.03068,
38.05227
],
[
-88.01807,
38.05208
],
[
-87.99492,
38.05249
],
[
-87.96675,
38.0724
],
[
-87.95695,
38.08839
],
[
-87.96269,
38.10187
],
[
-88.00642,
38.08592
],
[
-88.01558,
38.09078
],
[
-88.01483,
38.10334
],
[
-87.99911,
38.10945
],
[
-87.98305,
38.10881
],
[
-87.97574,
38.11194
],
[
-87.975,
38.12567
],
[
-87.96777,
38.13375
],
[
-87.95566,
38.13333
],
[
-87.94767,
38.12806
],
[
-87.93735,
38.13906
],
[
-87.92668,
38.14602
],
[
-87.92657,
38.1533
],
[
-87.91553,
38.16073
],
[
-87.91102,
38.16896
],
[
-87.93327,
38.15684
],
[
-87.94007,
38.17631
],
[
-87.97616,
38.19985
],
[
-87.98725,
38.2572
],
[
-87.93586,
38.29779
],
[
-87.83743,
38.28745
],
[
-87.83033,
38.33395
],
[
-87.74746,
38.40576
],
[
-87.7486,
38.46986
],
[
-87.69137,
38.48931
],
[
-87.6465,
38.50775
],
[
-87.66893,
38.54486
],
[
-87.64947,
38.56853
],
[
-87.61491,
38.59084
],
[
-87.62681,
38.60951
],
[
-87.62017,
38.6373
],
[
-87.59419,
38.66562
],
[
-87.53553,
38.68379
],
[
-87.50537,
38.73009
],
[
-87.50301,
38.78999
],
[
-87.52072,
38.81457
],
[
-87.54528,
38.86455
],
[
-87.51079,
38.9464
],
[
-87.56555,
39.00922
],
[
-87.58736,
39.07198
],
[
-87.65998,
39.13575
],
[
-87.63871,
39.16277
],
[
-87.59893,
39.1891
],
[
-87.5743,
39.22259
],
[
-87.57848,
39.24415
],
[
-87.57079,
39.24841
],
[
-87.57306,
39.25427
],
[
-87.58271,
39.25534
],
[
-87.59133,
39.24791
],
[
-87.60375,
39.26096
],
[
-87.60157,
39.27508
],
[
-87.60709,
39.2774
],
[
-87.61055,
39.28044
],
[
-87.61042,
39.28618
],
[
-87.60405,
39.29168
],
[
-87.59845,
39.29816
],
[
-87.60045,
39.3023
],
[
-87.62232,
39.30632
],
[
-87.60603,
39.31375
],
[
-87.59344,
39.33055
],
[
-87.57601,
39.34091
],
[
-87.55696,
39.33746
],
[
-87.53155,
39.36507
],
[
-87.53842,
40.28683
],
[
-87.52194,
41.75387
],
[
-87.52194,
41.75797
]
]
]
}
},
{
"type"
:
"Feature",
"properties": {
"Polygon_id"
:
68,
"Area_Name"
:
"SunStrong - KS (OOM)",
"color"
:
"#FEF9E7",
"fill"
:
"#FEF9E7",
"fill-opacity"
:
0.6,
"stroke"
:
"#000000",
"stroke-width"
:
1
},
"geometry": {
"type"
:
"Polygon",
"coordinates": [
[
[
-102.02649,
40.00629
],
[
-98.57129,
39.99367
],
[
-95.30972,
39.99682
],
[
-95.2045,
39.93749
],
[
-95.20269,
39.90306
],
[
-95.15351,
39.9055
],
[
-95.12562,
39.87237
],
[
-95.07781,
39.86031
],
[
-95.02519,
39.86829
],
[
-95.01468,
39.89809
],
[
-94.95724,
39.89876
],
[
-94.9355,
39.8889
],
[
-94.93576,
39.84773
],
[
-94.91213,
39.83532
],
[
-94.88714,
39.8303
],
[
-94.87834,
39.81708
],
[
-94.88602,
39.79621
],
[
-94.93902,
39.78272
],
[
-94.93136,
39.7707
],
[
-94.91546,
39.76132
],
[
-94.89455,
39.76349
],
[
-94.86986,
39.77199
],
[
-94.86375,
39.75891
],
[
-94.86572,
39.73957
],
[
-94.89368,
39.72576
],
[
-94.95735,
39.74363
],
[
-94.96995,
39.73488
],
[
-94.97432,
39.68809
],
[
-95.0192,
39.67352
],
[
-95.05812,
39.63028
],
[
-95.05034,
39.60756
],
[
-95.0508,
39.5859
],
[
-95.0643,
39.5801
],
[
-95.1039,
39.57749
],
[
-95.11398,
39.56004
],
[
-95.10758,
39.53942
],
[
-95.0577,
39.50133
],
[
-95.03529,
39.46004
],
[
-94.98747,
39.44154
],
[
-94.95412,
39.40921
],
[
-94.93931,
39.38588
],
[
-94.8912,
39.39095
],
[
-94.8836,
39.38063
],
[
-94.88357,
39.37042
],
[
-94.91307,
39.35278
],
[
-94.90616,
39.30899
],
[
-94.88193,
39.28243
],
[
-94.83504,
39.25799
],
[
-94.82876,
39.23792
],
[
-94.83318,
39.22629
],
[
-94.83073,
39.21466
],
[
-94.81295,
39.20522
],
[
-94.7835,
39.20483
],
[
-94.74723,
39.16884
],
[
-94.7119,
39.17195
],
[
-94.68806,
39.18042
],
[
-94.67657,
39.18145
],
[
-94.66516,
39.1789
],
[
-94.66268,
39.17236
],
[
-94.65566,
39.15475
],
[
-94.63044,
39.15364
],
[
-94.61062,
39.15974
],
[
-94.59866,
39.15774
],
[
-94.5894,
39.15241
],
[
-94.58907,
39.14362
],
[
-94.60694,
39.11925
],
[
-94.6217,
37.00115
],
[
-102.03473,
37.00006
],
[
-102.04846,
40.00839
],
[
-102.02649,
40.00629
]
]
]
}
},
{
"type"
:
"Feature",
"properties": {
"Polygon_id"
:
69,
"Area_Name"
:
"SunStrong - KY (OOM)",
"color"
:
"#C1F0C1",
"fill"
:
"#C1F0C1",
"fill-opacity"
:
0.6,
"stroke"
:
"#000000",
"stroke-width"
:
1
},
"geometry": {
"type"
:
"Polygon",
"coordinates": [
[
[
-86.95496,
36.64471
],
[
-87.0463,
36.64237
],
[
-87.1208,
36.64127
],
[
-87.19118,
36.64127
],
[
-87.26397,
36.64072
],
[
-87.28388,
36.641
],
[
-87.34945,
36.64017
],
[
-87.39477,
36.64045
],
[
-87.43995,
36.63981
],
[
-87.51068,
36.63898
],
[
-87.58243,
36.63815
],
[
-87.66277,
36.63677
],
[
-87.73246,
36.63595
],
[
-87.8049,
36.63374
],
[
-87.85263,
36.63264
],
[
-87.84885,
36.66267
],
[
-87.9412,
36.6701
],
[
-88.01364,
36.67644
],
[
-88.06926,
36.67726
],
[
-88.06742,
36.66029
],
[
-88.05438,
36.63825
],
[
-88.05438,
36.62778
],
[
-88.0427,
36.60188
],
[
-88.03858,
36.57431
],
[
-88.03378,
36.5517
],
[
-88.0324,
36.53349
],
[
-88.03652,
36.52411
],
[
-88.0379,
36.51253
],
[
-88.05163,
36.49486
],
[
-88.07154,
36.49652
],
[
-88.11102,
36.49845
],
[
-88.15119,
36.49762
],
[
-88.24355,
36.499
],
[
-88.32732,
36.50011
],
[
-88.51786,
36.50121
],
[
-88.66274,
36.50232
],
[
-88.75287,
36.50259
],
[
-88.83818,
36.50204
],
[
-88.93839,
36.50252
],
[
-89.04134,
36.503
],
[
-89.2445,
36.50563
],
[
-89.27486,
36.50639
],
[
-89.30229,
36.50659
],
[
-89.3266,
36.50452
],
[
-89.3536,
36.50204
],
[
-89.37377,
36.50007
],
[
-89.38754,
36.49881
],
[
-89.39256,
36.49866
],
[
-89.41659,
36.49873
],
[
-89.41578,
36.50187
],
[
-89.41539,
36.50356
],
[
-89.41518,
36.50507
],
[
-89.41383,
36.50604
],
[
-89.41239,
36.50709
],
[
-89.4105,
36.51032
],
[
-89.40827,
36.53018
],
[
-89.40415,
36.53625
],
[
-89.40192,
36.54315
],
[
-89.39951,
36.55108
],
[
-89.39419,
36.55983
],
[
-89.38398,
36.57541
],
[
-89.38063,
36.59071
],
[
-89.37686,
36.60725
],
[
-89.37188,
36.61586
],
[
-89.3687,
36.62082
],
[
-89.36484,
36.62351
],
[
-89.36149,
36.62596
],
[
-89.35355,
36.62885
],
[
-89.35121,
36.62987
],
[
-89.34664,
36.63081
],
[
-89.33935,
36.63257
],
[
-89.32969,
36.63274
],
[
-89.32055,
36.62964
],
[
-89.31394,
36.62355
],
[
-89.3081,
36.6171
],
[
-89.30635,
36.61555
],
[
-89.30493,
36.61387
],
[
-89.30386,
36.61152
],
[
-89.30244,
36.60829
],
[
-89.30111,
36.60522
],
[
-89.29909,
36.59953
],
[
-89.29703,
36.59409
],
[
-89.29274,
36.5913
],
[
-89.28982,
36.58928
],
[
-89.28536,
36.58559
],
[
-89.2809,
36.58189
],
[
-89.27772,
36.57872
],
[
-89.27017,
36.5719
],
[
-89.2642,
36.56738
],
[
-89.26015,
36.56537
],
[
-89.25575,
36.56404
],
[
-89.25146,
36.56371
],
[
-89.24931,
36.5638
],
[
-89.2467,
36.56441
],
[
-89.2438,
36.56419
],
[
-89.23996,
36.56559
],
[
-89.23828,
36.56588
],
[
-89.23635,
36.56645
],
[
-89.23335,
36.56645
],
[
-89.2282,
36.57031
],
[
-89.22219,
36.57441
],
[
-89.21914,
36.57643
],
[
-89.21639,
36.57824
],
[
-89.21172,
36.58072
],
[
-89.21146,
36.58291
],
[
-89.21029,
36.58386
],
[
-89.20938,
36.58481
],
[
-89.20833,
36.58559
],
[
-89.20787,
36.58624
],
[
-89.20753,
36.58703
],
[
-89.20746,
36.58814
],
[
-89.20683,
36.58931
],
[
-89.20684,
36.5901
],
[
-89.20619,
36.5909
],
[
-89.20525,
36.59156
],
[
-89.20471,
36.59194
],
[
-89.20416,
36.59232
],
[
-89.20331,
36.59879
],
[
-89.20267,
36.60058
],
[
-89.20251,
36.60261
],
[
-89.20178,
36.60625
],
[
-89.20129,
36.60746
],
[
-89.20103,
36.60874
],
[
-89.20026,
36.61049
],
[
-89.19906,
36.62403
],
[
-89.19741,
36.62532
],
[
-89.19636,
36.62627
],
[
-89.19598,
36.62716
],
[
-89.19547,
36.62768
],
[
-89.19265,
36.63031
],
[
-89.19047,
36.63293
],
[
-89.18829,
36.6368
],
[
-89.18674,
36.63993
],
[
-89.1862,
36.64181
],
[
-89.1859,
36.64275
],
[
-89.18579,
36.64336
],
[
-89.18559,
36.64484
],
[
-89.18543,
36.64577
],
[
-89.18276,
36.64769
],
[
-89.17975,
36.64972
],
[
-89.17586,
36.65257
],
[
-89.17151,
36.65486
],
[
-89.16543,
36.6582
],
[
-89.16386,
36.6591
],
[
-89.16217,
36.66062
],
[
-89.16091,
36.66208
],
[
-89.15982,
36.66339
],
[
-89.15756,
36.66593
],
[
-89.15992,
36.66731
],
[
-89.1637,
36.66949
],
[
-89.1673,
36.67147
],
[
-89.17022,
36.67209
],
[
-89.16903,
36.67339
],
[
-89.16772,
36.67548
],
[
-89.16723,
36.67706
],
[
-89.16701,
36.67895
],
[
-89.16701,
36.67979
],
[
-89.1671,
36.68226
],
[
-89.16714,
36.68405
],
[
-89.16757,
36.68546
],
[
-89.1686,
36.68766
],
[
-89.16929,
36.68874
],
[
-89.17004,
36.68947
],
[
-89.17094,
36.68996
],
[
-89.17188,
36.69079
],
[
-89.17298,
36.69182
],
[
-89.17429,
36.69325
],
[
-89.17547,
36.69421
],
[
-89.17676,
36.69509
],
[
-89.17824,
36.69604
],
[
-89.18002,
36.69719
],
[
-89.18111,
36.69798
],
[
-89.18199,
36.69848
],
[
-89.18268,
36.6991
],
[
-89.18373,
36.70034
],
[
-89.18425,
36.70082
],
[
-89.1853,
36.70175
],
[
-89.18635,
36.70268
],
[
-89.18755,
36.70428
],
[
-89.18893,
36.70548
],
[
-89.19051,
36.70687
],
[
-89.19165,
36.70803
],
[
-89.19328,
36.70959
],
[
-89.19463,
36.71064
],
[
-89.19583,
36.71166
],
[
-89.19732,
36.71319
],
[
-89.1983,
36.71441
],
[
-89.19895,
36.71554
],
[
-89.19942,
36.71662
],
[
-89.19986,
36.71793
],
[
-89.19999,
36.71864
],
[
-89.20035,
36.72008
],
[
-89.20052,
36.72246
],
[
-89.2006,
36.72367
],
[
-89.20055,
36.72569
],
[
-89.20032,
36.72762
],
[
-89.20008,
36.72922
],
[
-89.1999,
36.73104
],
[
-89.19669,
36.74027
],
[
-89.19208,
36.74502
],
[
-89.18696,
36.75052
],
[
-89.18169,
36.75458
],
[
-89.17854,
36.75565
],
[
-89.17591,
36.75644
],
[
-89.16812,
36.75947
],
[
-89.1648,
36.75898
],
[
-89.16182,
36.75766
],
[
-89.15586,
36.75543
],
[
-89.15068,
36.75575
],
[
-89.14671,
36.75543
],
[
-89.14391,
36.75554
],
[
-89.14068,
36.75483
],
[
-89.13957,
36.75417
],
[
-89.13873,
36.75353
],
[
-89.13825,
36.75312
],
[
-89.1379,
36.75305
],
[
-89.13712,
36.75281
],
[
-89.1369,
36.75273
],
[
-89.13666,
36.75256
],
[
-89.13628,
36.75224
],
[
-89.13596,
36.7521
],
[
-89.13561,
36.75187
],
[
-89.13522,
36.7516
],
[
-89.13483,
36.75134
],
[
-89.13437,
36.75128
],
[
-89.13393,
36.75134
],
[
-89.13307,
36.75148
],
[
-89.1318,
36.7513
],
[
-89.13081,
36.75126
],
[
-89.12991,
36.75126
],
[
-89.12828,
36.75128
],
[
-89.12665,
36.7513
],
[
-89.12515,
36.75131
],
[
-89.1249,
36.75151
],
[
-89.12449,
36.7519
],
[
-89.12391,
36.75236
],
[
-89.12331,
36.75277
],
[
-89.12282,
36.75313
],
[
-89.12235,
36.75358
],
[
-89.12142,
36.75441
],
[
-89.11993,
36.75634
],
[
-89.11922,
36.75742
],
[
-89.11869,
36.75852
],
[
-89.11845,
36.75897
],
[
-89.11803,
36.75978
],
[
-89.11602,
36.76512
],
[
-89.115,
36.77069
],
[
-89.11502,
36.7724
],
[
-89.11572,
36.77514
],
[
-89.11763,
36.77818
],
[
-89.11918,
36.78094
],
[
-89.12108,
36.78329
],
[
-89.12359,
36.78552
],
[
-89.12609,
36.7866
],
[
-89.12875,
36.78733
],
[
-89.12961,
36.78737
],
[
-89.13044,
36.78765
],
[
-89.13131,
36.78786
],
[
-89.13314,
36.78795
],
[
-89.13539,
36.78804
],
[
-89.13671,
36.78811
],
[
-89.13894,
36.78819
],
[
-89.13956,
36.78812
],
[
-89.14071,
36.78802
],
[
-89.14487,
36.78806
],
[
-89.14882,
36.78815
],
[
-89.15031,
36.78821
],
[
-89.15211,
36.78851
],
[
-89.15388,
36.78868
],
[
-89.15566,
36.78903
],
[
-89.15724,
36.78956
],
[
-89.15982,
36.79051
],
[
-89.16147,
36.79134
],
[
-89.16299,
36.79222
],
[
-89.16595,
36.79417
],
[
-89.16781,
36.79543
],
[
-89.16946,
36.79721
],
[
-89.17095,
36.79915
],
[
-89.17308,
36.80196
],
[
-89.17501,
36.80458
],
[
-89.17716,
36.80833
],
[
-89.17786,
36.80995
],
[
-89.17834,
36.81167
],
[
-89.1785,
36.8134
],
[
-89.17851,
36.81406
],
[
-89.17852,
36.8145
],
[
-89.17845,
36.8147
],
[
-89.17802,
36.81518
],
[
-89.17781,
36.8154
],
[
-89.17758,
36.81562
],
[
-89.17755,
36.81576
],
[
-89.17756,
36.81584
],
[
-89.17756,
36.81606
],
[
-89.17755,
36.81613
],
[
-89.17757,
36.81664
],
[
-89.17758,
36.81768
],
[
-89.17758,
36.81875
],
[
-89.17756,
36.82046
],
[
-89.17756,
36.82219
],
[
-89.17783,
36.82732
],
[
-89.17797,
36.82993
],
[
-89.17795,
36.8311
],
[
-89.17786,
36.83232
],
[
-89.17755,
36.83324
],
[
-89.17722,
36.83437
],
[
-89.17671,
36.83499
],
[
-89.17654,
36.83522
],
[
-89.17639,
36.83538
],
[
-89.1763,
36.83546
],
[
-89.17627,
36.83557
],
[
-89.17613,
36.83575
],
[
-89.17602,
36.83586
],
[
-89.17576,
36.83608
],
[
-89.17558,
36.8364
],
[
-89.1752,
36.83698
],
[
-89.175,
36.83719
],
[
-89.17488,
36.83725
],
[
-89.17449,
36.83724
],
[
-89.1744,
36.83728
],
[
-89.17431,
36.83738
],
[
-89.17422,
36.83758
],
[
-89.17411,
36.83778
],
[
-89.17404,
36.83785
],
[
-89.17398,
36.83791
],
[
-89.17384,
36.83797
],
[
-89.17361,
36.83796
],
[
-89.17338,
36.83804
],
[
-89.1733,
36.83822
],
[
-89.17326,
36.83848
],
[
-89.17284,
36.83911
],
[
-89.17174,
36.83998
],
[
-89.17104,
36.84044
],
[
-89.17102,
36.84051
],
[
-89.16988,
36.84116
],
[
-89.16959,
36.84123
],
[
-89.16926,
36.84135
],
[
-89.16893,
36.84149
],
[
-89.16869,
36.8415
],
[
-89.16845,
36.84151
],
[
-89.16791,
36.84166
],
[
-89.1676,
36.84181
],
[
-89.16741,
36.84184
],
[
-89.16699,
36.8421
],
[
-89.16589,
36.84225
],
[
-89.16537,
36.8424
],
[
-89.16506,
36.84238
],
[
-89.16493,
36.84227
],
[
-89.16438,
36.84224
],
[
-89.16406,
36.84205
],
[
-89.16333,
36.84201
],
[
-89.16308,
36.8421
],
[
-89.16252,
36.84218
],
[
-89.16222,
36.84217
],
[
-89.16141,
36.84218
],
[
-89.16077,
36.84218
],
[
-89.16061,
36.84225
],
[
-89.15922,
36.84217
],
[
-89.15854,
36.84212
],
[
-89.15795,
36.84228
],
[
-89.15764,
36.84237
],
[
-89.15747,
36.84245
],
[
-89.15727,
36.84255
],
[
-89.15627,
36.84319
],
[
-89.15108,
36.84641
],
[
-89.13647,
36.84688
],
[
-89.12975,
36.85862
],
[
-89.12489,
36.8722
],
[
-89.1162,
36.88617
],
[
-89.11025,
36.90981
],
[
-89.10602,
36.92384
],
[
-89.09927,
36.94447
],
[
-89.09778,
36.96127
],
[
-89.10118,
36.96655
],
[
-89.10634,
36.97326
],
[
-89.11194,
36.97709
],
[
-89.11465,
36.97894
],
[
-89.11773,
36.98166
],
[
-89.12399,
36.98185
],
[
-89.1294,
36.9815
],
[
-89.13266,
36.98052
],
[
-89.13677,
36.98366
],
[
-89.14484,
36.9891
],
[
-89.1578,
36.99783
],
[
-89.16608,
37.00412
],
[
-89.17058,
37.00767
],
[
-89.17335,
37.01208
],
[
-89.17406,
37.01431
],
[
-89.17582,
37.01766
],
[
-89.17865,
37.02244
],
[
-89.17968,
37.02639
],
[
-89.18037,
37.03209
],
[
-89.18098,
37.03518
],
[
-89.18125,
37.03828
],
[
-89.18059,
37.04158
],
[
-89.18013,
37.04408
],
[
-89.1799,
37.0462
],
[
-89.17892,
37.04977
],
[
-89.17817,
37.05223
],
[
-89.177,
37.05524
],
[
-89.17586,
37.05825
],
[
-89.17255,
37.06523
],
[
-89.16622,
37.07412
],
[
-89.15818,
37.08274
],
[
-89.15238,
37.08875
],
[
-89.14972,
37.08954
],
[
-89.14474,
37.0903
],
[
-89.1389,
37.09509
],
[
-89.13375,
37.10304
],
[
-89.12825,
37.10553
],
[
-89.11793,
37.11406
],
[
-89.1124,
37.11824
],
[
-89.10821,
37.12114
],
[
-89.1019,
37.13268
],
[
-89.09887,
37.13853
],
[
-89.09523,
37.14638
],
[
-89.09447,
37.15031
],
[
-89.09089,
37.15735
],
[
-89.0749,
37.17373
],
[
-89.05892,
37.18628
],
[
-89.0345,
37.20481
],
[
-88.9994,
37.22326
],
[
-88.97494,
37.22859
],
[
-88.95804,
37.22517
],
[
-88.91462,
37.22189
],
[
-88.87763,
37.21177
],
[
-88.83339,
37.19523
],
[
-88.80372,
37.18723
],
[
-88.78682,
37.1794
],
[
-88.78148,
37.17457
],
[
-88.77545,
37.16946
],
[
-88.752,
37.15519
],
[
-88.74069,
37.14902
],
[
-88.73006,
37.14272
],
[
-88.72149,
37.14049
],
[
-88.71257,
37.14045
],
[
-88.70588,
37.1411
],
[
-88.7007,
37.1419
],
[
-88.6945,
37.14106
],
[
-88.68448,
37.13856
],
[
-88.67338,
37.13437
],
[
-88.66182,
37.12929
],
[
-88.64454,
37.12323
],
[
-88.63469,
37.12069
],
[
-88.62838,
37.12082
],
[
-88.61195,
37.11356
],
[
-88.59789,
37.10568
],
[
-88.59396,
37.10215
],
[
-88.5889,
37.09806
],
[
-88.57356,
37.08458
],
[
-88.54312,
37.06946
],
[
-88.5267,
37.06655
],
[
-88.51754,
37.06653
],
[
-88.51216,
37.06569
],
[
-88.50844,
37.06552
],
[
-88.50472,
37.06508
],
[
-88.49603,
37.06632
],
[
-88.48996,
37.06756
],
[
-88.48272,
37.06717
],
[
-88.4741,
37.06801
],
[
-88.45869,
37.0751
],
[
-88.45118,
37.08877
],
[
-88.44062,
37.11063
],
[
-88.42224,
37.14884
],
[
-88.44728,
37.20553
],
[
-88.4644,
37.21387
],
[
-88.47529,
37.22725
],
[
-88.48472,
37.24307
],
[
-88.50908,
37.26377
],
[
-88.50972,
37.28878
],
[
-88.4959,
37.31912
],
[
-88.48473,
37.33937
],
[
-88.47202,
37.38858
],
[
-88.45208,
37.4095
],
[
-88.40945,
37.42406
],
[
-88.39562,
37.41937
],
[
-88.37206,
37.40453
],
[
-88.36341,
37.40103
],
[
-88.34061,
37.41477
],
[
-88.30736,
37.44222
],
[
-88.27108,
37.45242
],
[
-88.22736,
37.45319
],
[
-88.09713,
37.47249
],
[
-88.07758,
37.47967
],
[
-88.06216,
37.49338
],
[
-88.067,
37.52671
],
[
-88.12263,
37.57167
],
[
-88.15182,
37.62568
],
[
-88.15689,
37.64883
],
[
-88.1544,
37.66654
],
[
-88.13286,
37.69144
],
[
-88.12842,
37.70076
],
[
-88.11849,
37.71062
],
[
-88.10069,
37.71729
],
[
-88.09128,
37.72362
],
[
-88.07963,
37.73008
],
[
-88.06979,
37.73301
],
[
-88.06166,
37.73757
],
[
-88.03928,
37.76435
],
[
-88.0353,
37.78717
],
[
-88.02905,
37.79734
],
[
-88.01525,
37.80155
],
[
-88.00351,
37.79789
],
[
-87.99177,
37.79369
],
[
-87.97515,
37.78637
],
[
-87.96067,
37.77321
],
[
-87.94999,
37.76989
],
[
-87.94122,
37.77989
],
[
-87.93825,
37.78681
],
[
-87.93288,
37.79073
],
[
-87.92854,
37.79574
],
[
-87.90635,
37.80672
],
[
-87.90092,
37.82021
],
[
-87.90885,
37.84322
],
[
-87.91488,
37.85229
],
[
-87.92102,
37.85496
],
[
-87.92716,
37.86034
],
[
-87.93811,
37.86952
],
[
-87.94084,
37.87689
],
[
-87.94015,
37.88508
],
[
-87.93345,
37.89385
],
[
-87.92435,
37.90072
],
[
-87.90906,
37.9193
],
[
-87.89868,
37.92521
],
[
-87.8929,
37.92618
],
[
-87.8837,
37.92606
],
[
-87.87652,
37.92248
],
[
-87.86831,
37.91687
],
[
-87.86199,
37.90517
],
[
-87.85917,
37.89992
],
[
-87.85464,
37.89387
],
[
-87.84207,
37.88451
],
[
-87.82997,
37.87501
],
[
-87.80492,
37.87389
],
[
-87.78607,
37.87531
],
[
-87.7662,
37.88749
],
[
-87.75432,
37.89114
],
[
-87.73626,
37.89451
],
[
-87.72687,
37.89139
],
[
-87.71336,
37.89151
],
[
-87.68565,
37.90152
],
[
-87.67597,
37.90096
],
[
-87.66632,
37.89417
],
[
-87.66424,
37.88672
],
[
-87.66518,
37.88357
],
[
-87.66428,
37.88077
],
[
-87.66365,
37.87937
],
[
-87.66454,
37.87705
],
[
-87.66672,
37.87357
],
[
-87.66949,
37.87072
],
[
-87.67243,
37.86854
],
[
-87.67428,
37.86755
],
[
-87.67597,
37.86508
],
[
-87.67765,
37.86172
],
[
-87.67933,
37.85924
],
[
-87.68212,
37.85488
],
[
-87.68182,
37.85099
],
[
-87.6824,
37.84608
],
[
-87.68214,
37.84475
],
[
-87.68144,
37.84342
],
[
-87.68135,
37.84185
],
[
-87.68136,
37.84046
],
[
-87.6808,
37.83872
],
[
-87.67993,
37.83693
],
[
-87.67981,
37.83566
],
[
-87.67737,
37.83238
],
[
-87.67527,
37.83019
],
[
-87.67308,
37.8284
],
[
-87.66833,
37.82702
],
[
-87.65632,
37.82521
],
[
-87.64658,
37.82494
],
[
-87.63701,
37.82609
],
[
-87.6245,
37.82849
],
[
-87.61422,
37.83205
],
[
-87.61008,
37.83596
],
[
-87.60693,
37.83797
],
[
-87.60313,
37.84219
],
[
-87.60086,
37.84477
],
[
-87.59843,
37.84675
],
[
-87.59562,
37.8516
],
[
-87.59326,
37.85488
],
[
-87.59132,
37.85692
],
[
-87.58933,
37.86008
],
[
-87.58925,
37.86147
],
[
-87.5893,
37.86276
],
[
-87.58933,
37.86399
],
[
-87.58937,
37.86445
],
[
-87.58928,
37.86487
],
[
-87.58896,
37.86788
],
[
-87.58901,
37.86879
],
[
-87.58983,
37.87336
],
[
-87.58995,
37.87424
],
[
-87.5899,
37.87458
],
[
-87.59029,
37.87583
],
[
-87.59081,
37.87745
],
[
-87.59198,
37.88076
],
[
-87.59233,
37.88181
],
[
-87.59257,
37.88286
],
[
-87.59272,
37.88382
],
[
-87.59265,
37.88445
],
[
-87.59231,
37.88559
],
[
-87.59678,
37.89183
],
[
-87.6055,
37.89779
],
[
-87.61243,
37.90084
],
[
-87.62116,
37.90781
],
[
-87.62624,
37.91646
],
[
-87.62866,
37.92417
],
[
-87.62696,
37.92997
],
[
-87.62459,
37.93346
],
[
-87.61424,
37.94135
],
[
-87.60983,
37.94459
],
[
-87.60611,
37.94877
],
[
-87.60504,
37.95185
],
[
-87.60552,
37.95384
],
[
-87.60385,
37.95732
],
[
-87.6045,
37.96141
],
[
-87.60521,
37.96261
],
[
-87.60489,
37.96497
],
[
-87.60373,
37.96758
],
[
-87.60184,
37.97043
],
[
-87.59867,
37.97314
],
[
-87.59314,
37.97437
],
[
-87.58955,
37.97472
],
[
-87.58615,
37.97398
],
[
-87.58105,
37.97167
],
[
-87.57774,
37.96936
],
[
-87.57613,
37.96637
],
[
-87.57503,
37.96392
],
[
-87.57462,
37.95893
],
[
-87.57508,
37.95621
],
[
-87.57683,
37.95248
],
[
-87.57767,
37.95126
],
[
-87.57606,
37.95094
],
[
-87.57414,
37.95082
],
[
-87.57393,
37.95063
],
[
-87.57372,
37.95008
],
[
-87.57347,
37.94955
],
[
-87.57309,
37.94858
],
[
-87.57284,
37.94767
],
[
-87.57253,
37.94675
],
[
-87.57217,
37.94592
],
[
-87.57196,
37.94563
],
[
-87.57184,
37.94533
],
[
-87.57157,
37.94502
],
[
-87.5714,
37.94461
],
[
-87.57109,
37.94411
],
[
-87.5703,
37.94271
],
[
-87.56984,
37.94185
],
[
-87.56948,
37.9413
],
[
-87.56924,
37.94083
],
[
-87.56793,
37.93929
],
[
-87.56711,
37.93808
],
[
-87.5665,
37.93739
],
[
-87.56639,
37.93717
],
[
-87.5662,
37.93698
],
[
-87.56528,
37.93579
],
[
-87.56421,
37.9346
],
[
-87.56391,
37.93423
],
[
-87.56346,
37.93386
],
[
-87.56301,
37.93337
],
[
-87.56241,
37.93271
],
[
-87.5617,
37.93204
],
[
-87.56063,
37.93107
],
[
-87.55983,
37.93037
],
[
-87.55919,
37.92984
],
[
-87.55851,
37.92927
],
[
-87.55781,
37.92877
],
[
-87.55715,
37.92816
],
[
-87.55679,
37.9279
],
[
-87.5564,
37.9276
],
[
-87.55539,
37.927
],
[
-87.55456,
37.92661
],
[
-87.55341,
37.92603
],
[
-87.55321,
37.92597
],
[
-87.55288,
37.92578
],
[
-87.55254,
37.92555
],
[
-87.5523,
37.92498
],
[
-87.53066,
37.91598
],
[
-87.52194,
37.91332
],
[
-87.51896,
37.91233
],
[
-87.5148,
37.91
],
[
-87.51013,
37.90585
],
[
-87.50376,
37.90723
],
[
-87.50049,
37.9086
],
[
-87.49749,
37.91098
],
[
-87.49371,
37.91332
],
[
-87.48925,
37.9166
],
[
-87.48654,
37.91836
],
[
-87.48375,
37.9206
],
[
-87.47945,
37.92318
],
[
-87.47532,
37.9261
],
[
-87.47212,
37.92812
],
[
-87.46863,
37.92997
],
[
-87.46258,
37.934
],
[
-87.46039,
37.93521
],
[
-87.45641,
37.9372
],
[
-87.45316,
37.93892
],
[
-87.44836,
37.94124
],
[
-87.44672,
37.94184
],
[
-87.44603,
37.94193
],
[
-87.44523,
37.94218
],
[
-87.44196,
37.94266
],
[
-87.4372,
37.9437
],
[
-87.4355,
37.94375
],
[
-87.43027,
37.94426
],
[
-87.42554,
37.94443
],
[
-87.42216,
37.94445
],
[
-87.41796,
37.94464
],
[
-87.41427,
37.94493
],
[
-87.41236,
37.94476
],
[
-87.40791,
37.94409
],
[
-87.40405,
37.94328
],
[
-87.37731,
37.93053
],
[
-87.35913,
37.91995
],
[
-87.34386,
37.91087
],
[
-87.33485,
37.90742
],
[
-87.32713,
37.90667
],
[
-87.31732,
37.90347
],
[
-87.30596,
37.89892
],
[
-87.28023,
37.88529
],
[
-87.27174,
37.8801
],
[
-87.2632,
37.87287
],
[
-87.25842,
37.8684
],
[
-87.25081,
37.86461
],
[
-87.24048,
37.85918
],
[
-87.22974,
37.85314
],
[
-87.22424,
37.85032
],
[
-87.21857,
37.84778
],
[
-87.20639,
37.84472
],
[
-87.19921,
37.84314
],
[
-87.1951,
37.84282
],
[
-87.19203,
37.84224
],
[
-87.18094,
37.84093
],
[
-87.17914,
37.84135
],
[
-87.17665,
37.84163
],
[
-87.17108,
37.84219
],
[
-87.16736,
37.84157
],
[
-87.16492,
37.84102
],
[
-87.1632,
37.84014
],
[
-87.15987,
37.83805
],
[
-87.15645,
37.83522
],
[
-87.15406,
37.83262
],
[
-87.15063,
37.82787
],
[
-87.14622,
37.82223
],
[
-87.14301,
37.81774
],
[
-87.13813,
37.80966
],
[
-87.13433,
37.79224
],
[
-87.13149,
37.78815
],
[
-87.12796,
37.78488
],
[
-87.11654,
37.78161
],
[
-87.10099,
37.78322
],
[
-87.09348,
37.78633
],
[
-87.08665,
37.78999
],
[
-87.07819,
37.79473
],
[
-87.07008,
37.80082
],
[
-87.05943,
37.82006
],
[
-87.05444,
37.8351
],
[
-87.05186,
37.84526
],
[
-87.04103,
37.8707
],
[
-87.04167,
37.88512
],
[
-87.04422,
37.89084
],
[
-87.04267,
37.8958
],
[
-87.03768,
37.90184
],
[
-87.03139,
37.90695
],
[
-87.02475,
37.9107
],
[
-87.01683,
37.91466
],
[
-87.00891,
37.91834
],
[
-86.98161,
37.92827
],
[
-86.96156,
37.93163
],
[
-86.94495,
37.93283
],
[
-86.92628,
37.93389
],
[
-86.90761,
37.94036
],
[
-86.89018,
37.95426
],
[
-86.88335,
37.9631
],
[
-86.87481,
37.97032
],
[
-86.86695,
37.97619
],
[
-86.86233,
37.98101
],
[
-86.85669,
37.98557
],
[
-86.84598,
37.98884
],
[
-86.83733,
37.99156
],
[
-86.82937,
37.99483
],
[
-86.81797,
37.99837
],
[
-86.8095,
37.99575
],
[
-86.80342,
37.9915
],
[
-86.79437,
37.98868
],
[
-86.78548,
37.97179
],
[
-86.78344,
37.96429
],
[
-86.77762,
37.95228
],
[
-86.76887,
37.93783
],
[
-86.75698,
37.92012
],
[
-86.74589,
37.90652
],
[
-86.73708,
37.89809
],
[
-86.72758,
37.89238
],
[
-86.71971,
37.89205
],
[
-86.71355,
37.89497
],
[
-86.70377,
37.89941
],
[
-86.69503,
37.90602
],
[
-86.68474,
37.91263
],
[
-86.67977,
37.91445
],
[
-86.67067,
37.91463
],
[
-86.66242,
37.91222
],
[
-86.65519,
37.91115
],
[
-86.64969,
37.90955
],
[
-86.64452,
37.90469
],
[
-86.64511,
37.89661
],
[
-86.64742,
37.88771
],
[
-86.65788,
37.86802
],
[
-86.66152,
37.86133
],
[
-86.66225,
37.85316
],
[
-86.65997,
37.84545
],
[
-86.65323,
37.84181
],
[
-86.64597,
37.84082
],
[
-86.6394,
37.84172
],
[
-86.62386,
37.84678
],
[
-86.60625,
37.85656
],
[
-86.60148,
37.8624
],
[
-86.59808,
37.86905
],
[
-86.59738,
37.88912
],
[
-86.59891,
37.90092
],
[
-86.59822,
37.90933
],
[
-86.59494,
37.91388
],
[
-86.59098,
37.91817
],
[
-86.58624,
37.92131
],
[
-86.58185,
37.92146
],
[
-86.56782,
37.92163
],
[
-86.53783,
37.91651
],
[
-86.52715,
37.9185
],
[
-86.52042,
37.9209
],
[
-86.51282,
37.92411
],
[
-86.50695,
37.9284
],
[
-86.50602,
37.93624
],
[
-86.50989,
37.94408
],
[
-86.51514,
37.9503
],
[
-86.51913,
37.95341
],
[
-86.52244,
37.95895
],
[
-86.52443,
37.9675
],
[
-86.52435,
37.98065
],
[
-86.5254,
38.0022
],
[
-86.52405,
38.02078
],
[
-86.52418,
38.02559
],
[
-86.52397,
38.03121
],
[
-86.52136,
38.03616
],
[
-86.51909,
38.04097
],
[
-86.51198,
38.04383
],
[
-86.50109,
38.04507
],
[
-86.48659,
38.04489
],
[
-86.47892,
38.04494
],
[
-86.47124,
38.04579
],
[
-86.46069,
38.04723
],
[
-86.45169,
38.0503
],
[
-86.44372,
38.05525
],
[
-86.43609,
38.06183
],
[
-86.43164,
38.06861
],
[
-86.4289,
38.0789
],
[
-86.43047,
38.08267
],
[
-86.43341,
38.0859
],
[
-86.44066,
38.0902
],
[
-86.45135,
38.09314
],
[
-86.45998,
38.09771
],
[
-86.46483,
38.10551
],
[
-86.46574,
38.11224
],
[
-86.46171,
38.11948
],
[
-86.4542,
38.12509
],
[
-86.44515,
38.12664
],
[
-86.43168,
38.1249
],
[
-86.41718,
38.11478
],
[
-86.40933,
38.10891
],
[
-86.40489,
38.10517
],
[
-86.39942,
38.10466
],
[
-86.39431,
38.10859
],
[
-86.39195,
38.11413
],
[
-86.38891,
38.12062
],
[
-86.38346,
38.12657
],
[
-86.37546,
38.12971
],
[
-86.36608,
38.12893
],
[
-86.34939,
38.12833
],
[
-86.33874,
38.12819
],
[
-86.33256,
38.1296
],
[
-86.32775,
38.1321
],
[
-86.32294,
38.13952
],
[
-86.31985,
38.14828
],
[
-86.33031,
38.15692
],
[
-86.35314,
38.16069
],
[
-86.37184,
38.16743
],
[
-86.37476,
38.18712
],
[
-86.36152,
38.19573
],
[
-86.34519,
38.19219
],
[
-86.33319,
38.18158
],
[
-86.31776,
38.17017
],
[
-86.28862,
38.15759
],
[
-86.27714,
38.14415
],
[
-86.27294,
38.13756
],
[
-86.27218,
38.1299
],
[
-86.27717,
38.11331
],
[
-86.27872,
38.09997
],
[
-86.27753,
38.07891
],
[
-86.27418,
38.0681
],
[
-86.26878,
38.05811
],
[
-86.25419,
38.04704
],
[
-86.23549,
38.0384
],
[
-86.22111,
38.02986
],
[
-86.20533,
38.02018
],
[
-86.17548,
38.00914
],
[
-86.15799,
38.0092
],
[
-86.14444,
38.0141
],
[
-86.12883,
38.01467
],
[
-86.11176,
38.0126
],
[
-86.09297,
38.0062
],
[
-86.08015,
37.99922
],
[
-86.07213,
37.99007
],
[
-86.06889,
37.97967
],
[
-86.06188,
37.96955
],
[
-86.05246,
37.96145
],
[
-86.04672,
37.95821
],
[
-86.03926,
37.95768
],
[
-86.03609,
37.96062
],
[
-86.03394,
37.96464
],
[
-86.03342,
37.97348
],
[
-86.03359,
37.98463
],
[
-86.03067,
37.99144
],
[
-86.019,
37.99587
],
[
-86.00423,
37.99841
],
[
-85.97624,
38.00267
],
[
-85.96139,
38.00344
],
[
-85.94585,
38.00611
],
[
-85.93422,
38.01309
],
[
-85.92173,
38.02669
],
[
-85.91718,
38.05023
],
[
-85.91589,
38.06254
],
[
-85.91214,
38.07434
],
[
-85.90564,
38.08505
],
[
-85.90293,
38.10188
],
[
-85.90688,
38.13595
],
[
-85.90713,
38.15027
],
[
-85.90601,
38.1646
],
[
-85.89752,
38.18236
],
[
-85.88558,
38.19634
],
[
-85.87241,
38.20791
],
[
-85.85752,
38.21733
],
[
-85.84005,
38.2343
],
[
-85.83637,
38.24433
],
[
-85.83612,
38.25922
],
[
-85.83082,
38.27121
],
[
-85.82086,
38.27992
],
[
-85.8109,
38.28269
],
[
-85.79219,
38.28628
],
[
-85.78644,
38.28794
],
[
-85.77932,
38.28717
],
[
-85.76901,
38.28212
],
[
-85.766,
38.27994
],
[
-85.76643,
38.27775
],
[
-85.76377,
38.2749
],
[
-85.75956,
38.27258
],
[
-85.75244,
38.26869
],
[
-85.74836,
38.26708
],
[
-85.74377,
38.26702
],
[
-85.73711,
38.2696
],
[
-85.73096,
38.27258
],
[
-85.72412,
38.2757
],
[
-85.71669,
38.27929
],
[
-85.70419,
38.28549
],
[
-85.68997,
38.29236
],
[
-85.6813,
38.29645
],
[
-85.67365,
38.3021
],
[
-85.67142,
38.30609
],
[
-85.67056,
38.30802
],
[
-85.66884,
38.30994
],
[
-85.66103,
38.31877
],
[
-85.65562,
38.32339
],
[
-85.64901,
38.33448
],
[
-85.64446,
38.34493
],
[
-85.64197,
38.35309
],
[
-85.63785,
38.3647
],
[
-85.63793,
38.37813
],
[
-85.63679,
38.38315
],
[
-85.63428,
38.39018
],
[
-85.63229,
38.39681
],
[
-85.62875,
38.40391
],
[
-85.62119,
38.41861
],
[
-85.62016,
38.42296
],
[
-85.61684,
38.42709
],
[
-85.61299,
38.43083
],
[
-85.60778,
38.43685
],
[
-85.60311,
38.44127
],
[
-85.59536,
38.44576
],
[
-85.58282,
38.45101
],
[
-85.57171,
38.45273
],
[
-85.56253,
38.45326
],
[
-85.55336,
38.45339
],
[
-85.5345,
38.45566
],
[
-85.5236,
38.45821
],
[
-85.51287,
38.46184
],
[
-85.50136,
38.46655
],
[
-85.49553,
38.46987
],
[
-85.49038,
38.47427
],
[
-85.48171,
38.48758
],
[
-85.47866,
38.49537
],
[
-85.47398,
38.50336
],
[
-85.46775,
38.509
],
[
-85.46102,
38.51236
],
[
-85.44848,
38.51742
],
[
-85.43561,
38.52195
],
[
-85.42565,
38.52822
],
[
-85.41801,
38.53704
],
[
-85.41509,
38.5466
],
[
-85.41466,
38.55497
],
[
-85.41501,
38.56246
],
[
-85.41732,
38.56987
],
[
-85.42265,
38.57895
],
[
-85.4305,
38.59098
],
[
-85.43378,
38.59632
],
[
-85.43715,
38.60314
],
[
-85.43857,
38.61023
],
[
-85.43835,
38.62979
],
[
-85.43766,
38.64298
],
[
-85.43654,
38.64984
],
[
-85.438,
38.65542
],
[
-85.43936,
38.6618
],
[
-85.44176,
38.66884
],
[
-85.45135,
38.6784
],
[
-85.45459,
38.68527
],
[
-85.45474,
38.6916
],
[
-85.44916,
38.70997
],
[
-85.43594,
38.72581
],
[
-85.42324,
38.73284
],
[
-85.40718,
38.73572
],
[
-85.3734,
38.72966
],
[
-85.34999,
38.73118
],
[
-85.31013,
38.73917
],
[
-85.29055,
38.7421
],
[
-85.26856,
38.7394
],
[
-85.2583,
38.73595
],
[
-85.24907,
38.73169
],
[
-85.23675,
38.72021
],
[
-85.22817,
38.70716
],
[
-85.21685,
38.69625
],
[
-85.19764,
38.68802
],
[
-85.18508,
38.68659
],
[
-85.17218,
38.68704
],
[
-85.16014,
38.68936
],
[
-85.14672,
38.69356
],
[
-85.13431,
38.70049
],
[
-85.12327,
38.70822
],
[
-85.09833,
38.72628
],
[
-85.07181,
38.73989
],
[
-85.04556,
38.74783
],
[
-85.03044,
38.75726
],
[
-85.01018,
38.76578
],
[
-84.9913,
38.77697
],
[
-84.97242,
38.77799
],
[
-84.94409,
38.77368
],
[
-84.921,
38.78009
],
[
-84.89641,
38.7924
],
[
-84.88343,
38.79427
],
[
-84.86012,
38.79038
],
[
-84.84296,
38.78727
],
[
-84.8282,
38.78251
],
[
-84.81344,
38.78363
],
[
-84.81044,
38.78961
],
[
-84.81018,
38.79558
],
[
-84.8186,
38.81075
],
[
-84.82555,
38.8186
],
[
-84.82869,
38.82386
],
[
-84.82839,
38.83019
],
[
-84.82719,
38.83336
],
[
-84.82564,
38.8368
],
[
-84.81401,
38.84503
],
[
-84.7986,
38.85393
],
[
-84.78871,
38.8617
],
[
-84.78285,
38.8743
],
[
-84.78589,
38.88186
],
[
-84.79953,
38.88976
],
[
-84.81719,
38.89568
],
[
-84.84015,
38.89789
],
[
-84.85929,
38.89642
],
[
-84.86521,
38.8991
],
[
-84.87079,
38.90205
],
[
-84.87525,
38.90768
],
[
-84.87799,
38.91384
],
[
-84.87582,
38.92051
],
[
-84.87158,
38.92504
],
[
-84.86276,
38.9333
],
[
-84.84804,
38.94769
],
[
-84.83692,
38.95687
],
[
-84.83179,
38.96173
],
[
-84.82941,
38.96725
],
[
-84.83079,
38.97861
],
[
-84.83451,
38.98666
],
[
-84.84286,
38.99671
],
[
-84.8479,
39.00188
],
[
-84.8566,
39.01274
],
[
-84.87194,
39.0286
],
[
-84.88615,
39.04003
],
[
-84.89258,
39.05117
],
[
-84.8949,
39.05364
],
[
-84.89584,
39.05638
],
[
-84.88942,
39.06362
],
[
-84.88024,
39.06819
],
[
-84.85984,
39.0768
],
[
-84.84374,
39.08923
],
[
-84.82598,
39.10236
],
[
-84.80712,
39.1083
],
[
-84.79528,
39.11154
],
[
-84.78482,
39.11531
],
[
-84.77695,
39.12339
],
[
-84.77044,
39.13253
],
[
-84.76207,
39.14095
],
[
-84.75199,
39.14618
],
[
-84.74384,
39.14585
],
[
-84.73568,
39.14446
],
[
-84.72663,
39.1411
],
[
-84.71757,
39.13561
],
[
-84.69513,
39.10828
],
[
-84.68248,
39.09851
],
[
-84.65815,
39.09514
],
[
-84.63037,
39.07626
],
[
-84.6079,
39.07269
],
[
-84.58611,
39.07818
],
[
-84.56588,
39.08355
],
[
-84.55474,
39.09557
],
[
-84.54634,
39.09905
],
[
-84.53223,
39.09616
],
[
-84.52338,
39.09198
],
[
-84.5111,
39.09259
],
[
-84.49889,
39.0986
],
[
-84.48509,
39.11094
],
[
-84.47747,
39.11635
],
[
-84.46642,
39.12069
],
[
-84.45983,
39.12051
],
[
-84.45256,
39.11873
],
[
-84.4391,
39.10736
],
[
-84.43375,
39.09581
],
[
-84.43138,
39.07813
],
[
-84.43225,
39.06929
],
[
-84.43038,
39.06045
],
[
-84.42079,
39.04961
],
[
-84.40295,
39.0441
],
[
-84.36314,
39.04245
],
[
-84.33707,
39.03174
],
[
-84.31572,
39.01682
],
[
-84.29986,
38.99709
],
[
-84.29452,
38.97121
],
[
-84.28644,
38.95226
],
[
-84.24417,
38.90687
],
[
-84.23437,
38.89258
],
[
-84.23075,
38.87507
],
[
-84.23262,
38.84514
],
[
-84.22931,
38.82989
],
[
-84.22326,
38.81625
],
[
-84.21171,
38.80555
],
[
-84.19467,
38.79967
],
[
-84.15375,
38.793
],
[
-84.10513,
38.77895
],
[
-84.07671,
38.77086
],
[
-84.06215,
38.77029
],
[
-84.04725,
38.7716
],
[
-84.01028,
38.77818
],
[
-83.98184,
38.7836
],
[
-83.97379,
38.78605
],
[
-83.96114,
38.78519
],
[
-83.95055,
38.78379
],
[
-83.93892,
38.78026
],
[
-83.92833,
38.77351
],
[
-83.90689,
38.7673
],
[
-83.88545,
38.7627
],
[
-83.86436,
38.7589
],
[
-83.85411,
38.75166
],
[
-83.84592,
38.74227
],
[
-83.84047,
38.72271
],
[
-83.83294,
38.71427
],
[
-83.81888,
38.7071
],
[
-83.8012,
38.70378
],
[
-83.78962,
38.69944
],
[
-83.7828,
38.69031
],
[
-83.77812,
38.67295
],
[
-83.77139,
38.65666
],
[
-83.76047,
38.65053
],
[
-83.74818,
38.64761
],
[
-83.73348,
38.64576
],
[
-83.71879,
38.64606
],
[
-83.69455,
38.63433
],
[
-83.66275,
38.62581
],
[
-83.64823,
38.63067
],
[
-83.64126,
38.63982
],
[
-83.63556,
38.66187
],
[
-83.63016,
38.67525
],
[
-83.61309,
38.6838
],
[
-83.57895,
38.69071
],
[
-83.54515,
38.6979
],
[
-83.52241,
38.70203
],
[
-83.50178,
38.69793
],
[
-83.48217,
38.68632
],
[
-83.46794,
38.67488
],
[
-83.44822,
38.66987
],
[
-83.38764,
38.66299
],
[
-83.36093,
38.65603
],
[
-83.33422,
38.64263
],
[
-83.32399,
38.63272
],
[
-83.32091,
38.62273
],
[
-83.3199,
38.61274
],
[
-83.31133,
38.60195
],
[
-83.30139,
38.59705
],
[
-83.29066,
38.59598
],
[
-83.28336,
38.59974
],
[
-83.27288,
38.6094
],
[
-83.25535,
38.62283
],
[
-83.24021,
38.62821
],
[
-83.22725,
38.62476
],
[
-83.22048,
38.62023
],
[
-83.20075,
38.61493
],
[
-83.17502,
38.6172
],
[
-83.15426,
38.61834
],
[
-83.139,
38.62645
],
[
-83.12769,
38.63623
],
[
-83.1195,
38.65847
],
[
-83.11474,
38.6657
],
[
-83.10051,
38.6753
],
[
-83.07221,
38.68409
],
[
-83.04673,
38.69867
],
[
-83.03467,
38.71828
],
[
-83.02857,
38.72399
],
[
-83.02178,
38.72755
],
[
-83.00957,
38.72825
],
[
-82.99678,
38.72796
],
[
-82.97643,
38.72499
],
[
-82.96594,
38.7287
],
[
-82.94085,
38.742
],
[
-82.91951,
38.74986
],
[
-82.88918,
38.75594
],
[
-82.87728,
38.74787
],
[
-82.87294,
38.73819
],
[
-82.87168,
38.72664
],
[
-82.87729,
38.69097
],
[
-82.87305,
38.68165
],
[
-82.8627,
38.66787
],
[
-82.85977,
38.65907
],
[
-82.85752,
38.6508
],
[
-82.85631,
38.62938
],
[
-82.8548,
38.61464
],
[
-82.84684,
38.59358
],
[
-82.83496,
38.58278
],
[
-82.82034,
38.57306
],
[
-82.80322,
38.5642
],
[
-82.7813,
38.55749
],
[
-82.76012,
38.55965
],
[
-82.72394,
38.55751
],
[
-82.71255,
38.54935
],
[
-82.69931,
38.54339
],
[
-82.68685,
38.53101
],
[
-82.67993,
38.51864
],
[
-82.66171,
38.50225
],
[
-82.65054,
38.49055
],
[
-82.63054,
38.48256
],
[
-82.61465,
38.47348
],
[
-82.60498,
38.46209
],
[
-82.60289,
38.44429
],
[
-82.5991,
38.42813
],
[
-82.59472,
38.42019
],
[
-82.59549,
38.40969
],
[
-82.59325,
38.39784
],
[
-82.59717,
38.39383
],
[
-82.59776,
38.3894
],
[
-82.59565,
38.38476
],
[
-82.59237,
38.37948
],
[
-82.59124,
38.3759
],
[
-82.59475,
38.36869
],
[
-82.59744,
38.35931
],
[
-82.59811,
38.3462
],
[
-82.59407,
38.3426
],
[
-82.58968,
38.34062
],
[
-82.58323,
38.33343
],
[
-82.57777,
38.32902
],
[
-82.57487,
38.32319
],
[
-82.57197,
38.31815
],
[
-82.57132,
38.31569
],
[
-82.5717,
38.31322
],
[
-82.57624,
38.30801
],
[
-82.5829,
38.29759
],
[
-82.57923,
38.29122
],
[
-82.57899,
38.28296
],
[
-82.57405,
38.27426
],
[
-82.57424,
38.26842
],
[
-82.57412,
38.26426
],
[
-82.57745,
38.25419
],
[
-82.58002,
38.25013
],
[
-82.58293,
38.24675
],
[
-82.58527,
38.24554
],
[
-82.58813,
38.24528
],
[
-82.59427,
38.24482
],
[
-82.59913,
38.24578
],
[
-82.60199,
38.2468
],
[
-82.60468,
38.24714
],
[
-82.60594,
38.24653
],
[
-82.60737,
38.24538
],
[
-82.61044,
38.23857
],
[
-82.61223,
38.23563
],
[
-82.61158,
38.23281
],
[
-82.61093,
38.23067
],
[
-82.60974,
38.22598
],
[
-82.60787,
38.22296
],
[
-82.60195,
38.21983
],
[
-82.59925,
38.21908
],
[
-82.59837,
38.21823
],
[
-82.59818,
38.21738
],
[
-82.59827,
38.21295
],
[
-82.59827,
38.20785
],
[
-82.59888,
38.19967
],
[
-82.59886,
38.1975
],
[
-82.60053,
38.19449
],
[
-82.60226,
38.19211
],
[
-82.6033,
38.18846
],
[
-82.60494,
38.18528
],
[
-82.60608,
38.18331
],
[
-82.60723,
38.18047
],
[
-82.61037,
38.17397
],
[
-82.61137,
38.17156
],
[
-82.61237,
38.17057
],
[
-82.61354,
38.16992
],
[
-82.61595,
38.16924
],
[
-82.61837,
38.16868
],
[
-82.62371,
38.16979
],
[
-82.62596,
38.17042
],
[
-82.62914,
38.1707
],
[
-82.6347,
38.17104
],
[
-82.63622,
38.17124
],
[
-82.63753,
38.17121
],
[
-82.64035,
38.17065
],
[
-82.64189,
38.17026
],
[
-82.64292,
38.16936
],
[
-82.64322,
38.16821
],
[
-82.64385,
38.16719
],
[
-82.6444,
38.16571
],
[
-82.64376,
38.16429
],
[
-82.64288,
38.16275
],
[
-82.64153,
38.16087
],
[
-82.64001,
38.15865
],
[
-82.63848,
38.15639
],
[
-82.63854,
38.15357
],
[
-82.63822,
38.15095
],
[
-82.63816,
38.14832
],
[
-82.63823,
38.14612
],
[
-82.63775,
38.14341
],
[
-82.63733,
38.14076
],
[
-82.63658,
38.13886
],
[
-82.56391,
38.0791
],
[
-82.5159,
37.99862
],
[
-82.4648,
37.97952
],
[
-82.50045,
37.93465
],
[
-82.42489,
37.8881
],
[
-82.40291,
37.83255
],
[
-82.33527,
37.77681
],
[
-82.31003,
37.76114
],
[
-82.33002,
37.74326
],
[
-82.29646,
37.68464
],
[
-82.26582,
37.66337
],
[
-82.23311,
37.65678
],
[
-82.21589,
37.63132
],
[
-82.19731,
37.62653
],
[
-82.18628,
37.65083
],
[
-82.16943,
37.63606
],
[
-82.17028,
37.61318
],
[
-82.12813,
37.5865
],
[
-82.1292,
37.57125
],
[
-82.13488,
37.55791
],
[
-82.10305,
37.55859
],
[
-82.07254,
37.5543
],
[
-82.06195,
37.53667
],
[
-82.04305,
37.54571
],
[
-82.0262,
37.53788
],
[
-81.98222,
37.54452
],
[
-81.96704,
37.53768
],
[
-82.04173,
37.48694
],
[
-82.15541,
37.40663
],
[
-82.25982,
37.33388
],
[
-82.311,
37.29748
],
[
-82.35771,
37.26625
],
[
-82.44751,
37.24427
],
[
-82.59945,
37.18154
],
[
-82.64576,
37.14991
],
[
-82.72365,
37.11772
],
[
-82.72464,
37.07209
],
[
-82.72342,
37.04214
],
[
-82.74032,
37.0447
],
[
-82.74692,
37.02589
],
[
-82.77809,
37.01404
],
[
-82.82491,
37.00894
],
[
-82.86721,
36.9776
],
[
-82.85574,
36.92872
],
[
-82.86889,
36.89933
],
[
-82.90436,
36.87679
],
[
-83.00805,
36.84706
],
[
-83.05612,
36.85198
],
[
-83.10076,
36.82997
],
[
-83.1018,
36.80297
],
[
-83.13081,
36.78397
],
[
-83.12794,
36.75873
],
[
-83.13855,
36.74458
],
[
-83.18967,
36.73978
],
[
-83.25621,
36.72137
],
[
-83.34885,
36.70035
],
[
-83.41508,
36.67221
],
[
-83.47032,
36.65894
],
[
-83.48507,
36.66711
],
[
-83.50943,
36.66977
],
[
-83.58012,
36.64258
],
[
-83.60774,
36.6345
],
[
-83.64085,
36.62145
],
[
-83.69541,
36.58212
],
[
-84.546,
36.59716
],
[
-84.9198,
36.61128
],
[
-85.10945,
36.62165
],
[
-85.31832,
36.62321
],
[
-85.48509,
36.61419
],
[
-85.83146,
36.62456
],
[
-86.09544,
36.63382
],
[
-86.46065,
36.65235
],
[
-86.5051,
36.65136
],
[
-86.56329,
36.63385
],
[
-86.58714,
36.65159
],
[
-86.66592,
36.6506
],
[
-86.87256,
36.64664
],
[
-86.95496,
36.64471
]
]
]
}
},
{
"type"
:
"Feature",
"properties": {
"Polygon_id"
:
70,
"Area_Name"
:
"SunStrong - LA (OOM)",
"color"
:
"#FFDEAD",
"fill"
:
"#FFDEAD",
"fill-opacity"
:
0.6,
"stroke"
:
"#000000",
"stroke-width"
:
1
},
"geometry": {
"type"
:
"Polygon",
"coordinates": [
[
[
-94.03096,
33.01675
],
[
-94.01413,
31.98257
],
[
-93.61313,
31.25285
],
[
-93.50876,
31.046
],
[
-93.54721,
30.79152
],
[
-93.70652,
30.53636
],
[
-93.72849,
30.25682
],
[
-93.67905,
30.06684
],
[
-93.80539,
29.88602
],
[
-93.89328,
29.83838
],
[
-93.79441,
29.5234
],
[
-88.71872,
28.78464
],
[
-88.93845,
30.13337
],
[
-89.63059,
30.13337
],
[
-89.81661,
30.48661
],
[
-89.90451,
30.69467
],
[
-89.78366,
30.97767
],
[
-91.60739,
30.97767
],
[
-91.62936,
31.24104
],
[
-91.32174,
31.82162
],
[
-90.93722,
32.25003
],
[
-91.13497,
32.61168
],
[
-91.17892,
32.99029
],
[
-94.03096,
33.01675
]
]
]
}
},
{
"type"
:
"Feature",
"properties": {
"Polygon_id"
:
71,
"Area_Name"
:
"SunStrong - MA - Barnstable",
"color"
:
"#B0E0E6",
"fill"
:
"#B0E0E6",
"fill-opacity"
:
0.6,
"stroke"
:
"#000000",
"stroke-width"
:
1
},
"geometry": {
"type"
:
"Polygon",
"coordinates": [
[
[
-70.14741,
42.06159
],
[
-70.15542,
42.06241
],
[
-70.16978,
42.05974
],
[
-70.17847,
42.05642
],
[
-70.18682,
42.05045
],
[
-70.19446,
42.03947
],
[
-70.19535,
42.03416
],
[
-70.19307,
42.02758
],
[
-70.1863,
42.02131
],
[
-70.18671,
42.0199
],
[
-70.19083,
42.02003
],
[
-70.19669,
42.02243
],
[
-70.20802,
42.03073
],
[
-70.2187,
42.04585
],
[
-70.23326,
42.05771
],
[
-70.23887,
42.06048
],
[
-70.24354,
42.06057
],
[
-70.24539,
42.06373
],
[
-70.23809,
42.07288
],
[
-70.22563,
42.0786
],
[
-70.2069,
42.0819
],
[
-70.18931,
42.08234
],
[
-70.16017,
42.07863
],
[
-70.11597,
42.06764
],
[
-70.08262,
42.05466
],
[
-70.05853,
42.04036
],
[
-70.0335,
42.01774
],
[
-70.0119,
41.98972
],
[
-69.98609,
41.9496
],
[
-69.9686,
41.9117
],
[
-69.94531,
41.84522
],
[
-69.93595,
41.80942
],
[
-69.92865,
41.74125
],
[
-69.92826,
41.6917
],
[
-69.93311,
41.67001
],
[
-69.9476,
41.64539
],
[
-69.95117,
41.6408
],
[
-69.95827,
41.63943
],
[
-69.96787,
41.6275
],
[
-69.97648,
41.60366
],
[
-69.98277,
41.58181
],
[
-69.98822,
41.5547
],
[
-69.99807,
41.54365
],
[
-70.00414,
41.54212
],
[
-70.0115,
41.54292
],
[
-70.01446,
41.54553
],
[
-70.01658,
41.55077
],
[
-70.01506,
41.55304
],
[
-70.01064,
41.55269
],
[
-70.00153,
41.56195
],
[
-69.99436,
41.57685
],
[
-69.98719,
41.60858
],
[
-69.97304,
41.64105
],
[
-69.97315,
41.64696
],
[
-69.97572,
41.65374
],
[
-69.99636,
41.66718
],
[
-70.00701,
41.67158
],
[
-70.01421,
41.67197
],
[
-70.02935,
41.66774
],
[
-70.05552,
41.66484
],
[
-70.08924,
41.66281
],
[
-70.14088,
41.65042
],
[
-70.15862,
41.65044
],
[
-70.19106,
41.64526
],
[
-70.24587,
41.62848
],
[
-70.25621,
41.6207
],
[
-70.25542,
41.61754
],
[
-70.2596,
41.61086
],
[
-70.26542,
41.60933
],
[
-70.26759,
41.61091
],
[
-70.26969,
41.61778
],
[
-70.26913,
41.62574
],
[
-70.27452,
41.63293
],
[
-70.28132,
41.63513
],
[
-70.29062,
41.6352
],
[
-70.32159,
41.63051
],
[
-70.32992,
41.63458
],
[
-70.33807,
41.63634
],
[
-70.35163,
41.63469
],
[
-70.36035,
41.63107
],
[
-70.36489,
41.62672
],
[
-70.36474,
41.62367
],
[
-70.36985,
41.61589
],
[
-70.37915,
41.61136
],
[
-70.40058,
41.60638
],
[
-70.40854,
41.60735
],
[
-70.43725,
41.60533
],
[
-70.44529,
41.59181
],
[
-70.46128,
41.57182
],
[
-70.47626,
41.5585
],
[
-70.48557,
41.55424
],
[
-70.49324,
41.55204
],
[
-70.52233,
41.54897
],
[
-70.55969,
41.54833
],
[
-70.61108,
41.54299
],
[
-70.63361,
41.53825
],
[
-70.64363,
41.53236
],
[
-70.6541,
41.51903
],
[
-70.66386,
41.51403
],
[
-70.66952,
41.51334
],
[
-70.67225,
41.51577
],
[
-70.67465,
41.51939
],
[
-70.6814,
41.51755
],
[
-70.68835,
41.51679
],
[
-70.69136,
41.51784
],
[
-70.6948,
41.52564
],
[
-70.65866,
41.54339
],
[
-70.6543,
41.54993
],
[
-70.65537,
41.5575
],
[
-70.6539,
41.56516
],
[
-70.64878,
41.56987
],
[
-70.64275,
41.57238
],
[
-70.64095,
41.57733
],
[
-70.64204,
41.58307
],
[
-70.65245,
41.60521
],
[
-70.65199,
41.61018
],
[
-70.64,
41.62462
],
[
-70.64525,
41.63355
],
[
-70.65261,
41.63783
],
[
-70.65042,
41.6442
],
[
-70.6387,
41.64943
],
[
-70.63763,
41.65457
],
[
-70.64631,
41.67843
],
[
-70.64929,
41.68094
],
[
-70.66148,
41.68176
],
[
-70.64596,
41.69379
],
[
-70.62544,
41.69869
],
[
-70.62365,
41.7074
],
[
-70.62653,
41.713
],
[
-70.64291,
41.71841
],
[
-70.62162,
41.74897
],
[
-70.63258,
41.76282
],
[
-70.56528,
41.78671
],
[
-70.53729,
41.81086
],
[
-70.53266,
41.8048
],
[
-70.51741,
41.79095
],
[
-70.49405,
41.77388
],
[
-70.47155,
41.76156
],
[
-70.41248,
41.7444
],
[
-70.37534,
41.73878
],
[
-70.29096,
41.73431
],
[
-70.2752,
41.72614
],
[
-70.27229,
41.72135
],
[
-70.26365,
41.71412
],
[
-70.2592,
41.71395
],
[
-70.23485,
41.73373
],
[
-70.21607,
41.74298
],
[
-70.18925,
41.75198
],
[
-70.18208,
41.75088
],
[
-70.14153,
41.76007
],
[
-70.12198,
41.75884
],
[
-70.09606,
41.76655
],
[
-70.06431,
41.77284
],
[
-70.02473,
41.78736
],
[
-70.00846,
41.80079
],
[
-70.00384,
41.80852
],
[
-70.00449,
41.83883
],
[
-70.00901,
41.87662
],
[
-70.00019,
41.88694
],
[
-70.00292,
41.89032
],
[
-70.01215,
41.89166
],
[
-70.02433,
41.89882
],
[
-70.02555,
41.9117
],
[
-70.03054,
41.92915
],
[
-70.045,
41.93005
],
[
-70.05446,
41.92737
],
[
-70.06567,
41.91166
],
[
-70.06537,
41.8877
],
[
-70.06408,
41.87892
],
[
-70.066,
41.87701
],
[
-70.06757,
41.87779
],
[
-70.07089,
41.88297
],
[
-70.07304,
41.89978
],
[
-70.07401,
41.93865
],
[
-70.07742,
41.9855
],
[
-70.08378,
42.01204
],
[
-70.08958,
42.0249
],
[
-70.0956,
42.03283
],
[
-70.10806,
42.0436
],
[
-70.12304,
42.05167
],
[
-70.14741,
42.06159
]
]
]
}
},
{
"type"
:
"Feature",
"properties": {
"Polygon_id"
:
72,
"Area_Name"
:
"SunStrong - MA - Berkshire",
"color"
:
"#FFE4E1",
"fill"
:
"#FFE4E1",
"fill-opacity"
:
0.6,
"stroke"
:
"#000000",
"stroke-width"
:
1
},
"geometry": {
"type"
:
"Polygon",
"coordinates": [
[
[
-73.00007,
42.31269
],
[
-73.00185,
42.25109
],
[
-73.00799,
42.23841
],
[
-73.0712,
42.14821
],
[
-73.05325,
42.03986
],
[
-73.29442,
42.04698
],
[
-73.49688,
42.04968
],
[
-73.50814,
42.08626
],
[
-73.35253,
42.51
],
[
-73.26496,
42.74594
],
[
-73.0229,
42.74113
],
[
-72.94974,
42.7051
],
[
-72.95104,
42.64101
],
[
-72.97538,
42.55593
],
[
-73.00007,
42.31269
]
]
]
}
},
{
"type"
:
"Feature",
"properties": {
"Polygon_id"
:
73,
"Area_Name"
:
"SunStrong - MA - Boston",
"color"
:
"#E1BEE7",
"fill"
:
"#E1BEE7",
"fill-opacity"
:
0.6,
"stroke"
:
"#000000",
"stroke-width"
:
1
},
"geometry": {
"type"
:
"Polygon",
"coordinates": [
[
[
-71.71385,
42.70668
],
[
-71.29445,
42.6972
],
[
-71.26836,
42.72672
],
[
-71.24707,
42.74286
],
[
-71.22338,
42.74714
],
[
-71.18253,
42.73706
],
[
-71.1863,
42.7915
],
[
-71.16566,
42.80975
],
[
-71.13236,
42.82234
],
[
-71.06438,
42.80673
],
[
-71.05271,
42.83569
],
[
-71.04481,
42.85004
],
[
-71.03108,
42.8591
],
[
-70.9655,
42.86967
],
[
-70.92808,
42.88552
],
[
-70.91606,
42.88753
],
[
-70.90164,
42.8878
],
[
-70.88345,
42.88252
],
[
-70.84774,
42.86164
],
[
-70.81846,
42.87262
],
[
-70.74601,
42.7139
],
[
-70.68284,
42.69018
],
[
-70.60388,
42.69876
],
[
-70.55238,
42.6306
],
[
-70.6595,
42.56388
],
[
-70.77417,
42.54415
],
[
-70.77005,
42.50418
],
[
-70.8291,
42.47886
],
[
-70.89639,
42.41299
],
[
-70.8901,
42.31634
],
[
-70.92477,
42.30847
],
[
-70.92374,
42.29425
],
[
-70.94262,
42.28054
],
[
-70.95807,
42.28206
],
[
-70.97799,
42.26428
],
[
-70.98588,
42.25894
],
[
-71.38161,
42.01878
],
[
-71.46137,
42.01767
],
[
-71.50005,
42.01717
],
[
-71.52093,
42.01565
],
[
-71.54181,
42.01477
],
[
-71.69901,
42.01107
],
[
-71.70425,
42.22994
],
[
-71.71385,
42.70668
]
]
]
}
},
{
"type"
:
"Feature",
"properties": {
"Polygon_id"
:
74,
"Area_Name"
:
"SunStrong - MA - Bristol",
"color"
:
"#C1F0C1",
"fill"
:
"#C1F0C1",
"fill-opacity"
:
0.6,
"stroke"
:
"#000000",
"stroke-width"
:
1
},
"geometry": {
"type"
:
"Polygon",
"coordinates": [
[
[
-71.334,
41.8623
],
[
-71.3408,
41.8816
],
[
-71.3387,
41.8984
],
[
-71.3817,
41.8932
],
[
-71.38147,
41.985
],
[
-71.36489,
41.98517
],
[
-71.36115,
41.98642
],
[
-71.08019,
42.0957
],
[
-71.0495,
41.96315
],
[
-71.01215,
41.93812
],
[
-70.99971,
41.92959
],
[
-70.99993,
41.92861
],
[
-71.00022,
41.92776
],
[
-71.00077,
41.92628
],
[
-71.00183,
41.92294
],
[
-71.00267,
41.92038
],
[
-71.00324,
41.91857
],
[
-71.00376,
41.91657
],
[
-71.00417,
41.9156
],
[
-71.00441,
41.9149
],
[
-71.00525,
41.91219
],
[
-71.0066,
41.90797
],
[
-71.00793,
41.90354
],
[
-71.01604,
41.87886
],
[
-71.02007,
41.86574
],
[
-71.02225,
41.85904
],
[
-71.0237,
41.85472
],
[
-71.02616,
41.84751
],
[
-71.02955,
41.83716
],
[
-71.03657,
41.81653
],
[
-70.97192,
41.80194
],
[
-70.93393,
41.79425
],
[
-70.92178,
41.79124
],
[
-70.90495,
41.75787
],
[
-70.89983,
41.74538
],
[
-70.85812,
41.65954
],
[
-70.84318,
41.62849
],
[
-70.84417,
41.62898
],
[
-70.85252,
41.62692
],
[
-70.85516,
41.62415
],
[
-70.85018,
41.59353
],
[
-70.85312,
41.58732
],
[
-70.85724,
41.58771
],
[
-70.8689,
41.61466
],
[
-70.86836,
41.62266
],
[
-70.86962,
41.62561
],
[
-70.87267,
41.62782
],
[
-70.88921,
41.6329
],
[
-70.88846,
41.62548
],
[
-70.9132,
41.61927
],
[
-70.90452,
41.61036
],
[
-70.89998,
41.5935
],
[
-70.90138,
41.5925
],
[
-70.91081,
41.59551
],
[
-70.91658,
41.60748
],
[
-70.92007,
41.61081
],
[
-70.92717,
41.61125
],
[
-70.92972,
41.60948
],
[
-70.93,
41.60044
],
[
-70.92739,
41.59406
],
[
-70.93134,
41.5842
],
[
-70.93798,
41.57742
],
[
-70.94159,
41.58103
],
[
-70.94691,
41.58109
],
[
-70.9488,
41.57904
],
[
-70.9473,
41.57366
],
[
-70.93783,
41.56524
],
[
-70.93155,
41.54017
],
[
-70.94179,
41.54012
],
[
-70.9533,
41.51501
],
[
-70.98265,
41.51008
],
[
-71.00328,
41.51191
],
[
-71.01935,
41.50886
],
[
-71.03551,
41.49905
],
[
-71.05842,
41.50597
],
[
-71.08566,
41.50929
],
[
-71.12057,
41.49745
],
[
-71.1224,
41.52216
],
[
-71.13131,
41.59231
],
[
-71.13162,
41.59392
],
[
-71.13749,
41.60256
],
[
-71.14059,
41.6051
],
[
-71.14091,
41.60741
],
[
-71.14151,
41.61608
],
[
-71.14047,
41.62389
],
[
-71.13569,
41.6284
],
[
-71.13289,
41.6601
],
[
-71.17609,
41.6681
],
[
-71.17599,
41.6714
],
[
-71.19569,
41.6751
],
[
-71.22579,
41.7117
],
[
-71.26139,
41.7523
],
[
-71.3279,
41.7805
],
[
-71.3294,
41.7826
],
[
-71.3293,
41.7868
],
[
-71.3322,
41.7923
],
[
-71.3339,
41.7945
],
[
-71.3393,
41.7963
],
[
-71.3407,
41.7983
],
[
-71.3389,
41.8083
],
[
-71.3472,
41.8231
],
[
-71.3449,
41.828
],
[
-71.3352,
41.8355
],
[
-71.3422,
41.8448
],
[
-71.334,
41.8623
]
]
]
}
},
{
"type"
:
"Feature",
"properties": {
"Polygon_id"
:
75,
"Area_Name"
:
"SunStrong - MA - Essex",
"color"
:
"#FDFD96",
"fill"
:
"#FDFD96",
"fill-opacity"
:
0.6,
"stroke"
:
"#000000",
"stroke-width"
:
1
},
"geometry": {
"type"
:
"Polygon",
"coordinates": [
[
[
-71.20814,
42.74327
],
[
-71.1818,
42.73759
],
[
-71.1861,
42.79069
],
[
-71.1656,
42.80869
],
[
-71.1497,
42.81549
],
[
-71.0379,
42.85409
],
[
-70.9969,
42.86459
],
[
-70.9308,
42.88459
],
[
-70.9149,
42.88659
],
[
-70.90277,
42.88653
],
[
-70.88614,
42.88261
],
[
-70.84863,
42.86094
],
[
-70.8173,
42.87229
],
[
-70.81773,
42.85061
],
[
-70.80522,
42.7818
],
[
-70.79287,
42.74712
],
[
-70.77227,
42.71106
],
[
-70.77045,
42.70482
],
[
-70.77855,
42.69852
],
[
-70.77867,
42.69362
],
[
-70.76442,
42.68565
],
[
-70.74875,
42.68388
],
[
-70.74443,
42.68209
],
[
-70.72982,
42.6696
],
[
-70.72885,
42.66388
],
[
-70.6894,
42.65332
],
[
-70.68259,
42.65453
],
[
-70.68159,
42.66234
],
[
-70.66355,
42.6776
],
[
-70.6451,
42.68942
],
[
-70.63008,
42.6927
],
[
-70.62003,
42.68801
],
[
-70.62286,
42.67599
],
[
-70.62381,
42.66548
],
[
-70.62279,
42.66087
],
[
-70.61482,
42.65765
],
[
-70.59547,
42.66034
],
[
-70.59174,
42.64851
],
[
-70.59147,
42.63982
],
[
-70.59401,
42.63503
],
[
-70.60561,
42.6349
],
[
-70.61842,
42.62864
],
[
-70.63563,
42.60024
],
[
-70.65473,
42.58223
],
[
-70.66489,
42.58044
],
[
-70.66802,
42.58173
],
[
-70.66849,
42.58964
],
[
-70.67044,
42.59225
],
[
-70.67258,
42.5943
],
[
-70.67882,
42.59439
],
[
-70.68143,
42.59317
],
[
-70.6845,
42.58886
],
[
-70.69857,
42.57739
],
[
-70.72969,
42.57151
],
[
-70.73704,
42.57686
],
[
-70.75728,
42.57046
],
[
-70.80409,
42.5616
],
[
-70.81539,
42.5542
],
[
-70.82329,
42.5515
],
[
-70.84849,
42.5502
],
[
-70.87138,
42.5464
],
[
-70.87236,
42.54295
],
[
-70.86628,
42.52262
],
[
-70.85975,
42.52044
],
[
-70.85713,
42.52149
],
[
-70.84209,
42.5195
],
[
-70.83109,
42.5036
],
[
-70.83599,
42.4905
],
[
-70.84159,
42.4876
],
[
-70.84739,
42.4915
],
[
-70.85779,
42.4903
],
[
-70.87969,
42.4788
],
[
-70.88649,
42.4702
],
[
-70.88799,
42.4671
],
[
-70.88729,
42.4649
],
[
-70.89429,
42.4609
],
[
-70.90809,
42.4669
],
[
-70.91769,
42.468
],
[
-70.92199,
42.4667
],
[
-70.93499,
42.4579
],
[
-70.93316,
42.43783
],
[
-70.92823,
42.43099
],
[
-70.91319,
42.4277
],
[
-70.90839,
42.4252
],
[
-70.90199,
42.4203
],
[
-70.90569,
42.4162
],
[
-70.93639,
42.4181
],
[
-70.9433,
42.43625
],
[
-70.94361,
42.45209
],
[
-70.94702,
42.45624
],
[
-70.96047,
42.44617
],
[
-70.96065,
42.44379
],
[
-70.98229,
42.4313
],
[
-71.02586,
42.44474
],
[
-71.0535,
42.4759
],
[
-71.07613,
42.60408
],
[
-71.13529,
42.59906
],
[
-71.14861,
42.61325
],
[
-71.15862,
42.61295
],
[
-71.16502,
42.59796
],
[
-71.2561,
42.65669
],
[
-71.25453,
42.73414
],
[
-71.2455,
42.74259
],
[
-71.20814,
42.74327
]
]
]
}
},
{
"type"
:
"Feature",
"properties": {
"Polygon_id"
:
76,
"Area_Name"
:
"SunStrong - MA - Franklin",
"color"
:
"#FFD1DC",
"fill"
:
"#FFD1DC",
"fill-opacity"
:
0.6,
"stroke"
:
"#000000",
"stroke-width"
:
1
},
"geometry": {
"type"
:
"Polygon",
"coordinates": [
[
[
-72.87695,
42.54121
],
[
-72.97538,
42.55593
],
[
-72.95104,
42.64101
],
[
-72.94974,
42.7051
],
[
-73.0229,
42.74113
],
[
-72.28297,
42.72201
],
[
-72.22484,
42.63898
],
[
-72.24495,
42.51355
],
[
-72.3146,
42.34353
],
[
-72.35658,
42.30328
],
[
-72.3554,
42.34068
],
[
-72.37502,
42.42082
],
[
-72.54421,
42.42708
],
[
-72.70435,
42.40554
],
[
-72.76375,
42.46361
],
[
-72.87116,
42.48417
],
[
-72.87695,
42.54121
]
]
]
}
},
{
"type"
:
"Feature",
"properties": {
"Polygon_id"
:
77,
"Area_Name"
:
"SunStrong - MA - Hampden",
"color"
:
"#FFF9C4",
"fill"
:
"#FFF9C4",
"fill-opacity"
:
0.6,
"stroke"
:
"#000000",
"stroke-width"
:
1
},
"geometry": {
"type"
:
"Polygon",
"coordinates": [
[
[
-72.14184,
42.1609
],
[
-72.13502,
42.16171
],
[
-72.13572,
42.03025
],
[
-72.69593,
42.03679
],
[
-72.75584,
42.0362
],
[
-72.75747,
42.02095
],
[
-72.75815,
42.02087
],
[
-72.76614,
42.0077
],
[
-72.76674,
42.003
],
[
-72.81674,
41.9976
],
[
-72.81354,
42.03649
],
[
-72.86362,
42.03771
],
[
-73.05325,
42.03986
],
[
-73.0712,
42.14821
],
[
-73.00799,
42.23841
],
[
-73.00185,
42.25109
],
[
-73.00007,
42.31269
],
[
-72.88518,
42.33262
],
[
-72.9123,
42.23913
],
[
-72.79341,
42.23685
],
[
-72.68686,
42.18339
],
[
-72.61314,
42.28627
],
[
-72.59343,
42.21169
],
[
-72.40395,
42.23185
],
[
-72.39549,
42.18581
],
[
-72.22122,
42.24525
],
[
-72.26388,
42.18389
],
[
-72.14184,
42.1609
]
]
]
}
},
{
"type"
:
"Feature",
"properties": {
"Polygon_id"
:
78,
"Area_Name"
:
"SunStrong - MA - Hampshire",
"color"
:
"#FFF8DC",
"fill"
:
"#FFF8DC",
"fill-opacity"
:
0.6,
"stroke"
:
"#000000",
"stroke-width"
:
1
},
"geometry": {
"type"
:
"Polygon",
"coordinates": [
[
[
-72.21395,
42.29429
],
[
-72.21082,
42.29446
],
[
-72.20336,
42.29116
],
[
-72.20725,
42.28521
],
[
-72.21213,
42.28267
],
[
-72.21294,
42.26993
],
[
-72.21788,
42.27009
],
[
-72.21614,
42.25614
],
[
-72.21128,
42.25564
],
[
-72.21046,
42.24721
],
[
-72.21458,
42.24757
],
[
-72.21482,
42.24904
],
[
-72.21807,
42.24861
],
[
-72.22122,
42.24525
],
[
-72.39549,
42.18581
],
[
-72.40395,
42.23185
],
[
-72.59343,
42.21169
],
[
-72.61314,
42.28627
],
[
-72.68686,
42.18339
],
[
-72.79341,
42.23685
],
[
-72.9123,
42.23913
],
[
-72.88518,
42.33262
],
[
-73.00007,
42.31269
],
[
-72.97538,
42.55593
],
[
-72.87695,
42.54121
],
[
-72.87116,
42.48417
],
[
-72.76375,
42.46361
],
[
-72.70435,
42.40554
],
[
-72.54421,
42.42708
],
[
-72.37502,
42.42082
],
[
-72.3554,
42.34068
],
[
-72.35658,
42.30328
],
[
-72.3146,
42.34353
],
[
-72.21395,
42.29429
]
]
]
}
},
{
"type"
:
"Feature",
"properties": {
"Polygon_id"
:
79,
"Area_Name"
:
"SunStrong - MA - Middlesex",
"color"
:
"#E1F5FE",
"fill"
:
"#E1F5FE",
"fill-opacity"
:
0.6,
"stroke"
:
"#000000",
"stroke-width"
:
1
},
"geometry": {
"type"
:
"Polygon",
"coordinates": [
[
[
-71.58517,
42.31098
],
[
-71.5925,
42.3179
],
[
-71.59735,
42.32115
],
[
-71.60516,
42.33026
],
[
-71.60359,
42.33168
],
[
-71.6041,
42.33677
],
[
-71.61157,
42.33901
],
[
-71.61913,
42.34335
],
[
-71.62583,
42.34972
],
[
-71.5433,
42.46645
],
[
-71.53895,
42.54307
],
[
-71.63581,
42.52409
],
[
-71.67898,
42.53035
],
[
-71.66461,
42.61159
],
[
-71.77574,
42.64422
],
[
-71.85841,
42.63384
],
[
-71.89871,
42.71148
],
[
-71.29421,
42.69699
],
[
-71.25453,
42.73414
],
[
-71.2561,
42.65669
],
[
-71.16502,
42.59796
],
[
-71.15862,
42.61295
],
[
-71.14861,
42.61325
],
[
-71.13529,
42.59906
],
[
-71.07613,
42.60408
],
[
-71.0535,
42.4759
],
[
-71.02038,
42.43825
],
[
-71.0332,
42.41423
],
[
-71.0553,
42.3871
],
[
-71.0735,
42.3918
],
[
-71.0806,
42.381
],
[
-71.06409,
42.369
],
[
-71.0698,
42.3691
],
[
-71.0771,
42.3587
],
[
-71.0992,
42.3528
],
[
-71.1171,
42.35559
],
[
-71.1172,
42.3672
],
[
-71.131,
42.3738
],
[
-71.14857,
42.36117
],
[
-71.16763,
42.36007
],
[
-71.1748,
42.35027
],
[
-71.16757,
42.33344
],
[
-71.15683,
42.33019
],
[
-71.17894,
42.31432
],
[
-71.1648,
42.30376
],
[
-71.17864,
42.2946
],
[
-71.19115,
42.28306
],
[
-71.26992,
42.3281
],
[
-71.33243,
42.24773
],
[
-71.32922,
42.24502
],
[
-71.32956,
42.23367
],
[
-71.34083,
42.22461
],
[
-71.34307,
42.22024
],
[
-71.33984,
42.21389
],
[
-71.34698,
42.21556
],
[
-71.35202,
42.20731
],
[
-71.34417,
42.2007
],
[
-71.40438,
42.18822
],
[
-71.40222,
42.1788
],
[
-71.43017,
42.17939
],
[
-71.44407,
42.17489
],
[
-71.46396,
42.15824
],
[
-71.47812,
42.15678
],
[
-71.59932,
42.22596
],
[
-71.58676,
42.25955
],
[
-71.54947,
42.26612
],
[
-71.51305,
42.26715
],
[
-71.49705,
42.28983
],
[
-71.48613,
42.31089
],
[
-71.48677,
42.33008
],
[
-71.55113,
42.3264
],
[
-71.58517,
42.31098
]
]
]
}
},
{
"type"
:
"Feature",
"properties": {
"Polygon_id"
:
80,
"Area_Name"
:
"SunStrong - MA - Norfolk",
"color"
:
"#FFE4E1",
"fill"
:
"#FFE4E1",
"fill-opacity"
:
0.6,
"stroke"
:
"#000000",
"stroke-width"
:
1
},
"geometry": {
"type"
:
"Polygon",
"coordinates": [
[
[
-71.49826,
42.01722
],
[
-71.49828,
42.0648
],
[
-71.50091,
42.11704
],
[
-71.47852,
42.13142
],
[
-71.47812,
42.15678
],
[
-71.46396,
42.15824
],
[
-71.44407,
42.17489
],
[
-71.43017,
42.17939
],
[
-71.40222,
42.1788
],
[
-71.40438,
42.18822
],
[
-71.34417,
42.2007
],
[
-71.35202,
42.20731
],
[
-71.34698,
42.21556
],
[
-71.33984,
42.21389
],
[
-71.34307,
42.22024
],
[
-71.34083,
42.22461
],
[
-71.32956,
42.23367
],
[
-71.32922,
42.24502
],
[
-71.33243,
42.24773
],
[
-71.26992,
42.3281
],
[
-71.19115,
42.28306
],
[
-71.13081,
42.22788
],
[
-71.11294,
42.25864
],
[
-71.10269,
42.25988
],
[
-71.08867,
42.26973
],
[
-71.08297,
42.2685
],
[
-71.06565,
42.27105
],
[
-71.06159,
42.2673
],
[
-71.05339,
42.2723
],
[
-71.05549,
42.2757
],
[
-71.04279,
42.277
],
[
-71.04169,
42.3053
],
[
-71.0054,
42.3072
],
[
-71.00095,
42.30248
],
[
-71.00616,
42.28811
],
[
-71.0049,
42.28272
],
[
-70.9961,
42.27122
],
[
-70.98909,
42.26745
],
[
-70.96735,
42.26817
],
[
-70.94897,
42.27251
],
[
-70.94555,
42.26908
],
[
-70.93589,
42.26419
],
[
-70.92317,
42.26321
],
[
-70.91094,
42.26541
],
[
-70.9063,
42.27164
],
[
-70.92488,
42.15758
],
[
-71.13864,
42.07276
],
[
-71.36489,
41.98517
],
[
-71.38147,
41.985
],
[
-71.3814,
42.0188
],
[
-71.49826,
42.01722
]
]
]
}
},
{
"type"
:
"Feature",
"properties": {
"Polygon_id"
:
81,
"Area_Name"
:
"SunStrong - MA - Plymouth",
"color"
:
"#DCEDC8",
"fill"
:
"#DCEDC8",
"fill-opacity"
:
0.6,
"stroke"
:
"#000000",
"stroke-width"
:
1
},
"geometry": {
"type"
:
"Polygon",
"coordinates": [
[
[
-70.92178,
41.79124
],
[
-71.03657,
41.81653
],
[
-70.99971,
41.92959
],
[
-71.0495,
41.96315
],
[
-71.08019,
42.0957
],
[
-70.92488,
42.15758
],
[
-70.9063,
42.27164
],
[
-70.89627,
42.2851
],
[
-70.89578,
42.29244
],
[
-70.89712,
42.29586
],
[
-70.91559,
42.30246
],
[
-70.91749,
42.30569
],
[
-70.90756,
42.30789
],
[
-70.88276,
42.30886
],
[
-70.88124,
42.30066
],
[
-70.87087,
42.28567
],
[
-70.86181,
42.27597
],
[
-70.85109,
42.26827
],
[
-70.83108,
42.26742
],
[
-70.81174,
42.26294
],
[
-70.78872,
42.25392
],
[
-70.77096,
42.2492
],
[
-70.76476,
42.24406
],
[
-70.75449,
42.22867
],
[
-70.74723,
42.22182
],
[
-70.73056,
42.21094
],
[
-70.72227,
42.20796
],
[
-70.71871,
42.18485
],
[
-70.7143,
42.16878
],
[
-70.70626,
42.16314
],
[
-70.68532,
42.13303
],
[
-70.66393,
42.10834
],
[
-70.64017,
42.08863
],
[
-70.63848,
42.08158
],
[
-70.64735,
42.07633
],
[
-70.64819,
42.06844
],
[
-70.64321,
42.05082
],
[
-70.64434,
42.0459
],
[
-70.65087,
42.04625
],
[
-70.66936,
42.03712
],
[
-70.67167,
42.02139
],
[
-70.66751,
42.01232
],
[
-70.67093,
42.00779
],
[
-70.6788,
42.00551
],
[
-70.6868,
42.01276
],
[
-70.69581,
42.01335
],
[
-70.7122,
42.00759
],
[
-70.71003,
41.99954
],
[
-70.69898,
41.9871
],
[
-70.66248,
41.96059
],
[
-70.65167,
41.9587
],
[
-70.64837,
41.96167
],
[
-70.63125,
41.95048
],
[
-70.62351,
41.94327
],
[
-70.61649,
41.9402
],
[
-70.60817,
41.9407
],
[
-70.59808,
41.94777
],
[
-70.58357,
41.95001
],
[
-70.55294,
41.92964
],
[
-70.54639,
41.91675
],
[
-70.54741,
41.91193
],
[
-70.54595,
41.90716
],
[
-70.53208,
41.88957
],
[
-70.52557,
41.85873
],
[
-70.53549,
41.83938
],
[
-70.54206,
41.83126
],
[
-70.54317,
41.82445
],
[
-70.54103,
41.81575
],
[
-70.53729,
41.81086
],
[
-70.56528,
41.78671
],
[
-70.63258,
41.76282
],
[
-70.62162,
41.74897
],
[
-70.64291,
41.71841
],
[
-70.64464,
41.71898
],
[
-70.65109,
41.71572
],
[
-70.6566,
41.7154
],
[
-70.67045,
41.72191
],
[
-70.70819,
41.73096
],
[
-70.71874,
41.73574
],
[
-70.72633,
41.73273
],
[
-70.72893,
41.72343
],
[
-70.7213,
41.71297
],
[
-70.71745,
41.69398
],
[
-70.71958,
41.685
],
[
-70.7294,
41.68814
],
[
-70.7444,
41.69697
],
[
-70.75535,
41.69433
],
[
-70.76148,
41.67681
],
[
-70.76236,
41.66774
],
[
-70.7582,
41.66123
],
[
-70.75762,
41.65427
],
[
-70.76546,
41.64158
],
[
-70.76932,
41.64115
],
[
-70.77365,
41.64503
],
[
-70.77671,
41.65076
],
[
-70.80912,
41.65644
],
[
-70.81329,
41.65567
],
[
-70.81573,
41.6528
],
[
-70.81635,
41.646
],
[
-70.80466,
41.64116
],
[
-70.80021,
41.63175
],
[
-70.80106,
41.62951
],
[
-70.81028,
41.62487
],
[
-70.8353,
41.62453
],
[
-70.84318,
41.62849
],
[
-70.92178,
41.79124
]
]
]
}
},
{
"type"
:
"Feature",
"properties": {
"Polygon_id"
:
82,
"Area_Name"
:
"SunStrong - MA - Southeast",
"color"
:
"#FDFD96",
"fill"
:
"#FDFD96",
"fill-opacity"
:
0.6,
"stroke"
:
"#000000",
"stroke-width"
:
1
},
"geometry": {
"type"
:
"Polygon",
"coordinates": [
[
[
-70.98731,
42.2593
],
[
-71.11022,
42.2044
],
[
-71.24205,
42.11278
],
[
-71.38419,
42.05723
],
[
-71.37183,
42.03734
],
[
-71.38111,
42.01822
],
[
-71.38146,
41.89312
],
[
-71.33923,
41.89823
],
[
-71.34129,
41.88315
],
[
-71.33305,
41.86193
],
[
-71.3437,
41.84428
],
[
-71.33511,
41.83456
],
[
-71.34713,
41.82715
],
[
-71.34713,
41.82177
],
[
-71.33923,
41.80898
],
[
-71.34032,
41.7979
],
[
-71.33105,
41.7897
],
[
-71.32968,
41.78126
],
[
-71.25964,
41.75181
],
[
-71.19528,
41.67501
],
[
-71.17589,
41.67129
],
[
-71.17623,
41.66796
],
[
-71.13246,
41.66026
],
[
-71.13572,
41.62883
],
[
-71.14104,
41.6237
],
[
-71.1419,
41.61266
],
[
-71.14052,
41.60419
],
[
-71.13143,
41.59277
],
[
-71.12061,
41.49281
],
[
-71.02139,
41.46275
],
[
-70.69594,
41.51884
],
[
-70.65062,
41.50958
],
[
-70.61903,
41.52398
],
[
-70.25099,
41.56715
],
[
-69.95573,
41.65237
],
[
-69.87059,
41.759
],
[
-69.88569,
42.08699
],
[
-70.29425,
42.09667
],
[
-70.2279,
42.03875
],
[
-70.15331,
41.99201
],
[
-70.10027,
41.84627
],
[
-70.38969,
41.77539
],
[
-70.48279,
41.80541
],
[
-70.58138,
42.0173
],
[
-70.71293,
42.2483
],
[
-70.88843,
42.31721
],
[
-70.98731,
42.2593
]
]
]
}
},
{
"type"
:
"Feature",
"properties": {
"Polygon_id"
:
83,
"Area_Name"
:
"SunStrong - MA - Suffolk",
"color"
:
"#D1F2EB",
"fill"
:
"#D1F2EB",
"fill-opacity"
:
0.6,
"stroke"
:
"#000000",
"stroke-width"
:
1
},
"geometry": {
"type"
:
"Polygon",
"coordinates": [
[
[
-71.04279,
42.277
],
[
-71.05549,
42.2757
],
[
-71.05339,
42.2723
],
[
-71.06159,
42.2673
],
[
-71.06565,
42.27105
],
[
-71.08297,
42.2685
],
[
-71.08867,
42.26973
],
[
-71.10269,
42.25988
],
[
-71.11294,
42.25864
],
[
-71.13081,
42.22788
],
[
-71.19115,
42.28306
],
[
-71.17864,
42.2946
],
[
-71.1648,
42.30376
],
[
-71.17894,
42.31432
],
[
-71.15683,
42.33019
],
[
-71.16757,
42.33344
],
[
-71.1748,
42.35027
],
[
-71.16763,
42.36007
],
[
-71.14857,
42.36117
],
[
-71.131,
42.3738
],
[
-71.1172,
42.3672
],
[
-71.1171,
42.35559
],
[
-71.0992,
42.3528
],
[
-71.0771,
42.3587
],
[
-71.0698,
42.3691
],
[
-71.06409,
42.369
],
[
-71.0806,
42.381
],
[
-71.0735,
42.3918
],
[
-71.0553,
42.3871
],
[
-71.0332,
42.41423
],
[
-71.02038,
42.43825
],
[
-71.02578,
42.44475
],
[
-70.98229,
42.4313
],
[
-70.96065,
42.44379
],
[
-70.96084,
42.44127
],
[
-70.98299,
42.424
],
[
-70.98769,
42.4167
],
[
-70.9906,
42.4071
],
[
-70.98919,
42.4026
],
[
-70.98507,
42.40204
],
[
-70.98343,
42.39625
],
[
-70.98034,
42.39151
],
[
-70.97271,
42.38997
],
[
-70.9702,
42.38804
],
[
-70.97174,
42.38707
],
[
-70.97251,
42.38504
],
[
-70.97222,
42.37732
],
[
-70.95329,
42.3497
],
[
-70.95302,
42.34397
],
[
-70.96358,
42.34686
],
[
-70.9749,
42.35584
],
[
-70.97993,
42.35638
],
[
-70.99825,
42.35279
],
[
-71.00688,
42.34704
],
[
-71.01568,
42.32602
],
[
-71.01317,
42.31542
],
[
-71.0054,
42.3072
],
[
-71.04169,
42.3053
],
[
-71.04279,
42.277
]
]
]
}
},
{
"type"
:
"Feature",
"properties": {
"Polygon_id"
:
84,
"Area_Name"
:
"SunStrong - MA - West",
"color"
:
"#FFC0CB",
"fill"
:
"#FFC0CB",
"fill-opacity"
:
0.6,
"stroke"
:
"#000000",
"stroke-width"
:
1
},
"geometry": {
"type"
:
"Polygon",
"coordinates": [
[
[
-71.69812,
42.01232
],
[
-71.71411,
42.70665
],
[
-73.26593,
42.74801
],
[
-73.5088,
42.08788
],
[
-73.49507,
42.04506
],
[
-72.81666,
42.03486
],
[
-72.81941,
41.99405
],
[
-72.76036,
42.00324
],
[
-72.75899,
42.03384
],
[
-72.6093,
42.03078
],
[
-72.60518,
42.0216
],
[
-72.57634,
42.02568
],
[
-72.53102,
42.03282
],
[
-72.16418,
42.03053
],
[
-72.06244,
42.02745
],
[
-71.96019,
42.02615
],
[
-71.95743,
42.02607
],
[
-71.95367,
42.02596
],
[
-71.94737,
42.0258
],
[
-71.93487,
42.02544
],
[
-71.90978,
42.02474
],
[
-71.90343,
42.0246
],
[
-71.89712,
42.02452
],
[
-71.8938,
42.02448
],
[
-71.89044,
42.02446
],
[
-71.88375,
42.02439
],
[
-71.88129,
42.02435
],
[
-71.87884,
42.02433
],
[
-71.87398,
42.02427
],
[
-71.86284,
42.02417
],
[
-71.842,
42.02396
],
[
-71.80043,
42.02364
],
[
-71.79927,
42.00802
],
[
-71.774,
42.00932
],
[
-71.74857,
42.00999
],
[
-71.69902,
42.01114
],
[
-71.69812,
42.01232
]
]
]
}
},
{
"type"
:
"Feature",
"properties": {
"Polygon_id"
:
85,
"Area_Name"
:
"SunStrong - MA - Worcester",
"color"
:
"#B0E0E6",
"fill"
:
"#B0E0E6",
"fill-opacity"
:
0.6,
"stroke"
:
"#000000",
"stroke-width"
:
1
},
"geometry": {
"type"
:
"Polygon",
"coordinates": [
[
[
-72.21046,
42.24721
],
[
-72.21128,
42.25564
],
[
-72.21614,
42.25614
],
[
-72.21788,
42.27009
],
[
-72.21294,
42.26993
],
[
-72.21213,
42.28267
],
[
-72.20725,
42.28521
],
[
-72.20336,
42.29116
],
[
-72.21082,
42.29446
],
[
-72.21395,
42.29429
],
[
-72.3146,
42.34353
],
[
-72.24495,
42.51355
],
[
-72.22484,
42.63898
],
[
-72.28297,
42.72201
],
[
-71.89871,
42.71148
],
[
-71.85841,
42.63384
],
[
-71.77574,
42.64422
],
[
-71.66461,
42.61159
],
[
-71.67898,
42.53035
],
[
-71.63581,
42.52409
],
[
-71.53895,
42.54307
],
[
-71.5433,
42.46645
],
[
-71.62583,
42.34972
],
[
-71.61913,
42.34335
],
[
-71.61157,
42.33901
],
[
-71.6041,
42.33677
],
[
-71.60359,
42.33168
],
[
-71.60516,
42.33026
],
[
-71.59735,
42.32115
],
[
-71.5925,
42.3179
],
[
-71.58517,
42.31098
],
[
-71.55113,
42.3264
],
[
-71.48677,
42.33008
],
[
-71.48613,
42.31089
],
[
-71.49705,
42.28983
],
[
-71.51305,
42.26715
],
[
-71.54947,
42.26612
],
[
-71.58676,
42.25955
],
[
-71.59932,
42.22596
],
[
-71.47812,
42.15678
],
[
-71.47852,
42.13142
],
[
-71.50091,
42.11704
],
[
-71.49828,
42.0648
],
[
-71.49826,
42.01722
],
[
-71.52761,
42.015
],
[
-71.79924,
42.00807
],
[
-71.80065,
42.02357
],
[
-72.05975,
42.02734
],
[
-72.13572,
42.03025
],
[
-72.13502,
42.16171
],
[
-72.14184,
42.1609
],
[
-72.26388,
42.18389
],
[
-72.22122,
42.24525
],
[
-72.21807,
42.24861
],
[
-72.21482,
42.24904
],
[
-72.21458,
42.24757
],
[
-72.21046,
42.24721
]
]
]
}
},
{
"type"
:
"Feature",
"properties": {
"Polygon_id"
:
86,
"Area_Name"
:
"SunStrong - MD - Baltimore",
"color"
:
"#98FB98",
"fill"
:
"#98FB98",
"fill-opacity"
:
0.6,
"stroke"
:
"#000000",
"stroke-width"
:
1
},
"geometry": {
"type"
:
"Polygon",
"coordinates": [
[
[
-76.27203,
39.09343
],
[
-76.31048,
39.26163
],
[
-76.02209,
39.45912
],
[
-76.08526,
39.55025
],
[
-76.15942,
39.64971
],
[
-76.23358,
39.7258
],
[
-77.0191,
39.72369
],
[
-76.98889,
39.3838
],
[
-76.97773,
39.23478
],
[
-76.91134,
39.16574
],
[
-76.87299,
39.12591
],
[
-76.86483,
39.11725
],
[
-76.84293,
39.083
],
[
-76.7883,
38.99684
],
[
-76.75534,
39.00274
],
[
-76.72178,
39.00885
],
[
-76.65466,
39.02132
],
[
-76.46335,
39.05645
],
[
-76.27203,
39.09343
]
]
]
}
},
{
"type"
:
"Feature",
"properties": {
"Polygon_id"
:
87,
"Area_Name"
:
"SunStrong - MD - East (OOM)",
"color"
:
"#98FB98",
"fill"
:
"#98FB98",
"fill-opacity"
:
0.6,
"stroke"
:
"#000000",
"stroke-width"
:
1
},
"geometry": {
"type"
:
"Polygon",
"coordinates": [
[
[
-76.22695,
39.72138
],
[
-76.18523,
39.72224
],
[
-76.14129,
39.72118
],
[
-76.06473,
39.72171
],
[
-75.78011,
39.72383
],
[
-75.78767,
39.70692
],
[
-75.78561,
39.6953
],
[
-75.78698,
39.68262
],
[
-75.78835,
39.66676
],
[
-75.78595,
39.62076
],
[
-75.78544,
39.60066
],
[
-75.77153,
39.45396
],
[
-75.75273,
39.20539
],
[
-75.72844,
38.93244
],
[
-75.69085,
38.46031
],
[
-75.4464,
38.45225
],
[
-74.98704,
38.45171
],
[
-75.20333,
38.01645
],
[
-75.86251,
37.88434
],
[
-76.07949,
37.93418
],
[
-76.34728,
38.463
],
[
-76.34042,
38.80413
],
[
-76.2757,
38.86244
],
[
-76.22746,
38.96341
],
[
-76.30677,
39.24156
],
[
-76.02645,
39.45025
],
[
-76.07571,
39.53132
],
[
-76.15228,
39.63822
],
[
-76.20008,
39.68031
],
[
-76.22918,
39.72013
],
[
-76.22695,
39.72138
]
]
]
}
},
{
"type"
:
"Feature",
"properties": {
"Polygon_id"
:
88,
"Area_Name"
:
"SunStrong - MD - Far East (OOM)",
"color"
:
"#D1F2EB",
"fill"
:
"#D1F2EB",
"fill-opacity"
:
0.6,
"stroke"
:
"#000000",
"stroke-width"
:
1
},
"geometry": {
"type"
:
"Polygon",
"coordinates": [
[
[
-79.47776,
39.7216
],
[
-79.48851,
39.20398
],
[
-79.46967,
39.19999
],
[
-79.42915,
39.21701
],
[
-79.35328,
39.27125
],
[
-79.28599,
39.29809
],
[
-79.18127,
39.38306
],
[
-79.11989,
39.39955
],
[
-79.04985,
39.46744
],
[
-78.9702,
39.42926
],
[
-78.92763,
39.43881
],
[
-78.8466,
39.53525
],
[
-78.78343,
39.54267
],
[
-78.7848,
39.59242
],
[
-78.74635,
39.54479
],
[
-78.5898,
39.51195
],
[
-78.43324,
39.51301
],
[
-78.31514,
39.62311
],
[
-78.24922,
39.60195
],
[
-78.17335,
39.69236
],
[
-78.08134,
39.65933
],
[
-78.01267,
39.60327
],
[
-77.95705,
39.59745
],
[
-77.95499,
39.5821
],
[
-77.93096,
39.58316
],
[
-77.92341,
39.60486
],
[
-77.88564,
39.5911
],
[
-77.85818,
39.60327
],
[
-77.85749,
39.72273
],
[
-79.47776,
39.7216
]
]
]
}
},
{
"type"
:
"Feature",
"properties": {
"Polygon_id"
:
89,
"Area_Name"
:
"SunStrong - MD - Northwest",
"color"
:
"#ADD8E6",
"fill"
:
"#ADD8E6",
"fill-opacity"
:
0.6,
"stroke"
:
"#000000",
"stroke-width"
:
1
},
"geometry": {
"type"
:
"Polygon",
"coordinates": [
[
[
-76.98431,
38.96018
],
[
-76.98363,
38.96072
],
[
-76.93007,
38.971
],
[
-76.86819,
38.98207
],
[
-76.82587,
38.98988
],
[
-76.78845,
38.99682
],
[
-76.86518,
39.11765
],
[
-76.97779,
39.23475
],
[
-77.01762,
39.72235
],
[
-77.84339,
39.72324
],
[
-77.85734,
39.72199
],
[
-77.85738,
39.70159
],
[
-77.88278,
39.68244
],
[
-77.92594,
39.66889
],
[
-77.95444,
39.66839
],
[
-77.9544,
39.66162
],
[
-77.95986,
39.66066
],
[
-78.16174,
39.69419
],
[
-78.1622,
39.69371
],
[
-78.16226,
39.69335
],
[
-78.17081,
39.69545
],
[
-78.17057,
39.69531
],
[
-77.96253,
39.65773
],
[
-78.16937,
39.695
],
[
-77.96436,
39.65141
],
[
-78.16456,
39.69297
],
[
-78.05538,
39.65306
],
[
-78.00732,
39.60229
],
[
-77.9256,
39.57742
],
[
-77.88372,
39.54169
],
[
-77.86003,
39.507
],
[
-77.79823,
39.48474
],
[
-77.80407,
39.43703
],
[
-77.75497,
39.37761
],
[
-77.76367,
39.32681
],
[
-77.56729,
39.27261
],
[
-77.47939,
39.22689
],
[
-77.53089,
39.14066
],
[
-77.44094,
39.06713
],
[
-77.33374,
39.06233
],
[
-77.24302,
39.02767
],
[
-77.25439,
39.00356
],
[
-77.24753,
38.99046
],
[
-77.23553,
38.97656
],
[
-77.20637,
38.96957
],
[
-77.1462,
38.96457
],
[
-77.11959,
38.9356
],
[
-77.04011,
38.99539
],
[
-76.9941,
38.95898
],
[
-76.98603,
38.96018
],
[
-76.98431,
38.96018
]
]
]
}
},
{
"type"
:
"Feature",
"properties": {
"Polygon_id"
:
90,
"Area_Name"
:
"SunStrong - MD - South",
"color"
:
"#B0E0E6",
"fill"
:
"#B0E0E6",
"fill-opacity"
:
0.6,
"stroke"
:
"#000000",
"stroke-width"
:
1
},
"geometry": {
"type"
:
"Polygon",
"coordinates": [
[
[
-76.99438,
38.95901
],
[
-76.26104,
39.09343
],
[
-76.22534,
38.96114
],
[
-76.28301,
38.86497
],
[
-76.34619,
38.80507
],
[
-76.34893,
38.46179
],
[
-76.08526,
37.93946
],
[
-76.22808,
37.88312
],
[
-76.60986,
38.15143
],
[
-77.02459,
38.30462
],
[
-77.00262,
38.38863
],
[
-77.04382,
38.41231
],
[
-77.24157,
38.34771
],
[
-77.30749,
38.43813
],
[
-77.27178,
38.52843
],
[
-77.21685,
38.595
],
[
-77.10699,
38.64221
],
[
-77.11798,
38.66581
],
[
-77.07128,
38.7044
],
[
-77.03832,
38.71726
],
[
-77.03832,
38.80293
],
[
-76.90374,
38.89491
],
[
-76.99438,
38.95901
]
]
]
}
},
{
"type"
:
"Feature",
"properties": {
"Polygon_id"
:
91,
"Area_Name"
:
"SunStrong - ME (OOM)",
"color"
:
"#FFFACD",
"fill"
:
"#FFFACD",
"fill-opacity"
:
0.6,
"stroke"
:
"#000000",
"stroke-width"
:
1
},
"geometry": {
"type"
:
"Polygon",
"coordinates": [
[
[
-69.22456,
47.45909
],
[
-69.99623,
46.69558
],
[
-70.05688,
46.41485
],
[
-70.14049,
46.3576
],
[
-70.19465,
46.33583
],
[
-70.20212,
46.29602
],
[
-70.28589,
46.18822
],
[
-70.23336,
46.14732
],
[
-70.25087,
46.10592
],
[
-70.2828,
46.09759
],
[
-70.30169,
46.06711
],
[
-70.27697,
46.0633
],
[
-70.30512,
46.01658
],
[
-70.29465,
45.99899
],
[
-70.28229,
45.99577
],
[
-70.28641,
45.99017
],
[
-70.30135,
45.98337
],
[
-70.31062,
45.96476
],
[
-70.2756,
45.96834
],
[
-70.25637,
45.96118
],
[
-70.23509,
45.94375
],
[
-70.25813,
45.9231
],
[
-70.24989,
45.90447
],
[
-70.25607,
45.89396
],
[
-70.30208,
45.8538
],
[
-70.33813,
45.84997
],
[
-70.39237,
45.80787
],
[
-70.39483,
45.79773
],
[
-70.40152,
45.79462
],
[
-70.41233,
45.79438
],
[
-70.41165,
45.78684
],
[
-70.40066,
45.77235
],
[
-70.40341,
45.76325
],
[
-70.38476,
45.74948
],
[
-70.39059,
45.74253
],
[
-70.38132,
45.73366
],
[
-70.40123,
45.71665
],
[
-70.42321,
45.70898
],
[
-70.44274,
45.70208
],
[
-70.46025,
45.70447
],
[
-70.52239,
45.6661
],
[
-70.52925,
45.66466
],
[
-70.53578,
45.6673
],
[
-70.55457,
45.66401
],
[
-70.58821,
45.62993
],
[
-70.61671,
45.61096
],
[
-70.6428,
45.60495
],
[
-70.66203,
45.58225
],
[
-70.68606,
45.56254
],
[
-70.6749,
45.55125
],
[
-70.68005,
45.54908
],
[
-70.68434,
45.54968
],
[
-70.69932,
45.53168
],
[
-70.69777,
45.52994
],
[
-70.70018,
45.52838
],
[
-70.70498,
45.52796
],
[
-70.71013,
45.51912
],
[
-70.71657,
45.51719
],
[
-70.72309,
45.50937
],
[
-70.71588,
45.50516
],
[
-70.71134,
45.50269
],
[
-70.71056,
45.49764
],
[
-70.71666,
45.49054
],
[
-70.70498,
45.47971
],
[
-70.6933,
45.47958
],
[
-70.68575,
45.46851
],
[
-70.61228,
45.42033
],
[
-70.62532,
45.41358
],
[
-70.61502,
45.40153
],
[
-70.6267,
45.38803
],
[
-70.64867,
45.37067
],
[
-70.683,
45.38755
],
[
-70.71047,
45.38707
],
[
-70.76677,
45.4213
],
[
-70.78874,
45.42274
],
[
-70.81758,
45.39575
],
[
-70.79698,
45.36729
],
[
-70.80522,
45.334
],
[
-70.80042,
45.32
],
[
-70.81415,
45.28716
],
[
-70.84093,
45.24881
],
[
-70.82926,
45.23527
],
[
-70.84505,
45.22366
],
[
-70.90479,
45.23624
],
[
-70.93019,
45.28215
],
[
-70.9247,
45.30631
],
[
-70.97673,
45.32562
],
[
-71.01655,
45.31017
],
[
-71.08179,
45.30437
],
[
-71.08076,
45.27587
],
[
-71.07955,
45.26307
],
[
-71.07973,
45.24881
],
[
-71.07767,
45.25461
],
[
-71.08041,
45.26428
],
[
-71.08179,
45.28988
],
[
-71.07492,
45.26379
],
[
-71.07835,
45.26573
],
[
-71.07732,
45.26573
],
[
-71.07938,
45.26476
],
[
-71.0784,
45.26687
],
[
-71.08359,
45.26995
],
[
-71.08161,
45.27418
],
[
-71.07767,
45.26234
],
[
-71.07904,
45.25944
],
[
-71.07874,
45.25146
],
[
-71.07806,
45.24856
],
[
-71.07531,
45.23744
],
[
-71.07325,
45.20261
],
[
-71.07542,
45.2669
],
[
-71.07542,
45.18566
],
[
-70.97115,
43.56989
],
[
-70.95021,
43.56069
],
[
-70.95056,
43.54277
],
[
-70.95708,
43.5358
],
[
-70.9509,
43.5129
],
[
-70.96704,
43.47704
],
[
-70.95536,
43.46533
],
[
-70.96429,
43.44913
],
[
-70.9588,
43.43891
],
[
-70.9763,
43.41746
],
[
-70.98248,
43.38504
],
[
-70.96738,
43.35134
],
[
-70.95159,
43.33661
],
[
-70.93202,
43.33961
],
[
-70.92034,
43.32789
],
[
-70.86644,
43.26967
],
[
-70.82147,
43.24367
],
[
-70.81374,
43.23329
],
[
-70.80825,
43.22529
],
[
-70.81803,
43.19751
],
[
-70.829,
43.14058
],
[
-70.77063,
43.09672
],
[
-70.76136,
43.0897
],
[
-70.75089,
43.07968
],
[
-70.70368,
43.07479
],
[
-70.68531,
43.03289
],
[
-70.66358,
43.00492
],
[
-70.59217,
42.97089
],
[
-66.97843,
44.69901
],
[
-66.89775,
44.79776
],
[
-66.98049,
44.82675
],
[
-66.98873,
44.87296
],
[
-67.05602,
44.99546
],
[
-67.17521,
45.15792
],
[
-67.2291,
45.16022
],
[
-67.28128,
45.18757
],
[
-67.29364,
45.14351
],
[
-67.33759,
45.12026
],
[
-67.38462,
45.14351
],
[
-67.41518,
45.16046
],
[
-67.49517,
45.28524
],
[
-67.45705,
45.32843
],
[
-67.43783,
45.36559
],
[
-67.43646,
45.39308
],
[
-67.47937,
45.42441
],
[
-67.50684,
45.48968
],
[
-67.47044,
45.50893
],
[
-67.43955,
45.51591
],
[
-67.43268,
45.55727
],
[
-67.42993,
45.5616
],
[
-67.44023,
45.58707
],
[
-67.45877,
45.60004
],
[
-67.51267,
45.57794
],
[
-67.64623,
45.61013
],
[
-67.71798,
45.65574
],
[
-67.81548,
45.67854
],
[
-67.82132,
45.69491
],
[
-67.81205,
45.76968
],
[
-67.80568,
45.80468
],
[
-67.76929,
45.82622
],
[
-67.81118,
45.87787
],
[
-67.76517,
45.91514
],
[
-67.75984,
45.92196
],
[
-67.78182,
45.93689
],
[
-67.79114,
47.06662
],
[
-67.8904,
47.10648
],
[
-67.89847,
47.13127
],
[
-67.9249,
47.15158
],
[
-67.95426,
47.18426
],
[
-67.95391,
47.19546
],
[
-67.99244,
47.21031
],
[
-68.02231,
47.23701
],
[
-68.07633,
47.25882
],
[
-68.09504,
47.27583
],
[
-68.14534,
47.29958
],
[
-68.15718,
47.31576
],
[
-68.15684,
47.32402
],
[
-68.20181,
47.33694
],
[
-68.21827,
47.33945
],
[
-68.22548,
47.34492
],
[
-68.22822,
47.35178
],
[
-68.23509,
47.35399
],
[
-68.24711,
47.3512
],
[
-68.26685,
47.35143
],
[
-68.28127,
47.3591
],
[
-68.30491,
47.35371
],
[
-68.3262,
47.35813
],
[
-68.35916,
47.35371
],
[
-68.37392,
47.34371
],
[
-68.3825,
47.32382
],
[
-68.37993,
47.30054
],
[
-68.37184,
47.29027
],
[
-68.37905,
47.28387
],
[
-68.41149,
47.28631
],
[
-68.42917,
47.28038
],
[
-68.45664,
47.28212
],
[
-68.46591,
47.29132
],
[
-68.46986,
47.2954
],
[
-68.49114,
47.29272
],
[
-68.51552,
47.29481
],
[
-68.54814,
47.28072
],
[
-68.5768,
47.28631
],
[
-68.58951,
47.27816
],
[
-68.59663,
47.26861
],
[
-68.58586,
47.27059
],
[
-68.59529,
47.26578
],
[
-68.59151,
47.25937
],
[
-68.60078,
47.25046
],
[
-68.60928,
47.24487
],
[
-68.62618,
47.24032
],
[
-68.65322,
47.2384
],
[
-68.66009,
47.23502
],
[
-68.68215,
47.24219
],
[
-68.69494,
47.24067
],
[
-68.70489,
47.23688
],
[
-68.71356,
47.23968
],
[
-68.73193,
47.23403
],
[
-68.75061,
47.22589
],
[
-68.76952,
47.21945
],
[
-68.7848,
47.21875
],
[
-68.84711,
47.19647
],
[
-68.85604,
47.18936
],
[
-68.87235,
47.18667
],
[
-68.89949,
47.17617
],
[
-68.94275,
47.20405
],
[
-68.95003,
47.20032
],
[
-69.05834,
47.25185
],
[
-69.04993,
47.27352
],
[
-69.05714,
47.30426
],
[
-69.05302,
47.30612
],
[
-69.05854,
47.31581
],
[
-69.05631,
47.37897
],
[
-69.04601,
47.38583
],
[
-69.04627,
47.39681
],
[
-69.03923,
47.41168
],
[
-69.05228,
47.42202
],
[
-69.06824,
47.42585
],
[
-69.09056,
47.42202
],
[
-69.10879,
47.42702
],
[
-69.11223,
47.43434
],
[
-69.15531,
47.44839
],
[
-69.16046,
47.44607
],
[
-69.17008,
47.45013
],
[
-69.17694,
47.45466
],
[
-69.18999,
47.45257
],
[
-69.20458,
47.45083
],
[
-69.22456,
47.45909
]
]
]
}
},
{
"type"
:
"Feature",
"properties": {
"Polygon_id"
:
92,
"Area_Name"
:
"SunStrong - MI (OOM)",
"color"
:
"#FFEFD5",
"fill"
:
"#FFEFD5",
"fill-opacity"
:
0.6,
"stroke"
:
"#000000",
"stroke-width"
:
1
},
"geometry": {
"type"
:
"Polygon",
"coordinates": [
[
[
-87.20941,
41.76226
],
[
-84.81439,
41.75816
],
[
-84.81164,
41.69872
],
[
-83.41638,
41.73357
],
[
-83.117,
41.96067
],
[
-83.1582,
42.04266
],
[
-83.12798,
42.12114
],
[
-83.14172,
42.17511
],
[
-83.13485,
42.23411
],
[
-83.09777,
42.29813
],
[
-83.06893,
42.31844
],
[
-83.03188,
42.32817
],
[
-82.95112,
42.34706
],
[
-82.83611,
42.37345
],
[
-82.65412,
42.55356
],
[
-82.62596,
42.55659
],
[
-82.60949,
42.54698
],
[
-82.56417,
42.58188
],
[
-82.53258,
42.61018
],
[
-82.48671,
42.74991
],
[
-82.47641,
42.76756
],
[
-82.49083,
42.80938
],
[
-82.47847,
42.84614
],
[
-82.47778,
42.89345
],
[
-82.46199,
42.92614
],
[
-82.42794,
42.96287
],
[
-82.42314,
42.98196
],
[
-82.43138,
42.99301
],
[
-82.42726,
43.00757
],
[
-82.13076,
43.58774
],
[
-82.53008,
45.33815
],
[
-83.60183,
45.81877
],
[
-83.45077,
45.99841
],
[
-83.57711,
46.10135
],
[
-83.66226,
46.12229
],
[
-83.74466,
46.10325
],
[
-83.83255,
46.11468
],
[
-83.90945,
46.06134
],
[
-83.96438,
46.0499
],
[
-84.09896,
46.21169
],
[
-84.1157,
46.24041
],
[
-84.1054,
46.25513
],
[
-84.12532,
46.27127
],
[
-84.12806,
46.3154
],
[
-84.1157,
46.32346
],
[
-84.13767,
46.35475
],
[
-84.14935,
46.3737
],
[
-84.15347,
46.41632
],
[
-84.11667,
46.50611
],
[
-84.13683,
46.53039
],
[
-84.14782,
46.53322
],
[
-84.16018,
46.52944
],
[
-84.18489,
46.52637
],
[
-84.20172,
46.53983
],
[
-84.23468,
46.53346
],
[
-84.2721,
46.49447
],
[
-84.29991,
46.49353
],
[
-84.32531,
46.49755
],
[
-84.35143,
46.50808
],
[
-84.38404,
46.50926
],
[
-84.40292,
46.49863
],
[
-84.42867,
46.50028
],
[
-84.45271,
46.4887
],
[
-84.48463,
46.45205
],
[
-84.56532,
46.46009
],
[
-84.77233,
46.63512
],
[
-84.86709,
46.89006
],
[
-88.38668,
48.3087
],
[
-88.72176,
48.24289
],
[
-89.32052,
47.96778
],
[
-89.52377,
48.00455
],
[
-90.42449,
46.56652
],
[
-90.40114,
46.53299
],
[
-90.36337,
46.53819
],
[
-90.34552,
46.55378
],
[
-90.31943,
46.53961
],
[
-90.32355,
46.5174
],
[
-90.28098,
46.52213
],
[
-90.27617,
46.50228
],
[
-90.24252,
46.50795
],
[
-90.1213,
46.33959
],
[
-89.23965,
46.16581
],
[
-89.10133,
46.1386
],
[
-88.82303,
46.01883
],
[
-88.80142,
46.03006
],
[
-88.78872,
46.02934
],
[
-88.78941,
46.01623
],
[
-88.77499,
46.02243
],
[
-88.73001,
46.02362
],
[
-88.72314,
46.01361
],
[
-88.71353,
46.01694
],
[
-88.69087,
46.01337
],
[
-88.67783,
46.00335
],
[
-88.67886,
45.99023
],
[
-88.64658,
45.9857
],
[
-88.62221,
45.98833
],
[
-88.61088,
46.01647
],
[
-88.59404,
46.00648
],
[
-88.57379,
46.01494
],
[
-88.55027,
46.01291
],
[
-88.54048,
46.01816
],
[
-88.54126,
46.02114
],
[
-88.52143,
46.01983
],
[
-88.49258,
45.99157
],
[
-88.42529,
45.98298
],
[
-88.38271,
45.98775
],
[
-88.33053,
45.95721
],
[
-88.25088,
45.95625
],
[
-88.22204,
45.94384
],
[
-88.20281,
45.94862
],
[
-88.10806,
45.91327
],
[
-88.10983,
45.88102
],
[
-88.0779,
45.87432
],
[
-88.08443,
45.86524
],
[
-88.14485,
45.82028
],
[
-88.13798,
45.80903
],
[
-88.11636,
45.80233
],
[
-88.11086,
45.79084
],
[
-88.10194,
45.78438
],
[
-88.08706,
45.78479
],
[
-88.08002,
45.78032
],
[
-88.05951,
45.78086
],
[
-88.04938,
45.78451
],
[
-88.04818,
45.7893
],
[
-88.03273,
45.78954
],
[
-88.0154,
45.79248
],
[
-88.00398,
45.79511
],
[
-87.99651,
45.79457
],
[
-87.98862,
45.7771
],
[
-87.9984,
45.77231
],
[
-87.99578,
45.76955
],
[
-87.97647,
45.76488
],
[
-87.97149,
45.75865
],
[
-87.95801,
45.75787
],
[
-87.94432,
45.75779
],
[
-87.93728,
45.75976
],
[
-87.92921,
45.75701
],
[
-87.92544,
45.75952
],
[
-87.91788,
45.75665
],
[
-87.91539,
45.7597
],
[
-87.90604,
45.75281
],
[
-87.88776,
45.75485
],
[
-87.88298,
45.75292
],
[
-87.88127,
45.75011
],
[
-87.87603,
45.74951
],
[
-87.87002,
45.74376
],
[
-87.87329,
45.7363
],
[
-87.8611,
45.72528
],
[
-87.84685,
45.71761
],
[
-87.83383,
45.71348
],
[
-87.81478,
45.70929
],
[
-87.81666,
45.69946
],
[
-87.80705,
45.69226
],
[
-87.77581,
45.68118
],
[
-87.82971,
45.64897
],
[
-87.78096,
45.59796
],
[
-87.82903,
45.56315
],
[
-87.79608,
45.49923
],
[
-87.85789,
45.4362
],
[
-87.86751,
45.3538
],
[
-87.77826,
45.35198
],
[
-87.69381,
45.38677
],
[
-87.65331,
45.3656
],
[
-87.73577,
45.19016
],
[
-87.6947,
45.14843
],
[
-87.66531,
45.11085
],
[
-87.64993,
45.10605
],
[
-87.63042,
45.10343
],
[
-87.59452,
45.09474
],
[
-87.58779,
45.09697
],
[
-87.53314,
45.08918
],
[
-87.44573,
45.07614
],
[
-87.40575,
45.20324
],
[
-87.23257,
45.30833
],
[
-87.10059,
45.44503
],
[
-86.73195,
45.43234
],
[
-86.25423,
45.23411
],
[
-86.48791,
45.09554
],
[
-86.61309,
44.92846
],
[
-86.84424,
44.57521
],
[
-87.0978,
43.75125
],
[
-87.14767,
43.36191
],
[
-87.05473,
42.7607
],
[
-87.0261,
42.4984
],
[
-87.09636,
42.26346
],
[
-87.20941,
41.76226
]
]
]
}
},
{
"type"
:
"Feature",
"properties": {
"Polygon_id"
:
93,
"Area_Name"
:
"SunStrong - MN (OOM)",
"color"
:
"#CCFFCC",
"fill"
:
"#CCFFCC",
"fill-opacity"
:
0.6,
"stroke"
:
"#000000",
"stroke-width"
:
1
},
"geometry": {
"type"
:
"Polygon",
"coordinates": [
[
[
-97.23035,
48.99986
],
[
-97.09303,
48.66539
],
[
-97.16444,
48.57097
],
[
-97.12865,
48.13691
],
[
-97.05277,
47.95564
],
[
-97.05389,
47.94553
],
[
-97.03758,
47.94001
],
[
-97.03462,
47.9379
],
[
-97.03668,
47.93123
],
[
-97.02673,
47.92588
],
[
-97.01883,
47.9211
],
[
-97.02003,
47.8993
],
[
-97.01878,
47.88877
],
[
-97.01917,
47.87291
],
[
-96.95053,
47.77405
],
[
-96.85553,
47.60921
],
[
-96.85498,
47.41107
],
[
-96.83576,
47.28919
],
[
-96.8234,
47.11349
],
[
-96.82203,
46.97592
],
[
-96.79216,
46.94438
],
[
-96.79096,
46.92879
],
[
-96.77654,
46.92657
],
[
-96.76332,
46.93442
],
[
-96.76006,
46.91367
],
[
-96.77018,
46.9037
],
[
-96.77413,
46.88845
],
[
-96.76898,
46.87965
],
[
-96.78066,
46.87977
],
[
-96.77602,
46.87437
],
[
-96.78203,
46.8705
],
[
-96.78289,
46.86217
],
[
-96.77568,
46.85172
],
[
-96.781,
46.84632
],
[
-96.77551,
46.83974
],
[
-96.78718,
46.84056
],
[
-96.79422,
46.82177
],
[
-96.7961,
46.79616
],
[
-96.7807,
46.74537
],
[
-96.78915,
46.68676
],
[
-96.7943,
46.64263
],
[
-96.76683,
46.59641
],
[
-96.75069,
46.57341
],
[
-96.74472,
46.56387
],
[
-96.74506,
46.54752
],
[
-96.73773,
46.49326
],
[
-96.6721,
46.38398
],
[
-96.63639,
46.34939
],
[
-96.60068,
46.32379
],
[
-96.60068,
46.28916
],
[
-96.59827,
46.28127
],
[
-96.59672,
46.27208
],
[
-96.59878,
46.26448
],
[
-96.59518,
46.2595
],
[
-96.59303,
46.24454
],
[
-96.5975,
46.22903
],
[
-96.58529,
46.19753
],
[
-96.57877,
46.16615
],
[
-96.57254,
45.93799
],
[
-96.57048,
45.85771
],
[
-96.65013,
45.73659
],
[
-96.83072,
45.64497
],
[
-96.84376,
45.60368
],
[
-96.71673,
45.4522
],
[
-96.68103,
45.41413
],
[
-96.53614,
45.38713
],
[
-96.48121,
45.35916
],
[
-96.45279,
45.30584
],
[
-96.45279,
45.25885
],
[
-96.45164,
44.83664
],
[
-96.4511,
44.70911
],
[
-96.45172,
44.56722
],
[
-96.45159,
44.37911
],
[
-96.44709,
43.67797
],
[
-96.45328,
43.49997
],
[
-95.36737,
43.50056
],
[
-92.54105,
43.50192
],
[
-91.21738,
43.50117
],
[
-91.26024,
43.73022
],
[
-91.24344,
43.77648
],
[
-91.26267,
43.79085
],
[
-91.27812,
43.83198
],
[
-91.33133,
43.89658
],
[
-91.42231,
43.98089
],
[
-91.52668,
44.02435
],
[
-91.58917,
44.03373
],
[
-91.63243,
44.05791
],
[
-91.69629,
44.09787
],
[
-91.86314,
44.19543
],
[
-91.95309,
44.35128
],
[
-92.11033,
44.41753
],
[
-92.29161,
44.48272
],
[
-92.35066,
44.55909
],
[
-92.54841,
44.57768
],
[
-92.66034,
44.66223
],
[
-92.80345,
44.74632
],
[
-92.768,
44.8669
],
[
-92.75976,
45.02048
],
[
-92.79547,
45.06705
],
[
-92.74328,
45.12522
],
[
-92.75427,
45.2955
],
[
-92.63775,
45.4319
],
[
-92.74762,
45.55512
],
[
-92.88495,
45.57627
],
[
-92.87121,
45.71069
],
[
-92.72839,
45.85434
],
[
-92.67872,
45.90928
],
[
-92.51392,
45.9809
],
[
-92.42603,
46.01811
],
[
-92.33951,
46.0448
],
[
-92.2947,
46.07701
],
[
-92.29194,
46.66202
],
[
-92.25189,
46.65502
],
[
-92.20795,
46.65219
],
[
-92.19559,
46.6734
],
[
-92.1949,
46.70684
],
[
-92.15027,
46.71908
],
[
-92.11388,
46.7492
],
[
-92.08572,
46.74873
],
[
-92.02118,
46.70401
],
[
-91.92711,
46.74355
],
[
-91.11633,
47.09585
],
[
-90.65079,
47.31045
],
[
-89.95762,
47.29065
],
[
-89.48529,
48.01291
],
[
-89.5645,
48.00225
],
[
-89.5796,
47.99605
],
[
-89.61359,
48.01397
],
[
-89.63522,
48.00294
],
[
-89.72071,
48.00799
],
[
-89.76465,
48.01948
],
[
-89.86834,
47.98524
],
[
-89.97838,
48.01648
],
[
-90.02645,
48.0757
],
[
-90.08962,
48.09909
],
[
-90.1473,
48.10642
],
[
-90.31347,
48.09313
],
[
-90.43088,
48.09588
],
[
-90.55311,
48.09496
],
[
-90.57705,
48.11055
],
[
-90.76107,
48.08946
],
[
-90.83729,
48.17607
],
[
-90.85102,
48.23556
],
[
-91.16756,
48.12614
],
[
-91.29037,
48.07162
],
[
-91.47027,
48.05831
],
[
-91.57395,
48.03628
],
[
-91.75162,
48.16685
],
[
-91.85187,
48.20347
],
[
-92.10925,
48.34363
],
[
-92.26306,
48.3345
],
[
-92.26856,
48.24496
],
[
-92.39765,
48.223
],
[
-92.49652,
48.38196
],
[
-92.50751,
48.41843
],
[
-92.74921,
48.44576
],
[
-92.7135,
48.51131
],
[
-93.10626,
48.60765
],
[
-93.24909,
48.62944
],
[
-93.34247,
48.62291
],
[
-93.35225,
48.61496
],
[
-93.35397,
48.61111
],
[
-93.36204,
48.61162
],
[
-93.37002,
48.60532
],
[
-93.3968,
48.60258
],
[
-93.40495,
48.60752
],
[
-93.40899,
48.6078
],
[
-93.42607,
48.60042
],
[
-93.43482,
48.59463
],
[
-93.46338,
48.5917
],
[
-93.46381,
48.58256
],
[
-93.45626,
48.56542
],
[
-93.45849,
48.55372
],
[
-93.46364,
48.54679
],
[
-93.51548,
48.53428
],
[
-93.58347,
48.52421
],
[
-93.60201,
48.52284
],
[
-93.76951,
48.5092
],
[
-93.82671,
48.5261
],
[
-93.81985,
48.58564
],
[
-93.84319,
48.62514
],
[
-94.25175,
48.64601
],
[
-94.28313,
48.69952
],
[
-94.40536,
48.70405
],
[
-94.44674,
48.68774
],
[
-94.52913,
48.6968
],
[
-94.571,
48.71471
],
[
-94.59022,
48.71653
],
[
-94.6398,
48.74028
],
[
-94.68677,
48.77333
],
[
-94.70708,
48.82702
],
[
-94.68717,
48.87492
],
[
-94.75033,
49.08897
],
[
-94.78004,
49.11821
],
[
-94.81368,
49.23627
],
[
-94.82879,
49.3169
],
[
-94.96681,
49.36119
],
[
-95.04577,
49.34643
],
[
-95.10139,
49.35404
],
[
-95.15312,
49.38433
],
[
-95.15322,
49.26328
],
[
-95.15525,
48.99845
],
[
-95.70594,
48.99845
],
[
-96.85715,
48.99965
],
[
-97.23035,
48.99986
]
]
]
}
},
{
"type"
:
"Feature",
"properties": {
"Polygon_id"
:
94,
"Area_Name"
:
"SunStrong - MO (OOM)",
"color"
:
"#D0F0C0",
"fill"
:
"#D0F0C0",
"fill-opacity"
:
0.6,
"stroke"
:
"#000000",
"stroke-width"
:
1
},
"geometry": {
"type"
:
"Polygon",
"coordinates": [
[
[
-94.61665,
36.50007
],
[
-90.15267,
36.49795
],
[
-90.16024,
36.48093
],
[
-90.1429,
36.47472
],
[
-90.14251,
36.46622
],
[
-90.13562,
36.41712
],
[
-90.06902,
36.39198
],
[
-90.06284,
36.37456
],
[
-90.07657,
36.34249
],
[
-90.08069,
36.31989
],
[
-90.06387,
36.30357
],
[
-90.07863,
36.28835
],
[
-90.09511,
36.27119
],
[
-90.12876,
36.2424
],
[
-90.12772,
36.22983
],
[
-90.15656,
36.21321
],
[
-90.20462,
36.18855
],
[
-90.23415,
36.15391
],
[
-90.23481,
36.14093
],
[
-90.27051,
36.11763
],
[
-90.30553,
36.09572
],
[
-90.3227,
36.07297
],
[
-90.34433,
36.04383
],
[
-90.37729,
35.99549
],
[
-89.70656,
36.00126
],
[
-89.68252,
36.05929
],
[
-89.60135,
36.15877
],
[
-89.69336,
36.22083
],
[
-89.66178,
36.25185
],
[
-89.60074,
36.24054
],
[
-89.55549,
36.2608
],
[
-89.57613,
36.28269
],
[
-89.60501,
36.30015
],
[
-89.61774,
36.31926
],
[
-89.6195,
36.33948
],
[
-89.5264,
36.35903
],
[
-89.45557,
36.46772
],
[
-89.42794,
36.49159
],
[
-89.4233,
36.51657
],
[
-89.36047,
36.63898
],
[
-89.30039,
36.62355
],
[
-89.28426,
36.59847
],
[
-89.25645,
36.57918
],
[
-89.22624,
36.5818
],
[
-89.20976,
36.61363
],
[
-89.18504,
36.66184
],
[
-89.17692,
36.68573
],
[
-89.19696,
36.70631
],
[
-89.20752,
36.73754
],
[
-89.17473,
36.76106
],
[
-89.12752,
36.76587
],
[
-89.17027,
36.79433
],
[
-89.18623,
36.83487
],
[
-89.15533,
36.86399
],
[
-89.10933,
36.95733
],
[
-89.14228,
36.97872
],
[
-89.18417,
36.96995
],
[
-89.21095,
37.01848
],
[
-89.23867,
37.03873
],
[
-89.25541,
37.06281
],
[
-89.30056,
37.06274
],
[
-89.29614,
37.05211
],
[
-89.27867,
37.04257
],
[
-89.25404,
37.02348
],
[
-89.25824,
36.99864
],
[
-89.28442,
36.9875
],
[
-89.34073,
37.02259
],
[
-89.46569,
37.20657
],
[
-89.46743,
37.24907
],
[
-89.52373,
37.29224
],
[
-89.4482,
37.34303
],
[
-89.43069,
37.3871
],
[
-89.44477,
37.44068
],
[
-89.52784,
37.57847
],
[
-89.5141,
37.68614
],
[
-89.67203,
37.75675
],
[
-89.67288,
37.80342
],
[
-89.84592,
37.90101
],
[
-89.92145,
37.87066
],
[
-89.97775,
37.92809
],
[
-89.92831,
37.95409
],
[
-89.94342,
37.96816
],
[
-90.22495,
38.09796
],
[
-90.38287,
38.27068
],
[
-90.33069,
38.40962
],
[
-90.29258,
38.43087
],
[
-90.26889,
38.52414
],
[
-90.22565,
38.57887
],
[
-90.19424,
38.6063
],
[
-90.17987,
38.62851
],
[
-90.21145,
38.71241
],
[
-90.17412,
38.76443
],
[
-90.12056,
38.80511
],
[
-90.11163,
38.84362
],
[
-90.2778,
38.91739
],
[
-90.44534,
38.96065
],
[
-90.52362,
38.87089
],
[
-90.58954,
38.86127
],
[
-90.68018,
38.93875
],
[
-90.71794,
39.05776
],
[
-90.68824,
39.09824
],
[
-90.71262,
39.13926
],
[
-90.7368,
39.25163
],
[
-90.83705,
39.32869
],
[
-91.04121,
39.44803
],
[
-91.06302,
39.47122
],
[
-91.11062,
39.53868
],
[
-91.16006,
39.54874
],
[
-91.24304,
39.62945
],
[
-91.35462,
39.71507
],
[
-91.37262,
39.73277
],
[
-91.36531,
39.79072
],
[
-91.43779,
39.84364
],
[
-91.4505,
39.87974
],
[
-91.44123,
39.902
],
[
-91.42097,
39.92096
],
[
-91.45599,
39.97018
],
[
-91.49658,
40.03421
],
[
-91.51512,
40.13823
],
[
-91.49331,
40.28575
],
[
-91.45095,
40.35967
],
[
-91.4275,
40.37711
],
[
-91.44226,
40.38156
],
[
-91.45668,
40.37214
],
[
-91.52707,
40.41555
],
[
-91.52724,
40.45634
],
[
-91.58767,
40.48063
],
[
-91.68956,
40.56935
],
[
-91.72897,
40.61372
],
[
-93.18315,
40.58211
],
[
-94.19021,
40.57021
],
[
-95.02517,
40.57855
],
[
-95.76316,
40.58533
],
[
-95.75904,
40.53004
],
[
-95.69793,
40.54569
],
[
-95.68901,
40.47156
],
[
-95.65399,
40.4423
],
[
-95.64884,
40.3963
],
[
-95.62137,
40.34451
],
[
-95.61244,
40.31459
],
[
-95.55477,
40.29522
],
[
-95.54799,
40.28273
],
[
-95.55417,
40.26544
],
[
-95.51847,
40.25025
],
[
-95.48413,
40.24867
],
[
-95.46697,
40.22823
],
[
-95.47521,
40.18576
],
[
-95.43332,
40.15742
],
[
-95.39284,
40.12229
],
[
-95.39215,
40.06977
],
[
-95.41481,
40.05558
],
[
-95.40245,
40.03493
],
[
-95.35576,
40.0344
],
[
-95.32417,
40.01652
],
[
-95.30735,
40.00916
],
[
-95.30563,
39.99654
],
[
-95.20515,
39.94486
],
[
-95.19073,
39.91063
],
[
-95.15091,
39.90905
],
[
-95.08087,
39.87112
],
[
-95.03349,
39.87586
],
[
-95.01839,
39.90379
],
[
-94.9353,
39.90273
],
[
-94.91539,
39.87744
],
[
-94.9202,
39.84688
],
[
-94.88586,
39.83791
],
[
-94.87007,
39.81418
],
[
-94.88243,
39.79282
],
[
-94.90921,
39.78675
],
[
-94.92809,
39.78068
],
[
-94.91848,
39.7667
],
[
-94.89651,
39.7667
],
[
-94.87488,
39.77567
],
[
-94.85737,
39.77039
],
[
-94.85428,
39.74189
],
[
-94.88483,
39.72076
],
[
-94.92775,
39.72763
],
[
-94.94079,
39.7352
],
[
-94.95487,
39.73916
],
[
-94.96586,
39.7315
],
[
-94.96448,
39.6932
],
[
-94.97478,
39.67603
],
[
-95.01736,
39.66784
],
[
-95.04963,
39.62759
],
[
-95.0431,
39.59691
],
[
-95.04997,
39.5813
],
[
-95.06885,
39.57415
],
[
-95.09151,
39.57706
],
[
-95.10559,
39.57203
],
[
-95.10937,
39.55721
],
[
-95.06484,
39.51193
],
[
-95.02982,
39.46477
],
[
-94.97489,
39.44197
],
[
-94.93369,
39.39211
],
[
-94.89592,
39.39582
],
[
-94.87739,
39.39105
],
[
-94.87395,
39.37141
],
[
-94.90004,
39.35071
],
[
-94.90305,
39.32492
],
[
-94.87696,
39.28666
],
[
-94.82821,
39.2654
],
[
-94.82134,
39.2186
],
[
-94.79113,
39.21222
],
[
-94.76435,
39.19945
],
[
-94.74581,
39.17603
],
[
-94.68676,
39.18615
],
[
-94.66135,
39.18561
],
[
-94.65243,
39.17178
],
[
-94.65311,
39.16379
],
[
-94.64487,
39.16006
],
[
-94.59818,
39.16539
],
[
-94.59104,
39.15792
],
[
-94.58554,
39.151
],
[
-94.58949,
39.13343
],
[
-94.60425,
39.11878
],
[
-94.59893,
39.11159
],
[
-94.60563,
39.10306
],
[
-94.60778,
38.65472
],
[
-94.61111,
38.45138
],
[
-94.61634,
37.61773
],
[
-94.61743,
36.99664
],
[
-94.61825,
36.88454
],
[
-94.61804,
36.67037
],
[
-94.61763,
36.51361
],
[
-94.61665,
36.50007
]
]
]
}
},
{
"type"
:
"Feature",
"properties": {
"Polygon_id"
:
95,
"Area_Name"
:
"SunStrong - MP (OOM)",
"color"
:
"#FADADD",
"fill"
:
"#FADADD",
"fill-opacity"
:
0.6,
"stroke"
:
"#000000",
"stroke-width"
:
1
},
"geometry": {
"type"
:
"Polygon",
"coordinates": [
[
[
145.75045,
15.09021
],
[
145.7992,
15.15649
],
[
145.79851,
15.19029
],
[
145.79302,
15.21448
],
[
145.82769,
15.2539
],
[
145.85722,
15.26814
],
[
145.80538,
15.30622
],
[
145.74015,
15.23999
],
[
145.69929,
15.20653
],
[
145.68625,
15.11606
],
[
145.75045,
15.09021
]
]
]
}
},
{
"type"
:
"Feature",
"properties": {
"Polygon_id"
:
96,
"Area_Name"
:
"SunStrong - MS (OOM)",
"color"
:
"#FFB7C5",
"fill"
:
"#FFB7C5",
"fill-opacity"
:
0.6,
"stroke"
:
"#000000",
"stroke-width"
:
1
},
"geometry": {
"type"
:
"Polygon",
"coordinates": [
[
[
-88.10161,
34.88708
],
[
-88.47457,
31.88238
],
[
-88.38927,
30.18518
],
[
-89.53734,
30.16143
],
[
-89.6884,
30.42349
],
[
-89.79964,
30.56785
],
[
-89.84359,
30.7002
],
[
-89.78591,
30.81349
],
[
-89.73098,
30.99495
],
[
-89.75138,
31.00387
],
[
-90.4806,
31.00151
],
[
-90.99284,
31.00033
],
[
-91.51194,
31.00328
],
[
-91.61906,
31.00033
],
[
-91.51617,
31.32943
],
[
-91.28435,
31.86062
],
[
-91.20058,
31.9026
],
[
-90.95752,
32.27647
],
[
-90.94653,
32.41105
],
[
-91.16076,
33.11779
],
[
-91.05639,
34.00123
],
[
-90.78916,
34.25297
],
[
-90.53648,
34.50685
],
[
-90.54197,
34.7103
],
[
-90.41975,
34.83439
],
[
-90.26868,
34.99767
],
[
-90.26295,
34.98745
],
[
-90.05283,
34.99195
],
[
-89.36779,
34.99242
],
[
-88.48724,
34.99336
],
[
-88.21258,
34.99336
],
[
-88.10161,
34.88708
]
]
]
}
},
{
"type"
:
"Feature",
"properties": {
"Polygon_id"
:
97,
"Area_Name"
:
"SunStrong - NC (OOM)",
"color"
:
"#FAEBD7",
"fill"
:
"#FAEBD7",
"fill-opacity"
:
0.6,
"stroke"
:
"#000000",
"stroke-width"
:
1
},
"geometry": {
"type"
:
"Polygon",
"coordinates": [
[
[
-81.67755,
36.58805
],
[
-81.67995,
36.58598
],
[
-81.67712,
36.57317
],
[
-81.67901,
36.56834
],
[
-81.69051,
36.56793
],
[
-81.69154,
36.56545
],
[
-81.68948,
36.56131
],
[
-81.69016,
36.55124
],
[
-81.7007,
36.53678
],
[
-81.7079,
36.53374
],
[
-81.69658,
36.50477
],
[
-81.69692,
36.48959
],
[
-81.69623,
36.46309
],
[
-81.71614,
36.45536
],
[
-81.71683,
36.42442
],
[
-81.74018,
36.41061
],
[
-81.73056,
36.38187
],
[
-81.71889,
36.35146
],
[
-81.70447,
36.33763
],
[
-81.71202,
36.33431
],
[
-81.73262,
36.3404
],
[
-81.7546,
36.33653
],
[
-81.79236,
36.35035
],
[
-81.7958,
36.36031
],
[
-81.85382,
36.33625
],
[
-81.88555,
36.31025
],
[
-81.90615,
36.30416
],
[
-82.0318,
36.12134
],
[
-82.05164,
36.1268
],
[
-82.0791,
36.10267
],
[
-82.11893,
36.10489
],
[
-82.13472,
36.1085
],
[
-82.1488,
36.14649
],
[
-82.1788,
36.14163
],
[
-82.21451,
36.15743
],
[
-82.2454,
36.13054
],
[
-82.26669,
36.12721
],
[
-82.29038,
36.13442
],
[
-82.32609,
36.11723
],
[
-82.34943,
36.11473
],
[
-82.35664,
36.11556
],
[
-82.40951,
36.08311
],
[
-82.45953,
36.00531
],
[
-82.51034,
35.97919
],
[
-82.56089,
35.95491
],
[
-82.58629,
35.96658
],
[
-82.6117,
35.96658
],
[
-82.60827,
35.98936
],
[
-82.61881,
36.00678
],
[
-82.59546,
36.03343
],
[
-82.63323,
36.0623
],
[
-82.78492,
35.98998
],
[
-82.77874,
35.97442
],
[
-82.80483,
35.93663
],
[
-82.82353,
35.92321
],
[
-82.86679,
35.95212
],
[
-82.91348,
35.92432
],
[
-82.90181,
35.88205
],
[
-82.91692,
35.84477
],
[
-82.96567,
35.79243
],
[
-82.99657,
35.77405
],
[
-83.07485,
35.78853
],
[
-83.15656,
35.76179
],
[
-83.19089,
35.72724
],
[
-83.24651,
35.72222
],
[
-83.25681,
35.6949
],
[
-83.30419,
35.65363
],
[
-83.34058,
35.66367
],
[
-83.41175,
35.61308
],
[
-83.49414,
35.56953
],
[
-83.61662,
35.56709
],
[
-83.75395,
35.56151
],
[
-83.82261,
35.52799
],
[
-83.89402,
35.50563
],
[
-83.92494,
35.46314
],
[
-84.02107,
35.41167
],
[
-84.00871,
35.36801
],
[
-84.0348,
35.32768
],
[
-84.02656,
35.30191
],
[
-84.04579,
35.27613
],
[
-84.13093,
35.238
],
[
-84.19411,
35.24473
],
[
-84.22706,
35.26491
],
[
-84.28886,
35.22454
],
[
-84.32123,
34.99181
],
[
-84.32192,
34.98872
],
[
-84.16231,
34.98789
],
[
-83.99539,
34.98708
],
[
-83.89229,
34.98771
],
[
-83.62263,
34.98757
],
[
-83.62297,
34.9932
],
[
-83.57902,
34.99376
],
[
-83.35451,
34.99588
],
[
-83.3023,
34.99665
],
[
-83.24193,
34.99826
],
[
-83.16326,
35.00039
],
[
-83.10825,
35.00085
],
[
-83.02477,
35.02404
],
[
-82.98168,
35.035
],
[
-82.87065,
35.06357
],
[
-82.78523,
35.0863
],
[
-82.78121,
35.08529
],
[
-82.77601,
35.08249
],
[
-82.77566,
35.07849
],
[
-82.77927,
35.06647
],
[
-82.77403,
35.06549
],
[
-82.77,
35.06816
],
[
-82.75815,
35.06809
],
[
-82.75412,
35.07097
],
[
-82.75197,
35.07406
],
[
-82.75197,
35.08179
],
[
-82.74531,
35.08016
],
[
-82.74342,
35.08005
],
[
-82.74067,
35.07851
],
[
-82.73925,
35.07879
],
[
-82.73938,
35.08128
],
[
-82.73698,
35.08192
],
[
-82.73479,
35.08465
],
[
-82.73483,
35.08711
],
[
-82.73114,
35.08796
],
[
-82.7302,
35.08792
],
[
-82.72985,
35.09181
],
[
-82.72689,
35.09465
],
[
-82.72019,
35.09384
],
[
-82.71483,
35.0936
],
[
-82.71087,
35.09509
],
[
-82.70658,
35.09779
],
[
-82.70246,
35.0993
],
[
-82.70044,
35.10121
],
[
-82.69958,
35.10065
],
[
-82.69976,
35.09903
],
[
-82.69838,
35.09594
],
[
-82.69139,
35.10307
],
[
-82.68941,
35.10577
],
[
-82.68735,
35.10802
],
[
-82.68724,
35.11039
],
[
-82.68971,
35.11089
],
[
-82.69353,
35.11297
],
[
-82.69482,
35.11469
],
[
-82.6947,
35.11575
],
[
-82.69262,
35.11858
],
[
-82.69204,
35.11909
],
[
-82.68764,
35.11946
],
[
-82.68697,
35.11991
],
[
-82.68657,
35.12135
],
[
-82.6874,
35.12521
],
[
-82.6854,
35.12536
],
[
-82.68347,
35.1261
],
[
-82.68158,
35.12824
],
[
-82.6784,
35.12803
],
[
-82.67489,
35.12683
],
[
-82.67358,
35.12533
],
[
-82.67279,
35.12162
],
[
-82.67369,
35.11831
],
[
-82.67309,
35.11809
],
[
-82.6694,
35.12087
],
[
-82.6688,
35.12111
],
[
-82.66734,
35.11876
],
[
-82.66609,
35.11862
],
[
-82.66497,
35.11885
],
[
-82.66229,
35.11841
],
[
-82.66098,
35.1195
],
[
-82.65894,
35.11938
],
[
-82.65657,
35.11936
],
[
-82.65503,
35.12152
],
[
-82.65244,
35.12287
],
[
-82.65261,
35.12621
],
[
-82.64583,
35.12733
],
[
-82.61687,
35.13814
],
[
-82.57155,
35.14684
],
[
-82.55817,
35.15779
],
[
-82.54718,
35.16481
],
[
-82.52761,
35.16032
],
[
-82.48057,
35.17856
],
[
-82.45211,
35.17996
],
[
-82.45074,
35.16874
],
[
-82.43941,
35.1693
],
[
-82.4195,
35.20129
],
[
-82.40096,
35.20914
],
[
-82.39203,
35.21812
],
[
-82.37796,
35.20802
],
[
-82.37658,
35.18922
],
[
-82.37212,
35.18782
],
[
-82.345,
35.19596
],
[
-82.3231,
35.18945
],
[
-82.2876,
35.20086
],
[
-82.13929,
35.19357
],
[
-81.9373,
35.18612
],
[
-81.73183,
35.17958
],
[
-81.66085,
35.17656
],
[
-81.57384,
35.17312
],
[
-81.54513,
35.17193
],
[
-81.46448,
35.16884
],
[
-81.44218,
35.16803
],
[
-81.31286,
35.16313
],
[
-81.03557,
35.14925
],
[
-81.04725,
35.14588
],
[
-81.05068,
35.131
],
[
-81.04004,
35.12595
],
[
-81.03214,
35.10741
],
[
-81.04965,
35.0973
],
[
-81.05926,
35.07314
],
[
-81.04278,
35.04504
],
[
-80.93567,
35.10657
],
[
-80.78205,
34.93568
],
[
-80.79754,
34.8198
],
[
-79.67529,
34.8048
],
[
-78.49935,
33.81083
],
[
-77.88282,
33.78579
],
[
-75.46598,
35.20029
],
[
-75.47696,
35.71708
],
[
-75.80132,
36.55006
],
[
-76.0255,
36.55032
],
[
-76.12806,
36.55031
],
[
-76.2446,
36.55041
],
[
-76.62252,
36.54915
],
[
-76.91476,
36.55044
],
[
-76.91528,
36.54307
],
[
-76.99818,
36.54391
],
[
-77.11634,
36.54396
],
[
-77.15275,
36.54372
],
[
-77.17013,
36.54679
],
[
-77.20468,
36.54434
],
[
-77.27248,
36.54475
],
[
-77.66809,
36.54487
],
[
-77.91964,
36.54447
],
[
-78.12415,
36.54362
],
[
-78.2068,
36.54396
],
[
-78.82746,
36.54156
],
[
-79.285,
36.54065
],
[
-80.29509,
36.54383
],
[
-80.4616,
36.55163
],
[
-80.55369,
36.55543
],
[
-80.6621,
36.55961
],
[
-80.69138,
36.56161
],
[
-80.70489,
36.56223
],
[
-80.77811,
36.56
],
[
-80.93499,
36.56153
],
[
-81.02778,
36.56532
],
[
-81.10533,
36.56788
],
[
-81.15753,
36.57013
],
[
-81.52596,
36.58054
],
[
-81.61027,
36.58689
],
[
-81.67739,
36.58813
],
[
-81.67755,
36.58805
]
]
]
}
},
{
"type"
:
"Feature",
"properties": {
"Polygon_id"
:
98,
"Area_Name"
:
"SunStrong - NE (OOM)",
"color"
:
"#E1F5FE",
"fill"
:
"#E1F5FE",
"fill-opacity"
:
0.6,
"stroke"
:
"#000000",
"stroke-width"
:
1
},
"geometry": {
"type"
:
"Polygon",
"coordinates": [
[
[
-104.06502,
42.99934
],
[
-104.02657,
40.97856
],
[
-102.05356,
41.00297
],
[
-102.05356,
40.01195
],
[
-96.3,
40.00353
],
[
-95.29974,
40.00332
],
[
-95.60186,
40.32655
],
[
-95.76391,
40.60238
],
[
-95.87102,
41.07287
],
[
-95.92046,
41.26308
],
[
-95.9854,
41.47847
],
[
-96.07741,
41.53915
],
[
-96.10076,
41.75055
],
[
-96.40587,
42.44947
],
[
-96.75194,
42.672
],
[
-97.4276,
42.87361
],
[
-98.03185,
42.80111
],
[
-98.50647,
42.99432
],
[
-99.36667,
42.99662
],
[
-104.06502,
42.99934
]
]
]
}
},
{
"type"
:
"Feature",
"properties": {
"Polygon_id"
:
99,
"Area_Name"
:
"SunStrong - NH - North (OOM)",
"color"
:
"#98FB98",
"fill"
:
"#98FB98",
"fill-opacity"
:
0.6,
"stroke"
:
"#000000",
"stroke-width"
:
1
},
"geometry": {
"type"
:
"Polygon",
"coordinates": [
[
[
-71.08421,
45.3027
],
[
-71.04859,
44.87408
],
[
-71.01847,
44.44224
],
[
-70.97195,
43.56892
],
[
-70.95272,
43.56046
],
[
-70.95135,
43.54055
],
[
-70.96165,
43.53956
],
[
-70.94792,
43.51616
],
[
-70.97058,
43.4808
],
[
-70.94998,
43.46684
],
[
-70.95478,
43.42696
],
[
-70.97882,
43.4115
],
[
-70.97882,
43.38955
],
[
-70.97126,
43.3636
],
[
-70.95135,
43.33613
],
[
-70.93762,
43.33963
],
[
-70.91839,
43.32515
],
[
-70.90191,
43.30666
],
[
-70.87376,
43.27417
],
[
-70.82913,
43.24967
],
[
-70.80922,
43.23517
],
[
-70.80853,
43.21315
],
[
-70.81883,
43.18762
],
[
-70.81883,
43.16409
],
[
-70.82432,
43.14155
],
[
-70.81334,
43.12601
],
[
-70.77008,
43.09393
],
[
-71.27587,
43.0306
],
[
-71.49166,
42.83051
],
[
-71.71207,
42.70752
],
[
-72.45983,
42.72669
],
[
-72.4715,
42.74636
],
[
-72.51682,
42.764
],
[
-72.54772,
42.81842
],
[
-72.55939,
42.88034
],
[
-72.5333,
42.90097
],
[
-72.52781,
42.92008
],
[
-72.53742,
42.94873
],
[
-72.53124,
42.96532
],
[
-72.48729,
42.97336
],
[
-72.45228,
43.00801
],
[
-72.47425,
43.05017
],
[
-72.44109,
43.07956
],
[
-72.46307,
43.14723
],
[
-72.46719,
43.18129
],
[
-72.44315,
43.20882
],
[
-72.44796,
43.26285
],
[
-72.40195,
43.31133
],
[
-72.42049,
43.3458
],
[
-72.4047,
43.35528
],
[
-72.43285,
43.38224
],
[
-72.40676,
43.42364
],
[
-72.40539,
43.51434
],
[
-72.38616,
43.58103
],
[
-72.33398,
43.6049
],
[
-72.34359,
43.64069
],
[
-72.31475,
43.67
],
[
-72.29964,
43.71965
],
[
-72.23647,
43.75487
],
[
-72.19047,
43.83318
],
[
-72.19115,
43.86834
],
[
-72.14995,
43.91584
],
[
-72.1218,
43.94502
],
[
-72.10738,
43.96479
],
[
-72.12386,
43.96726
],
[
-72.11356,
44.00283
],
[
-72.10807,
44.02061
],
[
-72.09296,
44.03345
],
[
-72.05039,
44.09266
],
[
-72.0703,
44.11337
],
[
-72.06756,
44.19416
],
[
-72.07648,
44.26944
],
[
-72.04146,
44.30974
],
[
-71.9934,
44.33774
],
[
-71.93435,
44.33872
],
[
-71.90276,
44.35002
],
[
-71.81556,
44.35493
],
[
-71.82174,
44.38389
],
[
-71.79015,
44.41087
],
[
-71.6796,
44.43784
],
[
-71.65076,
44.47852
],
[
-71.59858,
44.50644
],
[
-71.61025,
44.56126
],
[
-71.56287,
44.58572
],
[
-71.56699,
44.64271
],
[
-71.60407,
44.67055
],
[
-71.6281,
44.72619
],
[
-71.63703,
44.75496
],
[
-71.58141,
44.79396
],
[
-71.55532,
44.84267
],
[
-71.51137,
44.90252
],
[
-71.52648,
44.94627
],
[
-71.54777,
44.99291
],
[
-71.51275,
45.01039
],
[
-71.49898,
45.00766
],
[
-71.48791,
45.00274
],
[
-71.47778,
45.00936
],
[
-71.46688,
45.01227
],
[
-71.4649,
45.01391
],
[
-71.5007,
45.01342
],
[
-71.50112,
45.01549
],
[
-71.50318,
45.02107
],
[
-71.49237,
45.04503
],
[
-71.50816,
45.044
],
[
-71.50164,
45.05655
],
[
-71.50069,
45.06735
],
[
-71.48953,
45.07954
],
[
-71.46799,
45.08845
],
[
-71.43884,
45.12654
],
[
-71.4409,
45.14241
],
[
-71.41979,
45.178
],
[
-71.40141,
45.20568
],
[
-71.44879,
45.23543
],
[
-71.43608,
45.2451
],
[
-71.36948,
45.25042
],
[
-71.36296,
45.2741
],
[
-71.28777,
45.30453
],
[
-71.25206,
45.29101
],
[
-71.25412,
45.27845
],
[
-71.22391,
45.25477
],
[
-71.19336,
45.25525
],
[
-71.18203,
45.248
],
[
-71.15971,
45.25453
],
[
-71.1295,
45.25718
],
[
-71.10478,
45.30333
],
[
-71.08315,
45.30888
],
[
-71.08421,
45.3027
]
]
]
}
},
{
"type"
:
"Feature",
"properties": {
"Polygon_id"
:
100,
"Area_Name"
:
"SunStrong - NH - South (OOM)",
"color"
:
"#FFF8DC",
"fill"
:
"#FFF8DC",
"fill-opacity"
:
0.6,
"stroke"
:
"#000000",
"stroke-width"
:
1
},
"geometry": {
"type"
:
"Polygon",
"coordinates": [
[
[
-70.76959,
43.09489
],
[
-70.8719,
43.08235
],
[
-71.10741,
43.04975
],
[
-71.27633,
43.03018
],
[
-71.38345,
42.93976
],
[
-71.49331,
42.82907
],
[
-71.7151,
42.70608
],
[
-71.29487,
42.69599
],
[
-71.2468,
42.74341
],
[
-71.22208,
42.74542
],
[
-71.1802,
42.73534
],
[
-71.18638,
42.79432
],
[
-71.16441,
42.80943
],
[
-71.13076,
42.82152
],
[
-71.06141,
42.80389
],
[
-71.04287,
42.85072
],
[
-71.02914,
42.85928
],
[
-70.96116,
42.86985
],
[
-70.92957,
42.88545
],
[
-70.90211,
42.88696
],
[
-70.88082,
42.88042
],
[
-70.84649,
42.86079
],
[
-70.81765,
42.87086
],
[
-70.70092,
43.04774
],
[
-70.70504,
43.07533
],
[
-70.74006,
43.07483
],
[
-70.75929,
43.08286
],
[
-70.76959,
43.09489
]
]
]
}
},
{
"type"
:
"Feature",
"properties": {
"Polygon_id"
:
101,
"Area_Name"
:
"SunStrong - NJ - Atlantic",
"color"
:
"#FFDBE9",
"fill"
:
"#FFDBE9",
"fill-opacity"
:
0.6,
"stroke"
:
"#000000",
"stroke-width"
:
1
},
"geometry": {
"type"
:
"Polygon",
"coordinates": [
[
[
-74.67437,
39.68858
],
[
-74.67337,
39.68844
],
[
-74.67382,
39.68722
],
[
-74.67142,
39.68573
],
[
-74.67156,
39.68476
],
[
-74.67053,
39.68555
],
[
-74.66941,
39.685
],
[
-74.66928,
39.68393
],
[
-74.6679,
39.68366
],
[
-74.66728,
39.68192
],
[
-74.66623,
39.68141
],
[
-74.66682,
39.68116
],
[
-74.66528,
39.67983
],
[
-74.66433,
39.67677
],
[
-74.6652,
39.67605
],
[
-74.66475,
39.6742
],
[
-74.66364,
39.67261
],
[
-74.66203,
39.67239
],
[
-74.66183,
39.67167
],
[
-74.66291,
39.67112
],
[
-74.6611,
39.67011
],
[
-74.66056,
39.66807
],
[
-74.65979,
39.66781
],
[
-74.66039,
39.66541
],
[
-74.65953,
39.66495
],
[
-74.6597,
39.66265
],
[
-74.65769,
39.66054
],
[
-74.65911,
39.66008
],
[
-74.65824,
39.65696
],
[
-74.6592,
39.65597
],
[
-74.65859,
39.65355
],
[
-74.66039,
39.65258
],
[
-74.6599,
39.65155
],
[
-74.65854,
39.65168
],
[
-74.65876,
39.65062
],
[
-74.65809,
39.65044
],
[
-74.65884,
39.64982
],
[
-74.6581,
39.64891
],
[
-74.65897,
39.64881
],
[
-74.65934,
39.64674
],
[
-74.65771,
39.64577
],
[
-74.65706,
39.64434
],
[
-74.65835,
39.6434
],
[
-74.65753,
39.64263
],
[
-74.65964,
39.64083
],
[
-74.65927,
39.63972
],
[
-74.65997,
39.63925
],
[
-74.65831,
39.63583
],
[
-74.65936,
39.63146
],
[
-74.6554,
39.63092
],
[
-74.65445,
39.62987
],
[
-74.6548,
39.62685
],
[
-74.65307,
39.62656
],
[
-74.65089,
39.62854
],
[
-74.64889,
39.629
],
[
-74.64745,
39.62766
],
[
-74.64855,
39.62691
],
[
-74.64787,
39.62501
],
[
-74.64409,
39.62604
],
[
-74.64049,
39.62566
],
[
-74.63992,
39.62486
],
[
-74.64101,
39.62365
],
[
-74.63949,
39.62243
],
[
-74.6373,
39.62342
],
[
-74.63559,
39.62712
],
[
-74.63415,
39.62808
],
[
-74.63141,
39.6255
],
[
-74.63187,
39.62132
],
[
-74.62872,
39.6201
],
[
-74.62623,
39.62183
],
[
-74.62445,
39.62617
],
[
-74.62103,
39.6267
],
[
-74.61633,
39.62345
],
[
-74.611,
39.62278
],
[
-74.59581,
39.61394
],
[
-74.5884,
39.61162
],
[
-74.58699,
39.60995
],
[
-74.5858,
39.60555
],
[
-74.58057,
39.60319
],
[
-74.57666,
39.5986
],
[
-74.57171,
39.59895
],
[
-74.56383,
39.59672
],
[
-74.5539,
39.59841
],
[
-74.54865,
39.5898
],
[
-74.54198,
39.58582
],
[
-74.54264,
39.57913
],
[
-74.54157,
39.57674
],
[
-74.5397,
39.575
],
[
-74.53315,
39.57379
],
[
-74.5291,
39.57023
],
[
-74.52562,
39.56936
],
[
-74.52171,
39.57025
],
[
-74.51735,
39.57402
],
[
-74.51479,
39.57401
],
[
-74.51171,
39.56955
],
[
-74.5045,
39.56921
],
[
-74.5,
39.56447
],
[
-74.49548,
39.56204
],
[
-74.49447,
39.56042
],
[
-74.49409,
39.55642
],
[
-74.49305,
39.55563
],
[
-74.49096,
39.55575
],
[
-74.48574,
39.55841
],
[
-74.48294,
39.55854
],
[
-74.4805,
39.55705
],
[
-74.47666,
39.55204
],
[
-74.47405,
39.55123
],
[
-74.4721,
39.55181
],
[
-74.46708,
39.55608
],
[
-74.463,
39.55645
],
[
-74.46092,
39.55467
],
[
-74.45958,
39.54858
],
[
-74.45609,
39.54728
],
[
-74.45345,
39.54858
],
[
-74.45262,
39.55692
],
[
-74.44989,
39.55878
],
[
-74.44651,
39.55902
],
[
-74.44485,
39.55809
],
[
-74.4435,
39.55544
],
[
-74.44614,
39.54975
],
[
-74.44574,
39.54636
],
[
-74.442,
39.54279
],
[
-74.4375,
39.54121
],
[
-74.43445,
39.54197
],
[
-74.43345,
39.54396
],
[
-74.43426,
39.54658
],
[
-74.43854,
39.55165
],
[
-74.43802,
39.55384
],
[
-74.43537,
39.55544
],
[
-74.43347,
39.55564
],
[
-74.42661,
39.55316
],
[
-74.42082,
39.55721
],
[
-74.41755,
39.55736
],
[
-74.41623,
39.55559
],
[
-74.41716,
39.5515
],
[
-74.41679,
39.55022
],
[
-74.41002,
39.54707
],
[
-74.40334,
39.53918
],
[
-74.39783,
39.53067
],
[
-74.3808,
39.49854
],
[
-74.35188,
39.50293
],
[
-74.30951,
39.50328
],
[
-74.30712,
39.49678
],
[
-74.30193,
39.48882
],
[
-74.31182,
39.47602
],
[
-74.31679,
39.46715
],
[
-74.32158,
39.46065
],
[
-74.32287,
39.45481
],
[
-74.32204,
39.45273
],
[
-74.32307,
39.45191
],
[
-74.32978,
39.437
],
[
-74.33709,
39.43173
],
[
-74.3473,
39.42135
],
[
-74.35085,
39.41661
],
[
-74.36554,
39.40275
],
[
-74.40522,
39.37306
],
[
-74.40707,
39.3639
],
[
-74.40839,
39.36421
],
[
-74.41837,
39.35863
],
[
-74.41909,
39.35803
],
[
-74.41796,
39.35636
],
[
-74.4195,
39.35775
],
[
-74.42436,
39.35564
],
[
-74.42503,
39.3564
],
[
-74.42798,
39.35515
],
[
-74.43158,
39.35522
],
[
-74.43399,
39.35409
],
[
-74.4331,
39.35275
],
[
-74.43375,
39.35249
],
[
-74.43472,
39.35393
],
[
-74.44263,
39.35187
],
[
-74.48657,
39.33258
],
[
-74.51856,
39.31539
],
[
-74.54029,
39.29955
],
[
-74.54296,
39.30166
],
[
-74.54605,
39.30224
],
[
-74.55709,
39.29878
],
[
-74.56743,
39.29891
],
[
-74.57255,
39.30112
],
[
-74.58353,
39.30878
],
[
-74.58857,
39.31009
],
[
-74.59314,
39.30868
],
[
-74.61751,
39.29379
],
[
-74.62119,
39.29247
],
[
-74.62509,
39.29253
],
[
-74.63423,
39.29543
],
[
-74.64146,
39.29591
],
[
-74.64617,
39.29401
],
[
-74.65017,
39.28912
],
[
-74.65423,
39.28863
],
[
-74.65898,
39.29042
],
[
-74.65926,
39.29209
],
[
-74.65793,
39.29624
],
[
-74.6589,
39.29731
],
[
-74.66834,
39.29774
],
[
-74.67045,
39.29655
],
[
-74.67102,
39.29151
],
[
-74.67342,
39.28918
],
[
-74.67512,
39.28991
],
[
-74.67409,
39.29457
],
[
-74.6767,
39.29737
],
[
-74.67817,
39.29692
],
[
-74.68094,
39.29384
],
[
-74.68617,
39.2943
],
[
-74.69102,
39.29059
],
[
-74.69555,
39.29104
],
[
-74.699,
39.28924
],
[
-74.69991,
39.28975
],
[
-74.70133,
39.29363
],
[
-74.70306,
39.29481
],
[
-74.70526,
39.29431
],
[
-74.70772,
39.29085
],
[
-74.70929,
39.29134
],
[
-74.70948,
39.29436
],
[
-74.71064,
39.29534
],
[
-74.71176,
39.2949
],
[
-74.71388,
39.29195
],
[
-74.7167,
39.29209
],
[
-74.71982,
39.29446
],
[
-74.71867,
39.29781
],
[
-74.7196,
39.29865
],
[
-74.72714,
39.2961
],
[
-74.73159,
39.29865
],
[
-74.7372,
39.29842
],
[
-74.74058,
39.29569
],
[
-74.74684,
39.29474
],
[
-74.75259,
39.29516
],
[
-74.75296,
39.29786
],
[
-74.75484,
39.29928
],
[
-74.75848,
39.29931
],
[
-74.76393,
39.29642
],
[
-74.76494,
39.29683
],
[
-74.76605,
39.29907
],
[
-74.77044,
39.29933
],
[
-74.77285,
39.30106
],
[
-74.7789,
39.29898
],
[
-74.77926,
39.29996
],
[
-74.77731,
39.30217
],
[
-74.77781,
39.30375
],
[
-74.78417,
39.30731
],
[
-74.7871,
39.3066
],
[
-74.79057,
39.30745
],
[
-74.79297,
39.30489
],
[
-74.79424,
39.30688
],
[
-74.79812,
39.30661
],
[
-74.80024,
39.30854
],
[
-74.8022,
39.30722
],
[
-74.80365,
39.30726
],
[
-74.80401,
39.30645
],
[
-74.80562,
39.30634
],
[
-74.80745,
39.3047
],
[
-74.80972,
39.30619
],
[
-74.81864,
39.30605
],
[
-74.82018,
39.3071
],
[
-74.82106,
39.30649
],
[
-74.82259,
39.30682
],
[
-74.82355,
39.30533
],
[
-74.82489,
39.30528
],
[
-74.83007,
39.3091
],
[
-74.83087,
39.31074
],
[
-74.83318,
39.31134
],
[
-74.83733,
39.31484
],
[
-74.84104,
39.31482
],
[
-74.84422,
39.31617
],
[
-74.85043,
39.31609
],
[
-74.85513,
39.31822
],
[
-74.8603,
39.3192
],
[
-74.8616,
39.32527
],
[
-74.86418,
39.32843
],
[
-74.86392,
39.33586
],
[
-74.86493,
39.3388
],
[
-74.8633,
39.34181
],
[
-74.86396,
39.3432
],
[
-74.86346,
39.34615
],
[
-74.85973,
39.35441
],
[
-74.85915,
39.35851
],
[
-74.85985,
39.36186
],
[
-74.85543,
39.37
],
[
-74.85351,
39.3721
],
[
-74.85397,
39.37329
],
[
-74.85237,
39.37544
],
[
-74.8518,
39.37884
],
[
-74.852,
39.3838
],
[
-74.85635,
39.3908
],
[
-74.85821,
39.39552
],
[
-74.85729,
39.3978
],
[
-74.85805,
39.40116
],
[
-74.85362,
39.40716
],
[
-74.85262,
39.41232
],
[
-74.8534,
39.41397
],
[
-74.85317,
39.41571
],
[
-74.85677,
39.42012
],
[
-74.85741,
39.42333
],
[
-74.85598,
39.42425
],
[
-74.98527,
39.51497
],
[
-74.73622,
39.72978
],
[
-74.67614,
39.69163
],
[
-74.67437,
39.68858
]
]
]
}
},
{
"type"
:
"Feature",
"properties": {
"Polygon_id"
:
102,
"Area_Name"
:
"SunStrong - NJ - Burlington",
"color"
:
"#FFEFD5",
"fill"
:
"#FFEFD5",
"fill-opacity"
:
0.6,
"stroke"
:
"#000000",
"stroke-width"
:
1
},
"geometry": {
"type"
:
"Polygon",
"coordinates": [
[
[
-74.69864,
40.18226
],
[
-74.69501,
40.18252
],
[
-74.69471,
40.18142
],
[
-74.6965,
40.17916
],
[
-74.69241,
40.17931
],
[
-74.69071,
40.17692
],
[
-74.68697,
40.17733
],
[
-74.68504,
40.17533
],
[
-74.68443,
40.17563
],
[
-74.68521,
40.17665
],
[
-74.68473,
40.17805
],
[
-74.68263,
40.17666
],
[
-74.68273,
40.17534
],
[
-74.68062,
40.17604
],
[
-74.68059,
40.1748
],
[
-74.67911,
40.17351
],
[
-74.67444,
40.17361
],
[
-74.67579,
40.17252
],
[
-74.67439,
40.16969
],
[
-74.67553,
40.16837
],
[
-74.67675,
40.16853
],
[
-74.67743,
40.16608
],
[
-74.67573,
40.16567
],
[
-74.67409,
40.16602
],
[
-74.67336,
40.16711
],
[
-74.6723,
40.16652
],
[
-74.67107,
40.16706
],
[
-74.67139,
40.16592
],
[
-74.6697,
40.16524
],
[
-74.66953,
40.16656
],
[
-74.66836,
40.16674
],
[
-74.66729,
40.16571
],
[
-74.66539,
40.16609
],
[
-74.66532,
40.16464
],
[
-74.66233,
40.16522
],
[
-74.6614,
40.16212
],
[
-74.65935,
40.16228
],
[
-74.65829,
40.16093
],
[
-74.65511,
40.15987
],
[
-74.65425,
40.15834
],
[
-74.65104,
40.15861
],
[
-74.64869,
40.15566
],
[
-74.6461,
40.15537
],
[
-74.64575,
40.156
],
[
-74.64301,
40.15411
],
[
-74.6416,
40.15528
],
[
-74.63841,
40.1543
],
[
-74.63807,
40.15197
],
[
-74.63634,
40.15118
],
[
-74.6348,
40.15152
],
[
-74.63371,
40.15037
],
[
-74.63367,
40.14898
],
[
-74.63151,
40.15046
],
[
-74.63061,
40.15018
],
[
-74.63108,
40.14947
],
[
-74.63,
40.14948
],
[
-74.63007,
40.14869
],
[
-74.62749,
40.14861
],
[
-74.627,
40.14951
],
[
-74.62342,
40.14901
],
[
-74.62347,
40.14613
],
[
-74.62206,
40.14479
],
[
-74.62339,
40.14258
],
[
-74.62174,
40.14113
],
[
-74.61888,
40.14046
],
[
-74.6156,
40.14181
],
[
-74.6152,
40.14051
],
[
-74.61031,
40.13965
],
[
-74.60696,
40.1407
],
[
-74.6073,
40.13868
],
[
-74.60308,
40.13858
],
[
-74.60211,
40.13679
],
[
-74.5976,
40.13795
],
[
-74.59568,
40.13738
],
[
-74.59522,
40.1384
],
[
-74.59418,
40.13753
],
[
-74.5926,
40.13772
],
[
-74.59237,
40.1386
],
[
-74.59143,
40.13782
],
[
-74.59001,
40.13898
],
[
-74.58947,
40.13804
],
[
-74.58784,
40.13826
],
[
-74.52869,
40.03746
],
[
-74.50641,
39.99131
],
[
-74.47025,
39.92255
],
[
-74.42943,
39.84543
],
[
-74.38971,
39.77329
],
[
-74.39057,
39.59598
],
[
-74.39234,
39.59452
],
[
-74.39506,
39.58867
],
[
-74.3977,
39.58135
],
[
-74.39768,
39.57768
],
[
-74.40086,
39.57229
],
[
-74.40313,
39.57177
],
[
-74.40415,
39.57015
],
[
-74.40556,
39.56954
],
[
-74.40826,
39.56943
],
[
-74.41067,
39.57095
],
[
-74.4128,
39.57021
],
[
-74.4161,
39.57045
],
[
-74.41856,
39.56874
],
[
-74.41905,
39.56791
],
[
-74.4177,
39.565
],
[
-74.41445,
39.56296
],
[
-74.41429,
39.56144
],
[
-74.42539,
39.55353
],
[
-74.42818,
39.55325
],
[
-74.43393,
39.55564
],
[
-74.43837,
39.55353
],
[
-74.43854,
39.55165
],
[
-74.43426,
39.54658
],
[
-74.43354,
39.54458
],
[
-74.43375,
39.54274
],
[
-74.43522,
39.54151
],
[
-74.4375,
39.54121
],
[
-74.44088,
39.54211
],
[
-74.44574,
39.54636
],
[
-74.44614,
39.54975
],
[
-74.4435,
39.55544
],
[
-74.44426,
39.55738
],
[
-74.44626,
39.55893
],
[
-74.44989,
39.55878
],
[
-74.45262,
39.55692
],
[
-74.45345,
39.54858
],
[
-74.45609,
39.54728
],
[
-74.45958,
39.54858
],
[
-74.46092,
39.55467
],
[
-74.463,
39.55645
],
[
-74.46708,
39.55608
],
[
-74.4721,
39.55181
],
[
-74.47405,
39.55123
],
[
-74.47666,
39.55204
],
[
-74.4805,
39.55705
],
[
-74.48294,
39.55854
],
[
-74.48574,
39.55841
],
[
-74.49096,
39.55575
],
[
-74.49305,
39.55563
],
[
-74.49409,
39.55642
],
[
-74.49447,
39.56042
],
[
-74.49548,
39.56204
],
[
-74.5,
39.56447
],
[
-74.5045,
39.56921
],
[
-74.51171,
39.56955
],
[
-74.51479,
39.57401
],
[
-74.51735,
39.57402
],
[
-74.52171,
39.57025
],
[
-74.52562,
39.56936
],
[
-74.5291,
39.57023
],
[
-74.53315,
39.57379
],
[
-74.5397,
39.575
],
[
-74.54157,
39.57674
],
[
-74.54264,
39.57913
],
[
-74.54198,
39.58582
],
[
-74.54865,
39.5898
],
[
-74.5539,
39.59841
],
[
-74.56383,
39.59672
],
[
-74.57171,
39.59895
],
[
-74.57666,
39.5986
],
[
-74.58057,
39.60319
],
[
-74.5858,
39.60555
],
[
-74.58699,
39.60995
],
[
-74.5884,
39.61162
],
[
-74.59581,
39.61394
],
[
-74.611,
39.62278
],
[
-74.61633,
39.62345
],
[
-74.62103,
39.6267
],
[
-74.62445,
39.62617
],
[
-74.62623,
39.62183
],
[
-74.62872,
39.6201
],
[
-74.63187,
39.62132
],
[
-74.63141,
39.6255
],
[
-74.63415,
39.62808
],
[
-74.63559,
39.62712
],
[
-74.6373,
39.62342
],
[
-74.63949,
39.62243
],
[
-74.64101,
39.62365
],
[
-74.63992,
39.62486
],
[
-74.64049,
39.62566
],
[
-74.64409,
39.62604
],
[
-74.64787,
39.62501
],
[
-74.64855,
39.62691
],
[
-74.64745,
39.62766
],
[
-74.64889,
39.629
],
[
-74.65089,
39.62854
],
[
-74.65307,
39.62656
],
[
-74.6548,
39.62685
],
[
-74.65459,
39.63009
],
[
-74.65613,
39.63131
],
[
-74.65888,
39.63099
],
[
-74.65937,
39.63159
],
[
-74.65831,
39.63583
],
[
-74.65997,
39.63925
],
[
-74.65927,
39.63972
],
[
-74.65964,
39.64083
],
[
-74.65753,
39.64263
],
[
-74.65835,
39.6434
],
[
-74.65706,
39.64434
],
[
-74.65771,
39.64577
],
[
-74.65934,
39.64674
],
[
-74.65897,
39.64881
],
[
-74.6581,
39.64891
],
[
-74.65884,
39.64982
],
[
-74.65809,
39.65044
],
[
-74.65876,
39.65062
],
[
-74.65854,
39.65168
],
[
-74.6599,
39.65155
],
[
-74.66039,
39.65258
],
[
-74.65846,
39.65391
],
[
-74.65926,
39.65533
],
[
-74.65824,
39.65692
],
[
-74.65911,
39.66008
],
[
-74.6577,
39.66048
],
[
-74.65865,
39.66095
],
[
-74.65785,
39.66134
],
[
-74.65969,
39.66262
],
[
-74.65953,
39.66495
],
[
-74.66039,
39.66541
],
[
-74.65979,
39.66781
],
[
-74.66056,
39.66807
],
[
-74.6611,
39.67011
],
[
-74.66291,
39.67112
],
[
-74.66183,
39.67167
],
[
-74.66203,
39.67239
],
[
-74.66364,
39.67261
],
[
-74.66475,
39.6742
],
[
-74.66479,
39.67843
],
[
-74.66785,
39.68361
],
[
-74.66925,
39.6839
],
[
-74.67032,
39.68555
],
[
-74.67156,
39.68476
],
[
-74.67136,
39.68566
],
[
-74.67332,
39.68652
],
[
-74.6739,
39.68756
],
[
-74.67337,
39.68844
],
[
-74.67478,
39.6889
],
[
-74.67457,
39.68961
],
[
-74.67614,
39.69163
],
[
-74.75659,
39.74214
],
[
-74.75765,
39.74378
],
[
-74.75967,
39.74243
],
[
-74.76024,
39.74359
],
[
-74.76425,
39.74605
],
[
-74.76636,
39.74652
],
[
-74.76832,
39.74859
],
[
-74.76825,
39.74954
],
[
-74.77256,
39.75064
],
[
-74.77382,
39.75239
],
[
-74.77366,
39.75343
],
[
-74.77503,
39.75432
],
[
-74.77518,
39.75666
],
[
-74.77688,
39.75778
],
[
-74.78118,
39.75857
],
[
-74.78252,
39.76006
],
[
-74.78244,
39.76148
],
[
-74.78374,
39.76242
],
[
-74.78365,
39.76377
],
[
-74.78516,
39.76483
],
[
-74.78524,
39.76573
],
[
-74.78792,
39.76691
],
[
-74.79076,
39.77135
],
[
-74.79522,
39.7735
],
[
-74.79679,
39.77574
],
[
-74.79859,
39.77599
],
[
-74.79876,
39.7774
],
[
-74.80686,
39.78347
],
[
-74.8115,
39.78508
],
[
-74.81784,
39.78597
],
[
-74.82025,
39.78821
],
[
-74.82788,
39.78925
],
[
-74.83054,
39.78863
],
[
-74.83707,
39.78959
],
[
-74.83959,
39.78915
],
[
-74.84321,
39.78993
],
[
-74.84708,
39.78918
],
[
-74.84813,
39.7879
],
[
-74.84901,
39.7888
],
[
-74.85044,
39.78883
],
[
-74.85383,
39.78709
],
[
-74.85584,
39.78733
],
[
-74.85964,
39.78581
],
[
-74.86809,
39.78474
],
[
-74.87615,
39.78147
],
[
-74.88832,
39.78176
],
[
-74.89482,
39.78332
],
[
-74.89822,
39.78759
],
[
-74.89866,
39.78974
],
[
-74.90297,
39.79112
],
[
-74.93075,
39.88592
],
[
-74.94095,
39.89249
],
[
-74.94417,
39.89307
],
[
-74.94549,
39.89629
],
[
-74.94962,
39.89835
],
[
-74.95195,
39.90168
],
[
-74.9525,
39.90706
],
[
-74.95442,
39.90927
],
[
-74.95536,
39.91253
],
[
-74.95802,
39.91528
],
[
-74.9609,
39.91683
],
[
-74.96287,
39.92023
],
[
-74.96729,
39.9207
],
[
-74.9697,
39.92176
],
[
-74.97502,
39.92162
],
[
-74.98391,
39.92685
],
[
-74.98555,
39.93049
],
[
-74.98448,
39.93132
],
[
-74.98123,
39.9312
],
[
-74.98149,
39.93375
],
[
-74.97698,
39.93546
],
[
-74.97509,
39.93782
],
[
-74.97571,
39.93977
],
[
-74.98223,
39.94045
],
[
-74.98635,
39.93979
],
[
-74.98922,
39.94105
],
[
-74.99194,
39.9409
],
[
-74.99443,
39.93937
],
[
-74.99647,
39.94049
],
[
-74.99877,
39.94024
],
[
-75.00052,
39.94198
],
[
-75.00426,
39.94149
],
[
-75.00473,
39.9431
],
[
-75.00648,
39.94292
],
[
-75.00911,
39.94515
],
[
-75.01268,
39.94519
],
[
-75.01508,
39.94682
],
[
-75.01619,
39.9504
],
[
-75.01332,
39.95409
],
[
-75.01309,
39.95664
],
[
-75.01756,
39.95926
],
[
-75.01656,
39.96051
],
[
-75.01662,
39.96224
],
[
-75.01756,
39.96366
],
[
-75.01886,
39.96399
],
[
-75.01888,
39.96714
],
[
-75.02017,
39.96831
],
[
-75.01974,
39.96949
],
[
-75.01756,
39.96938
],
[
-75.01605,
39.97028
],
[
-75.016,
39.97279
],
[
-75.01754,
39.97343
],
[
-75.01745,
39.97468
],
[
-75.01569,
39.97384
],
[
-75.01479,
39.97496
],
[
-75.01558,
39.97555
],
[
-75.01542,
39.97652
],
[
-75.01419,
39.97653
],
[
-75.01339,
39.97788
],
[
-75.00999,
39.98003
],
[
-75.01396,
39.98039
],
[
-75.01469,
39.98507
],
[
-75.01819,
39.9867
],
[
-75.01888,
39.98957
],
[
-75.02509,
39.99097
],
[
-75.0264,
39.99308
],
[
-75.02802,
39.99401
],
[
-75.02833,
39.99198
],
[
-75.03095,
39.99182
],
[
-75.03121,
39.99344
],
[
-75.03283,
39.99182
],
[
-75.03236,
39.99406
],
[
-75.03638,
39.99636
],
[
-75.03902,
39.9948
],
[
-75.04164,
39.99489
],
[
-75.04307,
39.99348
],
[
-75.0451,
39.99477
],
[
-75.0481,
39.9942
],
[
-75.0482,
39.99213
],
[
-75.04971,
39.99125
],
[
-75.05296,
39.99196
],
[
-75.06037,
39.991
],
[
-75.05658,
40.00038
],
[
-75.05183,
40.00686
],
[
-75.04872,
40.00928
],
[
-75.03561,
40.01507
],
[
-75.01879,
40.0179
],
[
-75.01408,
40.01964
],
[
-74.99874,
40.03025
],
[
-74.97848,
40.04701
],
[
-74.96771,
40.05147
],
[
-74.95834,
40.05673
],
[
-74.94904,
40.06035
],
[
-74.94427,
40.06371
],
[
-74.926,
40.07119
],
[
-74.92111,
40.07159
],
[
-74.9145,
40.07013
],
[
-74.90715,
40.07107
],
[
-74.89176,
40.07536
],
[
-74.87911,
40.08005
],
[
-74.86517,
40.08241
],
[
-74.86107,
40.08378
],
[
-74.85736,
40.09061
],
[
-74.85474,
40.09303
],
[
-74.84822,
40.0964
],
[
-74.8411,
40.09887
],
[
-74.83723,
40.10151
],
[
-74.8284,
40.12114
],
[
-74.82603,
40.12467
],
[
-74.82281,
40.12704
],
[
-74.81537,
40.12773
],
[
-74.79983,
40.12293
],
[
-74.78551,
40.12101
],
[
-74.78125,
40.12228
],
[
-74.76,
40.13398
],
[
-74.75303,
40.13508
],
[
-74.74521,
40.13406
],
[
-74.74088,
40.13526
],
[
-74.72509,
40.14646
],
[
-74.72238,
40.15046
],
[
-74.71797,
40.15017
],
[
-74.71374,
40.15278
],
[
-74.71321,
40.15569
],
[
-74.7103,
40.15741
],
[
-74.70899,
40.15958
],
[
-74.70655,
40.16126
],
[
-74.70404,
40.16808
],
[
-74.70526,
40.16902
],
[
-74.70829,
40.16652
],
[
-74.71068,
40.16714
],
[
-74.71083,
40.16857
],
[
-74.70812,
40.17159
],
[
-74.71111,
40.17291
],
[
-74.71284,
40.17474
],
[
-74.70978,
40.17828
],
[
-74.71103,
40.17945
],
[
-74.711,
40.18041
],
[
-74.70914,
40.18178
],
[
-74.70371,
40.18215
],
[
-74.70056,
40.18366
],
[
-74.69864,
40.18226
]
]
]
}
},
{
"type"
:
"Feature",
"properties": {
"Polygon_id"
:
103,
"Area_Name"
:
"SunStrong - NJ - Camden",
"color"
:
"#E1BEE7",
"fill"
:
"#E1BEE7",
"fill-opacity"
:
0.6,
"stroke"
:
"#000000",
"stroke-width"
:
1
},
"geometry": {
"type"
:
"Polygon",
"coordinates": [
[
[
-75.03681,
39.99634
],
[
-75.03232,
39.99397
],
[
-75.03283,
39.99182
],
[
-75.03121,
39.99344
],
[
-75.03095,
39.99182
],
[
-75.02833,
39.99198
],
[
-75.02802,
39.99401
],
[
-75.0264,
39.99308
],
[
-75.02509,
39.99097
],
[
-75.01915,
39.98976
],
[
-75.01819,
39.9867
],
[
-75.01469,
39.98507
],
[
-75.01396,
39.98039
],
[
-75.00999,
39.98003
],
[
-75.01339,
39.97788
],
[
-75.01419,
39.97653
],
[
-75.01542,
39.97652
],
[
-75.01558,
39.97555
],
[
-75.01479,
39.97496
],
[
-75.01569,
39.97384
],
[
-75.01745,
39.97468
],
[
-75.01754,
39.97343
],
[
-75.016,
39.97279
],
[
-75.01605,
39.97028
],
[
-75.01756,
39.96938
],
[
-75.01974,
39.96949
],
[
-75.02017,
39.96831
],
[
-75.01888,
39.96714
],
[
-75.01886,
39.96399
],
[
-75.01756,
39.96366
],
[
-75.01662,
39.96224
],
[
-75.01656,
39.96051
],
[
-75.01756,
39.95926
],
[
-75.01309,
39.95664
],
[
-75.01332,
39.95409
],
[
-75.01619,
39.9504
],
[
-75.01426,
39.94592
],
[
-75.00911,
39.94515
],
[
-75.00648,
39.94292
],
[
-75.00467,
39.94306
],
[
-75.00426,
39.94149
],
[
-75.00052,
39.94198
],
[
-74.99877,
39.94024
],
[
-74.99647,
39.94049
],
[
-74.99443,
39.93937
],
[
-74.99194,
39.9409
],
[
-74.98922,
39.94105
],
[
-74.98635,
39.93979
],
[
-74.98223,
39.94045
],
[
-74.97571,
39.93977
],
[
-74.97509,
39.93782
],
[
-74.97698,
39.93546
],
[
-74.98149,
39.93375
],
[
-74.98123,
39.9312
],
[
-74.98448,
39.93132
],
[
-74.98555,
39.93049
],
[
-74.98391,
39.92685
],
[
-74.97502,
39.92162
],
[
-74.9697,
39.92176
],
[
-74.96729,
39.9207
],
[
-74.96287,
39.92023
],
[
-74.9609,
39.91683
],
[
-74.95802,
39.91528
],
[
-74.95536,
39.91253
],
[
-74.95442,
39.90927
],
[
-74.9525,
39.90706
],
[
-74.95195,
39.90168
],
[
-74.94962,
39.89835
],
[
-74.94549,
39.89629
],
[
-74.94417,
39.89307
],
[
-74.94095,
39.89249
],
[
-74.93075,
39.88592
],
[
-74.90297,
39.79112
],
[
-74.89866,
39.78974
],
[
-74.89822,
39.78759
],
[
-74.89613,
39.78576
],
[
-74.89488,
39.78337
],
[
-74.88844,
39.78178
],
[
-74.87615,
39.78147
],
[
-74.86809,
39.78474
],
[
-74.85964,
39.78581
],
[
-74.85584,
39.78733
],
[
-74.85383,
39.78709
],
[
-74.85044,
39.78883
],
[
-74.84901,
39.7888
],
[
-74.84813,
39.7879
],
[
-74.84708,
39.78918
],
[
-74.84321,
39.78993
],
[
-74.83054,
39.78863
],
[
-74.82788,
39.78925
],
[
-74.81942,
39.78801
],
[
-74.81784,
39.78597
],
[
-74.8115,
39.78508
],
[
-74.80686,
39.78347
],
[
-74.79876,
39.7774
],
[
-74.79859,
39.77599
],
[
-74.79679,
39.77574
],
[
-74.79522,
39.7735
],
[
-74.79076,
39.77135
],
[
-74.78792,
39.76691
],
[
-74.78524,
39.76573
],
[
-74.78516,
39.76483
],
[
-74.78365,
39.76377
],
[
-74.78374,
39.76242
],
[
-74.78244,
39.76148
],
[
-74.78252,
39.76006
],
[
-74.78118,
39.75857
],
[
-74.77681,
39.75776
],
[
-74.77505,
39.75652
],
[
-74.77503,
39.75432
],
[
-74.77366,
39.75343
],
[
-74.77382,
39.75239
],
[
-74.77256,
39.75064
],
[
-74.76825,
39.74954
],
[
-74.76832,
39.74859
],
[
-74.76636,
39.74652
],
[
-74.76425,
39.74605
],
[
-74.76024,
39.74359
],
[
-74.75967,
39.74243
],
[
-74.75765,
39.74378
],
[
-74.75659,
39.74214
],
[
-74.73622,
39.72978
],
[
-74.87726,
39.60836
],
[
-74.87882,
39.60866
],
[
-74.8786,
39.60931
],
[
-74.87978,
39.60956
],
[
-74.87988,
39.61039
],
[
-74.88233,
39.611
],
[
-74.88256,
39.61305
],
[
-74.88392,
39.61418
],
[
-74.88901,
39.61601
],
[
-74.89139,
39.61848
],
[
-74.89258,
39.61863
],
[
-74.89177,
39.61989
],
[
-74.89328,
39.62202
],
[
-74.89194,
39.62362
],
[
-74.89244,
39.62501
],
[
-74.89672,
39.62705
],
[
-74.89727,
39.6286
],
[
-74.89984,
39.62944
],
[
-74.90014,
39.6304
],
[
-74.90273,
39.63189
],
[
-74.90296,
39.63394
],
[
-74.90432,
39.63439
],
[
-74.90522,
39.63615
],
[
-74.90531,
39.6393
],
[
-74.90744,
39.64056
],
[
-74.90652,
39.64173
],
[
-74.90759,
39.64463
],
[
-74.90708,
39.64557
],
[
-74.90835,
39.64685
],
[
-74.90851,
39.65074
],
[
-74.91061,
39.65286
],
[
-74.90839,
39.65587
],
[
-74.9094,
39.65704
],
[
-74.90843,
39.65942
],
[
-74.91007,
39.66295
],
[
-74.90886,
39.66531
],
[
-74.91143,
39.6675
],
[
-74.91135,
39.66824
],
[
-74.91253,
39.66824
],
[
-74.91376,
39.67034
],
[
-74.91517,
39.67078
],
[
-74.91522,
39.67218
],
[
-74.9171,
39.67385
],
[
-74.91674,
39.67493
],
[
-74.91772,
39.67528
],
[
-74.91859,
39.67914
],
[
-74.92163,
39.67949
],
[
-74.92356,
39.68287
],
[
-74.92675,
39.68433
],
[
-74.92706,
39.68739
],
[
-74.93002,
39.68867
],
[
-74.92992,
39.69029
],
[
-74.93061,
39.69088
],
[
-74.9329,
39.69128
],
[
-74.93581,
39.6945
],
[
-74.9434,
39.69832
],
[
-74.95308,
39.69908
],
[
-74.95415,
39.70044
],
[
-74.95905,
39.70304
],
[
-74.96443,
39.70263
],
[
-74.96756,
39.70323
],
[
-74.96934,
39.70226
],
[
-74.97182,
39.70225
],
[
-74.97854,
39.70345
],
[
-74.98736,
39.70663
],
[
-74.98972,
39.70893
],
[
-74.99355,
39.71014
],
[
-74.99434,
39.71156
],
[
-74.99439,
39.71603
],
[
-74.99784,
39.71727
],
[
-74.99932,
39.71992
],
[
-75.00415,
39.72113
],
[
-75.01575,
39.72598
],
[
-75.02425,
39.73059
],
[
-75.02178,
39.73318
],
[
-75.02011,
39.73654
],
[
-75.02087,
39.73787
],
[
-75.02216,
39.73811
],
[
-75.02172,
39.73959
],
[
-75.02282,
39.74014
],
[
-75.02246,
39.74311
],
[
-75.02112,
39.74404
],
[
-75.02131,
39.74525
],
[
-75.02493,
39.74837
],
[
-75.03039,
39.7508
],
[
-75.03127,
39.75244
],
[
-75.0354,
39.75506
],
[
-75.03592,
39.75708
],
[
-75.03885,
39.75873
],
[
-75.03964,
39.76034
],
[
-75.04287,
39.76071
],
[
-75.04437,
39.76204
],
[
-75.04307,
39.76381
],
[
-75.04421,
39.76691
],
[
-75.04609,
39.76806
],
[
-75.04547,
39.76885
],
[
-75.04719,
39.76938
],
[
-75.04825,
39.77106
],
[
-75.04956,
39.77156
],
[
-75.05029,
39.77659
],
[
-75.04933,
39.7786
],
[
-75.05061,
39.77905
],
[
-75.05112,
39.78021
],
[
-75.05364,
39.78016
],
[
-75.05454,
39.78257
],
[
-75.06356,
39.78414
],
[
-75.06425,
39.78473
],
[
-75.06274,
39.78543
],
[
-75.0635,
39.78596
],
[
-75.06665,
39.78284
],
[
-75.06589,
39.78233
],
[
-75.072,
39.77979
],
[
-75.0697,
39.77611
],
[
-75.07288,
39.77548
],
[
-75.07249,
39.77432
],
[
-75.07442,
39.77397
],
[
-75.07799,
39.78088
],
[
-75.08709,
39.77959
],
[
-75.08494,
39.7864
],
[
-75.08198,
39.79139
],
[
-75.08083,
39.78982
],
[
-75.07836,
39.79113
],
[
-75.07675,
39.79006
],
[
-75.07049,
39.7936
],
[
-75.07431,
39.7949
],
[
-75.07472,
39.79735
],
[
-75.07649,
39.79843
],
[
-75.07505,
39.8014
],
[
-75.07377,
39.80227
],
[
-75.0744,
39.80403
],
[
-75.0754,
39.80495
],
[
-75.07707,
39.80506
],
[
-75.07734,
39.80634
],
[
-75.08062,
39.80554
],
[
-75.08157,
39.8066
],
[
-75.08055,
39.80799
],
[
-75.08433,
39.81118
],
[
-75.08532,
39.81263
],
[
-75.0851,
39.81366
],
[
-75.08872,
39.81421
],
[
-75.08847,
39.81517
],
[
-75.08678,
39.81549
],
[
-75.08648,
39.81624
],
[
-75.08756,
39.81849
],
[
-75.08673,
39.81895
],
[
-75.08849,
39.82087
],
[
-75.08734,
39.82245
],
[
-75.08546,
39.82305
],
[
-75.08576,
39.82487
],
[
-75.0828,
39.82719
],
[
-75.08495,
39.83053
],
[
-75.08682,
39.83131
],
[
-75.08435,
39.83284
],
[
-75.08301,
39.83225
],
[
-75.08299,
39.83353
],
[
-75.0849,
39.83464
],
[
-75.0847,
39.83674
],
[
-75.08702,
39.8383
],
[
-75.08398,
39.83997
],
[
-75.08339,
39.84256
],
[
-75.0854,
39.84466
],
[
-75.0891,
39.84425
],
[
-75.08965,
39.84733
],
[
-75.09229,
39.84842
],
[
-75.09505,
39.85261
],
[
-75.10215,
39.85616
],
[
-75.10503,
39.85677
],
[
-75.10585,
39.86064
],
[
-75.10444,
39.86194
],
[
-75.10465,
39.8627
],
[
-75.10688,
39.8634
],
[
-75.10925,
39.86229
],
[
-75.10955,
39.86124
],
[
-75.10766,
39.86027
],
[
-75.10836,
39.85976
],
[
-75.11458,
39.85989
],
[
-75.11495,
39.86189
],
[
-75.1127,
39.86265
],
[
-75.11343,
39.86433
],
[
-75.11827,
39.86661
],
[
-75.1171,
39.86433
],
[
-75.11846,
39.86392
],
[
-75.12203,
39.86639
],
[
-75.12375,
39.87245
],
[
-75.1208,
39.87193
],
[
-75.12076,
39.87297
],
[
-75.12665,
39.87474
],
[
-75.13207,
39.87815
],
[
-75.12778,
39.88026
],
[
-75.1275,
39.88123
],
[
-75.12838,
39.88252
],
[
-75.1385,
39.88756
],
[
-75.13308,
39.89641
],
[
-75.12916,
39.90858
],
[
-75.12971,
39.91495
],
[
-75.13611,
39.9282
],
[
-75.13676,
39.93381
],
[
-75.13656,
39.94153
],
[
-75.13537,
39.94864
],
[
-75.13312,
39.95555
],
[
-75.13063,
39.95901
],
[
-75.12161,
39.96458
],
[
-75.10507,
39.97145
],
[
-75.0739,
39.97882
],
[
-75.06719,
39.98351
],
[
-75.0627,
39.98769
],
[
-75.06037,
39.991
],
[
-75.05296,
39.99196
],
[
-75.04971,
39.99125
],
[
-75.0482,
39.99213
],
[
-75.0481,
39.9942
],
[
-75.0451,
39.99477
],
[
-75.04307,
39.99348
],
[
-75.04164,
39.99489
],
[
-75.03902,
39.9948
],
[
-75.03681,
39.99634
]
]
]
}
},
{
"type"
:
"Feature",
"properties": {
"Polygon_id"
:
104,
"Area_Name"
:
"SunStrong - NJ - Cape May",
"color"
:
"#C1F0C1",
"fill"
:
"#C1F0C1",
"fill-opacity"
:
0.6,
"stroke"
:
"#000000",
"stroke-width"
:
1
},
"geometry": {
"type"
:
"Polygon",
"coordinates": [
[
[
-74.86079,
39.31957
],
[
-74.85513,
39.31822
],
[
-74.85043,
39.31609
],
[
-74.84422,
39.31617
],
[
-74.84104,
39.31482
],
[
-74.83733,
39.31484
],
[
-74.83318,
39.31134
],
[
-74.83087,
39.31074
],
[
-74.83007,
39.3091
],
[
-74.82489,
39.30528
],
[
-74.82355,
39.30533
],
[
-74.82259,
39.30682
],
[
-74.82106,
39.30649
],
[
-74.82018,
39.3071
],
[
-74.81864,
39.30605
],
[
-74.80972,
39.30619
],
[
-74.80745,
39.3047
],
[
-74.80562,
39.30634
],
[
-74.80401,
39.30645
],
[
-74.80365,
39.30726
],
[
-74.8022,
39.30722
],
[
-74.80024,
39.30854
],
[
-74.79812,
39.30661
],
[
-74.79424,
39.30688
],
[
-74.79297,
39.30489
],
[
-74.79057,
39.30745
],
[
-74.7871,
39.3066
],
[
-74.78417,
39.30731
],
[
-74.77781,
39.30375
],
[
-74.77731,
39.30217
],
[
-74.77926,
39.29996
],
[
-74.7789,
39.29898
],
[
-74.77285,
39.30106
],
[
-74.77044,
39.29933
],
[
-74.76605,
39.29907
],
[
-74.76494,
39.29683
],
[
-74.76393,
39.29642
],
[
-74.75848,
39.29931
],
[
-74.75484,
39.29928
],
[
-74.75296,
39.29786
],
[
-74.75259,
39.29516
],
[
-74.74684,
39.29474
],
[
-74.74058,
39.29569
],
[
-74.7372,
39.29842
],
[
-74.73159,
39.29865
],
[
-74.72714,
39.2961
],
[
-74.7196,
39.29865
],
[
-74.71867,
39.29781
],
[
-74.71982,
39.29446
],
[
-74.7167,
39.29209
],
[
-74.71388,
39.29195
],
[
-74.71176,
39.2949
],
[
-74.71064,
39.29534
],
[
-74.70948,
39.29436
],
[
-74.70929,
39.29134
],
[
-74.70772,
39.29085
],
[
-74.70526,
39.29431
],
[
-74.70306,
39.29481
],
[
-74.70133,
39.29363
],
[
-74.69991,
39.28975
],
[
-74.699,
39.28924
],
[
-74.69555,
39.29104
],
[
-74.69102,
39.29059
],
[
-74.68617,
39.2943
],
[
-74.68094,
39.29384
],
[
-74.67817,
39.29692
],
[
-74.6767,
39.29737
],
[
-74.67409,
39.29457
],
[
-74.67512,
39.28991
],
[
-74.67342,
39.28918
],
[
-74.67102,
39.29151
],
[
-74.67045,
39.29655
],
[
-74.66834,
39.29774
],
[
-74.6589,
39.29731
],
[
-74.65793,
39.29624
],
[
-74.65926,
39.29209
],
[
-74.65898,
39.29042
],
[
-74.65423,
39.28863
],
[
-74.65017,
39.28912
],
[
-74.64617,
39.29401
],
[
-74.64146,
39.29591
],
[
-74.63423,
39.29543
],
[
-74.62509,
39.29253
],
[
-74.62119,
39.29247
],
[
-74.61751,
39.29379
],
[
-74.59314,
39.30868
],
[
-74.58857,
39.31009
],
[
-74.58353,
39.30878
],
[
-74.57255,
39.30112
],
[
-74.56743,
39.29891
],
[
-74.55709,
39.29878
],
[
-74.54605,
39.30224
],
[
-74.54296,
39.30166
],
[
-74.54029,
39.29955
],
[
-74.5512,
39.29314
],
[
-74.55328,
39.28682
],
[
-74.55978,
39.27946
],
[
-74.56302,
39.27723
],
[
-74.57277,
39.27375
],
[
-74.58217,
39.26894
],
[
-74.59401,
39.26084
],
[
-74.61193,
39.24628
],
[
-74.62422,
39.23419
],
[
-74.64375,
39.21082
],
[
-74.64665,
39.20905
],
[
-74.6499,
39.20377
],
[
-74.64963,
39.20177
],
[
-74.65038,
39.20199
],
[
-74.65159,
39.19833
],
[
-74.66434,
39.18769
],
[
-74.67171,
39.17991
],
[
-74.67947,
39.16989
],
[
-74.68468,
39.16086
],
[
-74.69604,
39.14642
],
[
-74.70821,
39.12467
],
[
-74.71205,
39.12085
],
[
-74.71486,
39.11585
],
[
-74.71431,
39.11453
],
[
-74.71336,
39.1146
],
[
-74.71154,
39.11293
],
[
-74.71097,
39.11326
],
[
-74.71148,
39.11287
],
[
-74.7093,
39.11165
],
[
-74.70975,
39.11135
],
[
-74.70826,
39.11
],
[
-74.70771,
39.11024
],
[
-74.70811,
39.10979
],
[
-74.70696,
39.10807
],
[
-74.70574,
39.10831
],
[
-74.70416,
39.10761
],
[
-74.70366,
39.10701
],
[
-74.70437,
39.10755
],
[
-74.70284,
39.10535
],
[
-74.71194,
39.09795
],
[
-74.73897,
39.07231
],
[
-74.76319,
39.04196
],
[
-74.76757,
39.03787
],
[
-74.77186,
39.03164
],
[
-74.78655,
39.00128
],
[
-74.79085,
38.99752
],
[
-74.79585,
38.9913
],
[
-74.80773,
38.9827
],
[
-74.82928,
38.96682
],
[
-74.85656,
38.94863
],
[
-74.86454,
38.94009
],
[
-74.86174,
38.9366
],
[
-74.86518,
38.93629
],
[
-74.87159,
38.94394
],
[
-74.88242,
38.94215
],
[
-74.89757,
38.93494
],
[
-74.90202,
38.9306
],
[
-74.91248,
38.93
],
[
-74.91767,
38.92924
],
[
-74.9258,
38.92852
],
[
-74.92605,
38.92924
],
[
-74.9281,
38.92948
],
[
-74.93456,
38.92862
],
[
-74.93511,
38.9299
],
[
-74.93777,
38.93124
],
[
-74.94513,
38.9309
],
[
-74.96243,
38.93109
],
[
-74.97585,
38.92551
],
[
-74.97225,
38.94051
],
[
-74.97089,
38.94126
],
[
-74.97041,
38.94478
],
[
-74.96323,
38.96139
],
[
-74.96298,
38.96398
],
[
-74.97209,
38.96908
],
[
-74.96156,
38.97607
],
[
-74.96028,
38.98515
],
[
-74.95931,
38.98724
],
[
-74.95973,
38.988
],
[
-74.95689,
38.99726
],
[
-74.95112,
39.01197
],
[
-74.94982,
39.02767
],
[
-74.92106,
39.09464
],
[
-74.89709,
39.09915
],
[
-74.91327,
39.12125
],
[
-74.89119,
39.1218
],
[
-74.89227,
39.12744
],
[
-74.8896,
39.1274
],
[
-74.88886,
39.12833
],
[
-74.88926,
39.13186
],
[
-74.88828,
39.13517
],
[
-74.8884,
39.13982
],
[
-74.88691,
39.14095
],
[
-74.88528,
39.14491
],
[
-74.88593,
39.15707
],
[
-74.88708,
39.16002
],
[
-74.89016,
39.16123
],
[
-74.89566,
39.16939
],
[
-74.90196,
39.17509
],
[
-74.90615,
39.17697
],
[
-74.90637,
39.17786
],
[
-74.90778,
39.17714
],
[
-74.91222,
39.17849
],
[
-74.91307,
39.17994
],
[
-74.91269,
39.18109
],
[
-74.91417,
39.18191
],
[
-74.91581,
39.18508
],
[
-74.91373,
39.18826
],
[
-74.917,
39.18879
],
[
-74.91832,
39.18824
],
[
-74.92052,
39.18948
],
[
-74.92068,
39.18804
],
[
-74.92253,
39.18875
],
[
-74.92305,
39.19138
],
[
-74.92052,
39.19239
],
[
-74.9185,
39.19489
],
[
-74.92038,
39.19667
],
[
-74.92501,
39.19515
],
[
-74.92604,
39.19697
],
[
-74.92578,
39.20125
],
[
-74.92456,
39.20237
],
[
-74.92542,
39.20348
],
[
-74.9233,
39.20262
],
[
-74.92361,
39.20423
],
[
-74.92229,
39.2047
],
[
-74.9229,
39.20631
],
[
-74.92406,
39.20639
],
[
-74.92353,
39.20788
],
[
-74.92635,
39.20903
],
[
-74.92589,
39.21039
],
[
-74.92366,
39.21043
],
[
-74.92548,
39.21232
],
[
-74.9244,
39.21345
],
[
-74.92578,
39.21419
],
[
-74.92513,
39.21533
],
[
-74.9259,
39.21617
],
[
-74.92424,
39.21744
],
[
-74.92574,
39.21891
],
[
-74.92388,
39.21896
],
[
-74.92358,
39.22016
],
[
-74.92261,
39.22055
],
[
-74.92369,
39.22166
],
[
-74.92179,
39.22491
],
[
-74.91282,
39.22697
],
[
-74.89639,
39.23506
],
[
-74.88215,
39.3084
],
[
-74.87374,
39.31261
],
[
-74.86824,
39.31807
],
[
-74.86642,
39.32243
],
[
-74.86461,
39.32439
],
[
-74.86129,
39.32382
],
[
-74.86079,
39.31957
]
]
]
}
},
{
"type"
:
"Feature",
"properties": {
"Polygon_id"
:
105,
"Area_Name"
:
"SunStrong - NJ - Cumberland",
"color"
:
"#DCD0FF",
"fill"
:
"#DCD0FF",
"fill-opacity"
:
0.6,
"stroke"
:
"#000000",
"stroke-width"
:
1
},
"geometry": {
"type"
:
"Polygon",
"coordinates": [
[
[
-75.06186,
39.56875
],
[
-74.85598,
39.42425
],
[
-74.85741,
39.42333
],
[
-74.85677,
39.42012
],
[
-74.85317,
39.41571
],
[
-74.8534,
39.41397
],
[
-74.85262,
39.41232
],
[
-74.85362,
39.40716
],
[
-74.85805,
39.40116
],
[
-74.85729,
39.3978
],
[
-74.85821,
39.39552
],
[
-74.85635,
39.3908
],
[
-74.852,
39.3838
],
[
-74.8518,
39.37884
],
[
-74.85237,
39.37544
],
[
-74.85397,
39.37329
],
[
-74.85351,
39.3721
],
[
-74.85543,
39.37
],
[
-74.85985,
39.36186
],
[
-74.85915,
39.35851
],
[
-74.85973,
39.35441
],
[
-74.86346,
39.34615
],
[
-74.86396,
39.3432
],
[
-74.8633,
39.34181
],
[
-74.86493,
39.3388
],
[
-74.86392,
39.33586
],
[
-74.86418,
39.32843
],
[
-74.86238,
39.32687
],
[
-74.86129,
39.32382
],
[
-74.86461,
39.32439
],
[
-74.86642,
39.32243
],
[
-74.86824,
39.31807
],
[
-74.87374,
39.31261
],
[
-74.88215,
39.3084
],
[
-74.89639,
39.23506
],
[
-74.91282,
39.22697
],
[
-74.92179,
39.22491
],
[
-74.92369,
39.22166
],
[
-74.92261,
39.22055
],
[
-74.92358,
39.22016
],
[
-74.92388,
39.21896
],
[
-74.92574,
39.21891
],
[
-74.92424,
39.21744
],
[
-74.9259,
39.21617
],
[
-74.92513,
39.21533
],
[
-74.92578,
39.21419
],
[
-74.9244,
39.21345
],
[
-74.92548,
39.21232
],
[
-74.92366,
39.21043
],
[
-74.92589,
39.21039
],
[
-74.92635,
39.20903
],
[
-74.92353,
39.20788
],
[
-74.92406,
39.20639
],
[
-74.9229,
39.20631
],
[
-74.92229,
39.2047
],
[
-74.92361,
39.20423
],
[
-74.9233,
39.20262
],
[
-74.92542,
39.20348
],
[
-74.92456,
39.20237
],
[
-74.92578,
39.20125
],
[
-74.92604,
39.19697
],
[
-74.92501,
39.19515
],
[
-74.92038,
39.19667
],
[
-74.91858,
39.19516
],
[
-74.92052,
39.19239
],
[
-74.92305,
39.19138
],
[
-74.92245,
39.18866
],
[
-74.92068,
39.18804
],
[
-74.92052,
39.18948
],
[
-74.91832,
39.18824
],
[
-74.917,
39.18879
],
[
-74.91364,
39.18816
],
[
-74.91581,
39.18508
],
[
-74.91417,
39.18191
],
[
-74.91269,
39.18109
],
[
-74.91307,
39.17994
],
[
-74.91222,
39.17849
],
[
-74.914,
39.17858
],
[
-74.91626,
39.17691
],
[
-74.91803,
39.17667
],
[
-74.92568,
39.18054
],
[
-74.92674,
39.18297
],
[
-74.92534,
39.18537
],
[
-74.9262,
39.18545
],
[
-74.92612,
39.18676
],
[
-74.92699,
39.18699
],
[
-74.92894,
39.18598
],
[
-74.93444,
39.18633
],
[
-74.94039,
39.18519
],
[
-74.94895,
39.18728
],
[
-74.95699,
39.19087
],
[
-74.96362,
39.19165
],
[
-74.96461,
39.19238
],
[
-74.97102,
39.19234
],
[
-74.97425,
39.19399
],
[
-74.9788,
39.19233
],
[
-74.99272,
39.19267
],
[
-75.00363,
39.1909
],
[
-75.0107,
39.19351
],
[
-75.01671,
39.19417
],
[
-75.01896,
39.19337
],
[
-75.02566,
39.19359
],
[
-75.02815,
39.1949
],
[
-75.02821,
39.1965
],
[
-75.02663,
39.20057
],
[
-75.02362,
39.20173
],
[
-75.02281,
39.20377
],
[
-75.02413,
39.20763
],
[
-75.02435,
39.21196
],
[
-75.02538,
39.21269
],
[
-75.04956,
39.21574
],
[
-75.07259,
39.21461
],
[
-75.08182,
39.21173
],
[
-75.08623,
39.21224
],
[
-75.09062,
39.21093
],
[
-75.09496,
39.21148
],
[
-75.10023,
39.21377
],
[
-75.10968,
39.21406
],
[
-75.11086,
39.21276
],
[
-75.11605,
39.21192
],
[
-75.11826,
39.20643
],
[
-75.12356,
39.20236
],
[
-75.12361,
39.20004
],
[
-75.12507,
39.19916
],
[
-75.1282,
39.19296
],
[
-75.12757,
39.19045
],
[
-75.13133,
39.18922
],
[
-75.13415,
39.18728
],
[
-75.13443,
39.18566
],
[
-75.136,
39.1843
],
[
-75.13526,
39.18353
],
[
-75.13643,
39.18177
],
[
-75.13718,
39.1814
],
[
-75.13757,
39.18374
],
[
-75.13965,
39.18628
],
[
-75.14846,
39.18978
],
[
-75.15117,
39.19001
],
[
-75.15235,
39.19193
],
[
-75.15452,
39.19295
],
[
-75.15396,
39.19373
],
[
-75.15519,
39.19439
],
[
-75.15661,
39.19732
],
[
-75.16033,
39.19824
],
[
-75.16176,
39.20026
],
[
-75.16307,
39.20056
],
[
-75.16654,
39.20396
],
[
-75.16614,
39.20469
],
[
-75.16676,
39.20526
],
[
-75.16609,
39.20545
],
[
-75.162,
39.21548
],
[
-75.16635,
39.21875
],
[
-75.16647,
39.22235
],
[
-75.16845,
39.22959
],
[
-75.17126,
39.23634
],
[
-75.17316,
39.23899
],
[
-75.17906,
39.24336
],
[
-75.17923,
39.2448
],
[
-75.18382,
39.24673
],
[
-75.19184,
39.24586
],
[
-75.19647,
39.25216
],
[
-75.19866,
39.25709
],
[
-75.20364,
39.26182
],
[
-75.20794,
39.26343
],
[
-75.21036,
39.26357
],
[
-75.2112,
39.26281
],
[
-75.21812,
39.26613
],
[
-75.22233,
39.26759
],
[
-75.22434,
39.26753
],
[
-75.23038,
39.27085
],
[
-75.23916,
39.27314
],
[
-75.24153,
39.27467
],
[
-75.24095,
39.27586
],
[
-75.24329,
39.27745
],
[
-75.24501,
39.2888
],
[
-75.24674,
39.2917
],
[
-75.25214,
39.29592
],
[
-75.25217,
39.29782
],
[
-75.25567,
39.30146
],
[
-75.26002,
39.30242
],
[
-75.26199,
39.30211
],
[
-75.26741,
39.30351
],
[
-75.26767,
39.30415
],
[
-75.27233,
39.30419
],
[
-75.28411,
39.29787
],
[
-75.28425,
39.296
],
[
-75.2856,
39.2943
],
[
-75.28558,
39.29306
],
[
-75.2863,
39.2929
],
[
-75.2859,
39.29207
],
[
-75.28818,
39.29126
],
[
-75.28921,
39.29223
],
[
-75.29073,
39.29201
],
[
-75.29229,
39.29436
],
[
-75.29392,
39.29434
],
[
-75.2977,
39.2969
],
[
-75.29831,
39.29908
],
[
-75.30003,
39.30079
],
[
-75.30479,
39.30246
],
[
-75.3138,
39.31024
],
[
-75.31737,
39.31763
],
[
-75.3206,
39.32142
],
[
-75.3244,
39.33117
],
[
-75.32594,
39.33247
],
[
-75.32666,
39.33745
],
[
-75.32851,
39.34224
],
[
-75.33107,
39.34319
],
[
-75.33206,
39.34213
],
[
-75.33278,
39.34243
],
[
-75.33211,
39.34361
],
[
-75.33254,
39.34488
],
[
-75.33682,
39.3476
],
[
-75.34585,
39.3498
],
[
-75.35046,
39.34987
],
[
-75.35822,
39.34775
],
[
-75.35811,
39.34146
],
[
-75.362,
39.3408
],
[
-75.36255,
39.34218
],
[
-75.36438,
39.34216
],
[
-75.3644,
39.34471
],
[
-75.36584,
39.34715
],
[
-75.36709,
39.34749
],
[
-75.36715,
39.34983
],
[
-75.36923,
39.35217
],
[
-75.37505,
39.35377
],
[
-75.3751,
39.35454
],
[
-75.38238,
39.35488
],
[
-75.38593,
39.35621
],
[
-75.39154,
39.3601
],
[
-75.39435,
39.36695
],
[
-75.39358,
39.36867
],
[
-75.3945,
39.37066
],
[
-75.39411,
39.37241
],
[
-75.39548,
39.37399
],
[
-75.39668,
39.37417
],
[
-75.39633,
39.37545
],
[
-75.39751,
39.37642
],
[
-75.39686,
39.37823
],
[
-75.39954,
39.38018
],
[
-75.40123,
39.38012
],
[
-75.4006,
39.3804
],
[
-75.40146,
39.38103
],
[
-75.40684,
39.38119
],
[
-75.40767,
39.38526
],
[
-75.40895,
39.38745
],
[
-75.41112,
39.38738
],
[
-75.41177,
39.38474
],
[
-75.41307,
39.38434
],
[
-75.4174,
39.38814
],
[
-75.41737,
39.38913
],
[
-75.41465,
39.39075
],
[
-75.41762,
39.39323
],
[
-75.41778,
39.3955
],
[
-75.41617,
39.39605
],
[
-75.4114,
39.39476
],
[
-75.40733,
39.39603
],
[
-75.40746,
39.3983
],
[
-75.41132,
39.40101
],
[
-75.40559,
39.40416
],
[
-75.40488,
39.40641
],
[
-75.40564,
39.40795
],
[
-75.41071,
39.40891
],
[
-75.41159,
39.40821
],
[
-75.41159,
39.40512
],
[
-75.41424,
39.40465
],
[
-75.41506,
39.40571
],
[
-75.41507,
39.40873
],
[
-75.41962,
39.41184
],
[
-75.41969,
39.41341
],
[
-75.41857,
39.41543
],
[
-75.41411,
39.41577
],
[
-75.4151,
39.41865
],
[
-75.41476,
39.41972
],
[
-75.4107,
39.42067
],
[
-75.41217,
39.42219
],
[
-75.41208,
39.42353
],
[
-75.40818,
39.42372
],
[
-75.40784,
39.42431
],
[
-75.41019,
39.42706
],
[
-75.40971,
39.42957
],
[
-75.41049,
39.43104
],
[
-75.41222,
39.43104
],
[
-75.41385,
39.4289
],
[
-75.41503,
39.42873
],
[
-75.41728,
39.42965
],
[
-75.41841,
39.43239
],
[
-75.41602,
39.43469
],
[
-75.41178,
39.43359
],
[
-75.40915,
39.43725
],
[
-75.40935,
39.43837
],
[
-75.41062,
39.43875
],
[
-75.41476,
39.43708
],
[
-75.41659,
39.43922
],
[
-75.41595,
39.44012
],
[
-75.41173,
39.43974
],
[
-75.40905,
39.4429
],
[
-75.41162,
39.4453
],
[
-75.41025,
39.45048
],
[
-75.41412,
39.45079
],
[
-75.41459,
39.45234
],
[
-75.41391,
39.4534
],
[
-75.40759,
39.4589
],
[
-75.39998,
39.4623
],
[
-75.39669,
39.46074
],
[
-75.38607,
39.45793
],
[
-75.38164,
39.45774
],
[
-75.37967,
39.45868
],
[
-75.37909,
39.45719
],
[
-75.37435,
39.45507
],
[
-75.36826,
39.45648
],
[
-75.36318,
39.4622
],
[
-75.36315,
39.46444
],
[
-75.36116,
39.46533
],
[
-75.3618,
39.46608
],
[
-75.36035,
39.46618
],
[
-75.3571,
39.47026
],
[
-75.35299,
39.47032
],
[
-75.35122,
39.47183
],
[
-75.34998,
39.47977
],
[
-75.34394,
39.48573
],
[
-75.34421,
39.48867
],
[
-75.34238,
39.49063
],
[
-75.338,
39.49054
],
[
-75.33533,
39.48845
],
[
-75.33077,
39.48955
],
[
-75.32639,
39.48845
],
[
-75.31802,
39.49205
],
[
-75.30509,
39.50344
],
[
-75.29402,
39.51148
],
[
-75.27044,
39.53091
],
[
-75.23844,
39.55905
],
[
-75.17933,
39.52198
],
[
-75.08334,
39.45754
],
[
-75.08277,
39.45915
],
[
-75.08029,
39.46049
],
[
-75.08089,
39.46103
],
[
-75.08046,
39.46258
],
[
-75.08132,
39.46251
],
[
-75.08108,
39.4637
],
[
-75.08188,
39.46383
],
[
-75.08118,
39.4644
],
[
-75.08205,
39.46474
],
[
-75.0813,
39.46769
],
[
-75.07966,
39.46831
],
[
-75.08082,
39.46958
],
[
-75.08071,
39.47179
],
[
-75.07807,
39.47337
],
[
-75.07895,
39.47431
],
[
-75.07816,
39.47509
],
[
-75.07842,
39.47687
],
[
-75.07687,
39.47676
],
[
-75.07752,
39.47724
],
[
-75.07693,
39.47777
],
[
-75.07732,
39.47879
],
[
-75.07596,
39.47923
],
[
-75.07607,
39.48156
],
[
-75.0746,
39.48219
],
[
-75.07396,
39.4833
],
[
-75.07446,
39.484
],
[
-75.07318,
39.48532
],
[
-75.07434,
39.48611
],
[
-75.07396,
39.48655
],
[
-75.07525,
39.48873
],
[
-75.07434,
39.48927
],
[
-75.07542,
39.4897
],
[
-75.07465,
39.49022
],
[
-75.07502,
39.49125
],
[
-75.07369,
39.49142
],
[
-75.07385,
39.4926
],
[
-75.07586,
39.49444
],
[
-75.07689,
39.49679
],
[
-75.07854,
39.4971
],
[
-75.07828,
39.49846
],
[
-75.07908,
39.49856
],
[
-75.07864,
39.49945
],
[
-75.07929,
39.49951
],
[
-75.07977,
39.50119
],
[
-75.0782,
39.50284
],
[
-75.07811,
39.50442
],
[
-75.07686,
39.50491
],
[
-75.07807,
39.50526
],
[
-75.0771,
39.50607
],
[
-75.078,
39.50679
],
[
-75.07663,
39.50772
],
[
-75.07766,
39.50902
],
[
-75.07714,
39.51117
],
[
-75.07796,
39.5112
],
[
-75.07804,
39.51217
],
[
-75.07672,
39.51329
],
[
-75.0772,
39.51423
],
[
-75.07545,
39.51513
],
[
-75.07499,
39.51809
],
[
-75.07567,
39.51885
],
[
-75.07478,
39.51919
],
[
-75.07528,
39.51966
],
[
-75.07436,
39.51966
],
[
-75.07475,
39.52036
],
[
-75.07248,
39.52276
],
[
-75.07292,
39.52355
],
[
-75.07222,
39.52429
],
[
-75.07286,
39.5243
],
[
-75.07261,
39.52572
],
[
-75.07359,
39.5274
],
[
-75.07199,
39.52915
],
[
-75.07246,
39.53077
],
[
-75.07111,
39.53151
],
[
-75.07161,
39.53183
],
[
-75.0711,
39.53251
],
[
-75.07225,
39.53262
],
[
-75.0727,
39.53594
],
[
-75.07137,
39.53645
],
[
-75.07214,
39.53758
],
[
-75.07104,
39.54015
],
[
-75.07448,
39.54452
],
[
-75.07356,
39.54534
],
[
-75.0741,
39.54612
],
[
-75.07333,
39.54646
],
[
-75.07362,
39.5474
],
[
-75.07114,
39.54952
],
[
-75.07128,
39.55171
],
[
-75.06651,
39.55614
],
[
-75.06627,
39.56113
],
[
-75.06186,
39.56875
]
]
]
}
},
{
"type"
:
"Feature",
"properties": {
"Polygon_id"
:
106,
"Area_Name"
:
"SunStrong - NJ - Gloucester",
"color"
:
"#E9FFDB",
"fill"
:
"#E9FFDB",
"fill-opacity"
:
0.6,
"stroke"
:
"#000000",
"stroke-width"
:
1
},
"geometry": {
"type"
:
"Polygon",
"coordinates": [
[
[
-75.12857,
39.88272
],
[
-75.12763,
39.88044
],
[
-75.13207,
39.87815
],
[
-75.12665,
39.87474
],
[
-75.12076,
39.87297
],
[
-75.1208,
39.87193
],
[
-75.12375,
39.87245
],
[
-75.12193,
39.86627
],
[
-75.11846,
39.86392
],
[
-75.1171,
39.86433
],
[
-75.11827,
39.86661
],
[
-75.11343,
39.86433
],
[
-75.11273,
39.86255
],
[
-75.11478,
39.86204
],
[
-75.11511,
39.86119
],
[
-75.11389,
39.85952
],
[
-75.10818,
39.85981
],
[
-75.10781,
39.86049
],
[
-75.10962,
39.86136
],
[
-75.10925,
39.86229
],
[
-75.10688,
39.8634
],
[
-75.10465,
39.8627
],
[
-75.10444,
39.86194
],
[
-75.10585,
39.86064
],
[
-75.10503,
39.85677
],
[
-75.10215,
39.85616
],
[
-75.09505,
39.85261
],
[
-75.09229,
39.84842
],
[
-75.08965,
39.84733
],
[
-75.0891,
39.84425
],
[
-75.0854,
39.84466
],
[
-75.08333,
39.84245
],
[
-75.08398,
39.83997
],
[
-75.08702,
39.8383
],
[
-75.0847,
39.83674
],
[
-75.0849,
39.83464
],
[
-75.08299,
39.83353
],
[
-75.08301,
39.83225
],
[
-75.08435,
39.83284
],
[
-75.08682,
39.83131
],
[
-75.08495,
39.83053
],
[
-75.0828,
39.82719
],
[
-75.08576,
39.82487
],
[
-75.08546,
39.82305
],
[
-75.08734,
39.82245
],
[
-75.08849,
39.82087
],
[
-75.08673,
39.81895
],
[
-75.08756,
39.81849
],
[
-75.08648,
39.81624
],
[
-75.08678,
39.81549
],
[
-75.08847,
39.81517
],
[
-75.08872,
39.81421
],
[
-75.0851,
39.81366
],
[
-75.08532,
39.81263
],
[
-75.08433,
39.81118
],
[
-75.08055,
39.80799
],
[
-75.08157,
39.8066
],
[
-75.08062,
39.80554
],
[
-75.07734,
39.80634
],
[
-75.07707,
39.80506
],
[
-75.0754,
39.80495
],
[
-75.0744,
39.80403
],
[
-75.07377,
39.80227
],
[
-75.07505,
39.8014
],
[
-75.07649,
39.79843
],
[
-75.07472,
39.79735
],
[
-75.07431,
39.7949
],
[
-75.07049,
39.7936
],
[
-75.07675,
39.79006
],
[
-75.07836,
39.79113
],
[
-75.08083,
39.78982
],
[
-75.08198,
39.79139
],
[
-75.08494,
39.7864
],
[
-75.08709,
39.77959
],
[
-75.07799,
39.78088
],
[
-75.07442,
39.77397
],
[
-75.07249,
39.77432
],
[
-75.07288,
39.77548
],
[
-75.0697,
39.77611
],
[
-75.072,
39.77979
],
[
-75.06589,
39.78233
],
[
-75.06665,
39.78284
],
[
-75.0635,
39.78596
],
[
-75.06274,
39.78543
],
[
-75.06425,
39.78473
],
[
-75.06356,
39.78414
],
[
-75.05454,
39.78257
],
[
-75.05364,
39.78016
],
[
-75.05112,
39.78021
],
[
-75.05061,
39.77905
],
[
-75.04933,
39.7786
],
[
-75.05029,
39.77659
],
[
-75.04956,
39.77156
],
[
-75.04825,
39.77106
],
[
-75.04719,
39.76938
],
[
-75.04547,
39.76885
],
[
-75.04609,
39.76806
],
[
-75.04421,
39.76691
],
[
-75.04307,
39.76381
],
[
-75.04437,
39.76204
],
[
-75.04287,
39.76071
],
[
-75.03964,
39.76034
],
[
-75.03885,
39.75873
],
[
-75.03592,
39.75708
],
[
-75.0354,
39.75506
],
[
-75.03127,
39.75244
],
[
-75.03039,
39.7508
],
[
-75.02493,
39.74837
],
[
-75.02131,
39.74525
],
[
-75.02112,
39.74404
],
[
-75.02246,
39.74311
],
[
-75.02282,
39.74014
],
[
-75.02172,
39.73959
],
[
-75.02216,
39.73811
],
[
-75.02087,
39.73787
],
[
-75.02011,
39.73654
],
[
-75.02178,
39.73318
],
[
-75.02425,
39.73059
],
[
-75.01575,
39.72598
],
[
-75.00415,
39.72113
],
[
-74.99932,
39.71992
],
[
-74.99784,
39.71727
],
[
-74.99439,
39.71603
],
[
-74.99434,
39.71156
],
[
-74.99355,
39.71014
],
[
-74.98972,
39.70893
],
[
-74.98736,
39.70663
],
[
-74.97854,
39.70345
],
[
-74.97182,
39.70225
],
[
-74.96934,
39.70226
],
[
-74.96756,
39.70323
],
[
-74.96443,
39.70263
],
[
-74.95905,
39.70304
],
[
-74.95415,
39.70044
],
[
-74.95308,
39.69908
],
[
-74.9434,
39.69832
],
[
-74.93581,
39.6945
],
[
-74.9329,
39.69128
],
[
-74.93061,
39.69088
],
[
-74.92992,
39.69029
],
[
-74.93002,
39.68867
],
[
-74.92706,
39.68739
],
[
-74.92675,
39.68433
],
[
-74.92356,
39.68287
],
[
-74.92163,
39.67949
],
[
-74.91859,
39.67914
],
[
-74.91772,
39.67528
],
[
-74.91674,
39.67493
],
[
-74.9171,
39.67385
],
[
-74.91522,
39.67218
],
[
-74.91517,
39.67078
],
[
-74.91376,
39.67034
],
[
-74.91253,
39.66824
],
[
-74.91135,
39.66824
],
[
-74.91143,
39.6675
],
[
-74.90886,
39.66531
],
[
-74.91007,
39.66295
],
[
-74.90843,
39.65942
],
[
-74.9094,
39.65704
],
[
-74.90839,
39.65587
],
[
-74.91061,
39.65286
],
[
-74.90851,
39.65074
],
[
-74.90835,
39.64685
],
[
-74.90708,
39.64557
],
[
-74.90759,
39.64463
],
[
-74.90652,
39.64173
],
[
-74.90744,
39.64056
],
[
-74.90531,
39.6393
],
[
-74.90522,
39.63615
],
[
-74.90432,
39.63439
],
[
-74.90296,
39.63394
],
[
-74.90273,
39.63189
],
[
-74.90014,
39.6304
],
[
-74.89984,
39.62944
],
[
-74.89727,
39.6286
],
[
-74.89672,
39.62705
],
[
-74.89244,
39.62501
],
[
-74.89194,
39.62362
],
[
-74.89328,
39.62202
],
[
-74.89177,
39.61989
],
[
-74.89258,
39.61863
],
[
-74.89139,
39.61848
],
[
-74.88901,
39.61601
],
[
-74.88392,
39.61418
],
[
-74.88256,
39.61305
],
[
-74.88233,
39.611
],
[
-74.87988,
39.61039
],
[
-74.87978,
39.60956
],
[
-74.8786,
39.60931
],
[
-74.87882,
39.60866
],
[
-74.87726,
39.60836
],
[
-74.98527,
39.51497
],
[
-75.1937,
39.66259
],
[
-75.19669,
39.66346
],
[
-75.19979,
39.667
],
[
-75.20322,
39.66551
],
[
-75.20765,
39.66528
],
[
-75.21049,
39.66404
],
[
-75.21296,
39.66451
],
[
-75.21943,
39.66182
],
[
-75.22442,
39.66316
],
[
-75.22837,
39.66198
],
[
-75.23068,
39.66247
],
[
-75.23486,
39.66163
],
[
-75.23639,
39.66273
],
[
-75.24755,
39.66454
],
[
-75.25081,
39.66879
],
[
-75.25031,
39.66971
],
[
-75.25112,
39.671
],
[
-75.25005,
39.67322
],
[
-75.25171,
39.6742
],
[
-75.25123,
39.67662
],
[
-75.25293,
39.67771
],
[
-75.25346,
39.67911
],
[
-75.25601,
39.67887
],
[
-75.26098,
39.68143
],
[
-75.26633,
39.68228
],
[
-75.27259,
39.68177
],
[
-75.27497,
39.68053
],
[
-75.27811,
39.68119
],
[
-75.28596,
39.67957
],
[
-75.28778,
39.6815
],
[
-75.29105,
39.68277
],
[
-75.29149,
39.6838
],
[
-75.29505,
39.68613
],
[
-75.29697,
39.68575
],
[
-75.3021,
39.68843
],
[
-75.30402,
39.68773
],
[
-75.3073,
39.68961
],
[
-75.3103,
39.68909
],
[
-75.31172,
39.68782
],
[
-75.31418,
39.68826
],
[
-75.31481,
39.68867
],
[
-75.31375,
39.69018
],
[
-75.315,
39.69046
],
[
-75.31502,
39.6914
],
[
-75.32182,
39.69125
],
[
-75.323,
39.6907
],
[
-75.32303,
39.68978
],
[
-75.32433,
39.68946
],
[
-75.32634,
39.69002
],
[
-75.32687,
39.69391
],
[
-75.32552,
39.69514
],
[
-75.32742,
39.69662
],
[
-75.3306,
39.69646
],
[
-75.33113,
39.69838
],
[
-75.33517,
39.70017
],
[
-75.33605,
39.70389
],
[
-75.33952,
39.70519
],
[
-75.34159,
39.70434
],
[
-75.34359,
39.70581
],
[
-75.34607,
39.70616
],
[
-75.35044,
39.71133
],
[
-75.35596,
39.71175
],
[
-75.35732,
39.71299
],
[
-75.35891,
39.71231
],
[
-75.35912,
39.71364
],
[
-75.36014,
39.7129
],
[
-75.36027,
39.71545
],
[
-75.36133,
39.71668
],
[
-75.3629,
39.71592
],
[
-75.36406,
39.71692
],
[
-75.36579,
39.71667
],
[
-75.366,
39.71773
],
[
-75.36732,
39.71768
],
[
-75.36727,
39.71946
],
[
-75.36638,
39.72013
],
[
-75.36728,
39.72094
],
[
-75.36724,
39.7222
],
[
-75.36921,
39.72189
],
[
-75.36925,
39.72342
],
[
-75.37041,
39.72329
],
[
-75.37197,
39.72489
],
[
-75.37317,
39.72409
],
[
-75.3752,
39.72524
],
[
-75.37509,
39.72652
],
[
-75.37659,
39.72642
],
[
-75.37657,
39.72829
],
[
-75.37471,
39.72859
],
[
-75.37579,
39.72913
],
[
-75.3758,
39.72997
],
[
-75.37811,
39.73087
],
[
-75.37772,
39.73167
],
[
-75.37557,
39.73195
],
[
-75.37494,
39.73271
],
[
-75.37539,
39.73392
],
[
-75.37409,
39.7353
],
[
-75.37445,
39.73676
],
[
-75.37733,
39.73877
],
[
-75.37643,
39.73978
],
[
-75.37468,
39.73976
],
[
-75.37765,
39.74037
],
[
-75.37665,
39.74203
],
[
-75.37766,
39.74382
],
[
-75.37674,
39.74499
],
[
-75.37822,
39.74513
],
[
-75.37851,
39.747
],
[
-75.38007,
39.74829
],
[
-75.38132,
39.74802
],
[
-75.38111,
39.74689
],
[
-75.38264,
39.74582
],
[
-75.38422,
39.74716
],
[
-75.38603,
39.74706
],
[
-75.38726,
39.74951
],
[
-75.38628,
39.7507
],
[
-75.38855,
39.75074
],
[
-75.38816,
39.75243
],
[
-75.39022,
39.75176
],
[
-75.39084,
39.74992
],
[
-75.39256,
39.75046
],
[
-75.39509,
39.75472
],
[
-75.39399,
39.75568
],
[
-75.39121,
39.75531
],
[
-75.38934,
39.75642
],
[
-75.39251,
39.75781
],
[
-75.39154,
39.75919
],
[
-75.3897,
39.75978
],
[
-75.38979,
39.76052
],
[
-75.39646,
39.76129
],
[
-75.39656,
39.75926
],
[
-75.39785,
39.7575
],
[
-75.39956,
39.75853
],
[
-75.39928,
39.76133
],
[
-75.40321,
39.76126
],
[
-75.40589,
39.76329
],
[
-75.4045,
39.76936
],
[
-75.40318,
39.77002
],
[
-75.40154,
39.76781
],
[
-75.39978,
39.76804
],
[
-75.39699,
39.76958
],
[
-75.39497,
39.77374
],
[
-75.39601,
39.77434
],
[
-75.3985,
39.77268
],
[
-75.4004,
39.77297
],
[
-75.40106,
39.77567
],
[
-75.40004,
39.77804
],
[
-75.40233,
39.78248
],
[
-75.40381,
39.78303
],
[
-75.40609,
39.78109
],
[
-75.40812,
39.7816
],
[
-75.40623,
39.78393
],
[
-75.40738,
39.78729
],
[
-75.40891,
39.78743
],
[
-75.41318,
39.78501
],
[
-75.41656,
39.78547
],
[
-75.42313,
39.78383
],
[
-75.42906,
39.78383
],
[
-75.4228,
39.78644
],
[
-75.41933,
39.78973
],
[
-75.4113,
39.79355
],
[
-75.40428,
39.79558
],
[
-75.41402,
39.80163
],
[
-75.39174,
39.81101
],
[
-75.3887,
39.81341
],
[
-75.38548,
39.81849
],
[
-75.38186,
39.82136
],
[
-75.36471,
39.83266
],
[
-75.34264,
39.84485
],
[
-75.30701,
39.84911
],
[
-75.27973,
39.84801
],
[
-75.25866,
39.85098
],
[
-75.22837,
39.85917
],
[
-75.21386,
39.86605
],
[
-75.1937,
39.87853
],
[
-75.1844,
39.88097
],
[
-75.16819,
39.88279
],
[
-75.15033,
39.88285
],
[
-75.14168,
39.88509
],
[
-75.1385,
39.88756
],
[
-75.12857,
39.88272
]
]
]
}
},
{
"type"
:
"Feature",
"properties": {
"Polygon_id"
:
107,
"Area_Name"
:
"SunStrong - NJ - Mid North",
"color"
:
"#FFFFE0",
"fill"
:
"#FFFFE0",
"fill-opacity"
:
0.6,
"stroke"
:
"#000000",
"stroke-width"
:
1
},
"geometry": {
"type"
:
"Polygon",
"coordinates": [
[
[
-74.19031,
40.65027
],
[
-75.09603,
40.84045
],
[
-75.09613,
40.8386
],
[
-75.09116,
40.83354
],
[
-75.08446,
40.82912
],
[
-75.08343,
40.82418
],
[
-75.08755,
40.81899
],
[
-75.09648,
40.81106
],
[
-75.10008,
40.80699
],
[
-75.09974,
40.8001
],
[
-75.11038,
40.79009
],
[
-75.1236,
40.78554
],
[
-75.13321,
40.7732
],
[
-75.16652,
40.77879
],
[
-75.17167,
40.77749
],
[
-75.17618,
40.77107
],
[
-75.17841,
40.76301
],
[
-75.18253,
40.7595
],
[
-75.19386,
40.75378
],
[
-75.19678,
40.75001
],
[
-75.19146,
40.74155
],
[
-75.18508,
40.73633
],
[
-75.18225,
40.73165
],
[
-75.1862,
40.72488
],
[
-75.18714,
40.71916
],
[
-75.19392,
40.71461
],
[
-75.20414,
40.6919
],
[
-75.20087,
40.6848
],
[
-75.19478,
40.68025
],
[
-75.18989,
40.67895
],
[
-75.17985,
40.67901
],
[
-75.17676,
40.67419
],
[
-75.18113,
40.66826
],
[
-75.19414,
40.65855
],
[
-75.20101,
40.64709
],
[
-75.19054,
40.63145
],
[
-75.1926,
40.61934
],
[
-75.20187,
40.61595
],
[
-75.19226,
40.60161
],
[
-75.18917,
40.58962
],
[
-75.19603,
40.57841
],
[
-75.18522,
40.5685
],
[
-75.17028,
40.56394
],
[
-75.15792,
40.56446
],
[
-75.14711,
40.57293
],
[
-75.14007,
40.57515
],
[
-75.12205,
40.57385
],
[
-75.10024,
40.56798
],
[
-75.07158,
40.54372
],
[
-75.06847,
40.54104
],
[
-75.06538,
40.52408
],
[
-75.06487,
40.51025
],
[
-75.0634,
40.49576
],
[
-75.06211,
40.48367
],
[
-75.06795,
40.46761
],
[
-75.07155,
40.45611
],
[
-75.06022,
40.42123
],
[
-75.05645,
40.41692
],
[
-75.02641,
40.40359
],
[
-75.00306,
40.40764
],
[
-74.98452,
40.40568
],
[
-74.96804,
40.39836
],
[
-74.94813,
40.36724
],
[
-74.94418,
40.345
],
[
-74.9392,
40.33662
],
[
-74.91548,
40.3209
],
[
-74.89692,
40.3134
],
[
-74.8746,
40.30127
],
[
-74.86138,
40.28892
],
[
-74.84721,
40.26703
],
[
-74.8106,
40.29432
],
[
-74.76277,
40.29592
],
[
-74.69148,
40.29253
],
[
-74.6857,
40.25102
],
[
-74.68075,
40.21846
],
[
-74.33461,
40.19588
],
[
-74.16223,
40.18327
],
[
-73.98933,
40.17244
],
[
-73.91086,
40.39992
],
[
-74.13985,
40.45837
],
[
-74.26164,
40.5017
],
[
-74.24336,
40.54708
],
[
-74.21568,
40.5579
],
[
-74.20722,
40.5854
],
[
-74.2022,
40.61967
],
[
-74.20278,
40.6282
],
[
-74.1855,
40.64558
],
[
-74.19031,
40.65027
]
]
]
}
},
{
"type"
:
"Feature",
"properties": {
"Polygon_id"
:
108,
"Area_Name"
:
"SunStrong - NJ - Mid South",
"color"
:
"#DCD0FF",
"fill"
:
"#DCD0FF",
"fill-opacity"
:
0.6,
"stroke"
:
"#000000",
"stroke-width"
:
1
},
"geometry": {
"type"
:
"Polygon",
"coordinates": [
[
[
-74.84808,
40.26609
],
[
-74.81374,
40.2949
],
[
-74.76636,
40.29648
],
[
-74.69152,
40.29281
],
[
-74.68053,
40.21892
],
[
-73.99,
40.17275
],
[
-74.05317,
39.75172
],
[
-74.30036,
39.43425
],
[
-74.74256,
39.64183
],
[
-75.12159,
39.89306
],
[
-75.13115,
39.89677
],
[
-75.13252,
39.92152
],
[
-75.13321,
39.95574
],
[
-75.10094,
39.97311
],
[
-75.06317,
39.98416
],
[
-75.04257,
40.01414
],
[
-75.00727,
40.02544
],
[
-74.9489,
40.06172
],
[
-74.9283,
40.07275
],
[
-74.90358,
40.07275
],
[
-74.84041,
40.10164
],
[
-74.82256,
40.1258
],
[
-74.78617,
40.12002
],
[
-74.75664,
40.13315
],
[
-74.71946,
40.14785
],
[
-74.72358,
40.16989
],
[
-74.74487,
40.18458
],
[
-74.7586,
40.19454
],
[
-74.76214,
40.19804
],
[
-74.7662,
40.2045
],
[
-74.78336,
40.22547
],
[
-74.81632,
40.237
],
[
-74.84242,
40.25063
],
[
-74.84808,
40.26609
]
]
]
}
},
{
"type"
:
"Feature",
"properties": {
"Polygon_id"
:
109,
"Area_Name"
:
"SunStrong - NJ - Mid South v2",
"color"
:
"#FAEBD7",
"fill"
:
"#FAEBD7",
"fill-opacity"
:
0.6,
"stroke"
:
"#000000",
"stroke-width"
:
1
},
"geometry": {
"type"
:
"Polygon",
"coordinates": [
[
[
-74.81374,
40.2949
],
[
-74.76636,
40.29648
],
[
-74.69152,
40.29281
],
[
-74.68053,
40.21892
],
[
-73.99,
40.17275
],
[
-74.05317,
39.75172
],
[
-74.30036,
39.43425
],
[
-74.32572,
39.44615
],
[
-74.322,
39.45284
],
[
-74.32287,
39.45481
],
[
-74.32158,
39.46065
],
[
-74.31679,
39.46715
],
[
-74.31182,
39.47602
],
[
-74.30193,
39.48882
],
[
-74.30712,
39.49678
],
[
-74.30951,
39.50328
],
[
-74.35188,
39.50293
],
[
-74.3808,
39.49854
],
[
-74.39783,
39.53067
],
[
-74.40334,
39.53918
],
[
-74.41002,
39.54707
],
[
-74.41541,
39.5491
],
[
-74.417,
39.55057
],
[
-74.41631,
39.55613
],
[
-74.41755,
39.55736
],
[
-74.41907,
39.55758
],
[
-74.41519,
39.56022
],
[
-74.41414,
39.56206
],
[
-74.41459,
39.56309
],
[
-74.41721,
39.56427
],
[
-74.419,
39.56832
],
[
-74.41573,
39.57051
],
[
-74.4128,
39.57021
],
[
-74.41027,
39.57094
],
[
-74.40826,
39.56943
],
[
-74.40556,
39.56954
],
[
-74.40415,
39.57015
],
[
-74.40313,
39.57177
],
[
-74.40086,
39.57229
],
[
-74.39768,
39.57768
],
[
-74.3977,
39.58135
],
[
-74.39506,
39.58867
],
[
-74.39234,
39.59452
],
[
-74.39057,
39.59598
],
[
-74.38971,
39.77329
],
[
-74.42943,
39.84543
],
[
-74.47025,
39.92255
],
[
-74.50641,
39.99131
],
[
-74.52869,
40.03746
],
[
-74.58597,
40.13518
],
[
-74.58784,
40.13826
],
[
-74.58959,
40.13808
],
[
-74.58982,
40.13897
],
[
-74.59143,
40.13782
],
[
-74.59237,
40.1386
],
[
-74.5926,
40.13772
],
[
-74.59418,
40.13753
],
[
-74.59522,
40.1384
],
[
-74.59568,
40.13738
],
[
-74.5976,
40.13795
],
[
-74.60211,
40.13679
],
[
-74.60308,
40.13858
],
[
-74.6073,
40.13868
],
[
-74.60696,
40.1407
],
[
-74.61031,
40.13965
],
[
-74.6152,
40.14051
],
[
-74.6156,
40.14181
],
[
-74.61888,
40.14046
],
[
-74.62174,
40.14113
],
[
-74.62339,
40.14258
],
[
-74.62206,
40.14479
],
[
-74.62347,
40.14613
],
[
-74.62342,
40.14901
],
[
-74.627,
40.14951
],
[
-74.62749,
40.14861
],
[
-74.63007,
40.14869
],
[
-74.63,
40.14948
],
[
-74.63108,
40.14947
],
[
-74.63061,
40.15018
],
[
-74.63151,
40.15046
],
[
-74.63367,
40.14898
],
[
-74.63371,
40.15037
],
[
-74.6348,
40.15152
],
[
-74.63634,
40.15118
],
[
-74.63807,
40.15197
],
[
-74.63841,
40.1543
],
[
-74.6416,
40.15528
],
[
-74.64301,
40.15411
],
[
-74.64575,
40.156
],
[
-74.6461,
40.15537
],
[
-74.64869,
40.15566
],
[
-74.65104,
40.15861
],
[
-74.65425,
40.15834
],
[
-74.65511,
40.15987
],
[
-74.65829,
40.16093
],
[
-74.65935,
40.16228
],
[
-74.6614,
40.16212
],
[
-74.66233,
40.16522
],
[
-74.66532,
40.16464
],
[
-74.66539,
40.16609
],
[
-74.66729,
40.16571
],
[
-74.66836,
40.16674
],
[
-74.66953,
40.16656
],
[
-74.6697,
40.16524
],
[
-74.67139,
40.16592
],
[
-74.67107,
40.16706
],
[
-74.6723,
40.16652
],
[
-74.67336,
40.16711
],
[
-74.67409,
40.16602
],
[
-74.67573,
40.16567
],
[
-74.67743,
40.16608
],
[
-74.67675,
40.16853
],
[
-74.67553,
40.16837
],
[
-74.67439,
40.16969
],
[
-74.67579,
40.17252
],
[
-74.67444,
40.17361
],
[
-74.67911,
40.17351
],
[
-74.68059,
40.1748
],
[
-74.68062,
40.17604
],
[
-74.68273,
40.17534
],
[
-74.68263,
40.17666
],
[
-74.68473,
40.17805
],
[
-74.68521,
40.17665
],
[
-74.68443,
40.17563
],
[
-74.68554,
40.17529
],
[
-74.68697,
40.17733
],
[
-74.6908,
40.17696
],
[
-74.69241,
40.17931
],
[
-74.69617,
40.17894
],
[
-74.69468,
40.18221
],
[
-74.69602,
40.18277
],
[
-74.69891,
40.18229
],
[
-74.70042,
40.18366
],
[
-74.70371,
40.18215
],
[
-74.70914,
40.18178
],
[
-74.71095,
40.18049
],
[
-74.71103,
40.17945
],
[
-74.70978,
40.17828
],
[
-74.71284,
40.17474
],
[
-74.71111,
40.17291
],
[
-74.70812,
40.17159
],
[
-74.71083,
40.16857
],
[
-74.71068,
40.16714
],
[
-74.70829,
40.16652
],
[
-74.70512,
40.16904
],
[
-74.70419,
40.16881
],
[
-74.70409,
40.1679
],
[
-74.70655,
40.16126
],
[
-74.70899,
40.15958
],
[
-74.7103,
40.15741
],
[
-74.71321,
40.15569
],
[
-74.71374,
40.15278
],
[
-74.71751,
40.15035
],
[
-74.71986,
40.14996
],
[
-74.72358,
40.16989
],
[
-74.7586,
40.19454
],
[
-74.76214,
40.19804
],
[
-74.7662,
40.2045
],
[
-74.78336,
40.22547
],
[
-74.81632,
40.237
],
[
-74.84242,
40.25063
],
[
-74.84808,
40.26609
],
[
-74.81374,
40.2949
]
]
]
}
},
{
"type"
:
"Feature",
"properties": {
"Polygon_id"
:
110,
"Area_Name"
:
"SunStrong - NJ - North",
"color"
:
"#AFEEEE",
"fill"
:
"#AFEEEE",
"fill-opacity"
:
0.6,
"stroke"
:
"#000000",
"stroke-width"
:
1
},
"geometry": {
"type"
:
"Polygon",
"coordinates": [
[
[
-74.18642,
40.6453
],
[
-74.14282,
40.64139
],
[
-74.1326,
40.64321
],
[
-74.12573,
40.64191
],
[
-74.10719,
40.64764
],
[
-74.09689,
40.64686
],
[
-74.08419,
40.65207
],
[
-74.05123,
40.65155
],
[
-74.02411,
40.70284
],
[
-74.01381,
40.76086
],
[
-73.95819,
40.83519
],
[
-73.96166,
40.84151
],
[
-73.91272,
40.92891
],
[
-73.89262,
40.99686
],
[
-73.89983,
40.99712
],
[
-73.90532,
40.99893
],
[
-74.69532,
41.3579
],
[
-74.69919,
41.35494
],
[
-74.70871,
41.35229
],
[
-74.71918,
41.34791
],
[
-74.72966,
41.34579
],
[
-74.74433,
41.3463
],
[
-74.75549,
41.34559
],
[
-74.75921,
41.34113
],
[
-74.76101,
41.339
],
[
-74.76341,
41.33127
],
[
-74.76821,
41.32689
],
[
-74.7743,
41.32412
],
[
-74.78615,
41.32386
],
[
-74.79353,
41.32238
],
[
-74.79628,
41.31916
],
[
-74.79559,
41.31787
],
[
-74.79199,
41.31387
],
[
-74.79216,
41.31026
],
[
-74.79446,
41.3092
],
[
-74.79867,
41.30758
],
[
-74.81129,
41.29952
],
[
-74.81546,
41.29591
],
[
-74.82151,
41.29413
],
[
-74.82787,
41.28917
],
[
-74.83435,
41.28118
],
[
-74.83933,
41.27512
],
[
-74.84019,
41.26931
],
[
-74.84448,
41.26647
],
[
-74.84603,
41.2595
],
[
-74.8462,
41.25305
],
[
-74.85015,
41.25124
],
[
-74.85684,
41.24957
],
[
-74.86182,
41.24195
],
[
-74.86199,
41.23705
],
[
-74.8668,
41.23201
],
[
-74.86766,
41.22762
],
[
-74.85925,
41.22065
],
[
-74.87916,
41.19004
],
[
-74.87967,
41.18439
],
[
-74.89135,
41.17147
],
[
-74.89959,
41.16707
],
[
-74.90353,
41.15828
],
[
-74.91469,
41.14704
],
[
-74.92482,
41.13721
],
[
-74.93632,
41.13127
],
[
-74.94405,
41.13036
],
[
-74.94679,
41.12622
],
[
-74.94765,
41.12415
],
[
-74.95211,
41.12079
],
[
-74.96671,
41.11368
],
[
-74.9801,
41.11109
],
[
-74.99177,
41.0926
],
[
-74.99177,
41.08871
],
[
-74.98782,
41.0882
],
[
-74.98095,
41.09014
],
[
-74.97031,
41.09596
],
[
-74.96842,
41.09596
],
[
-74.96653,
41.09376
],
[
-74.96756,
41.09078
],
[
-74.96894,
41.08716
],
[
-74.97289,
41.08393
],
[
-74.98233,
41.07914
],
[
-74.99366,
41.07707
],
[
-75.00107,
41.07385
],
[
-75.00622,
41.06712
],
[
-75.0124,
41.06686
],
[
-75.01519,
41.06197
],
[
-75.01768,
41.05615
],
[
-75.02129,
41.05142
],
[
-75.02772,
41.04462
],
[
-75.02649,
41.04254
],
[
-75.02684,
41.04027
],
[
-75.03894,
41.03497
],
[
-75.04292,
41.03039
],
[
-75.07605,
41.01692
],
[
-75.08481,
41.01576
],
[
-75.08962,
41.01135
],
[
-75.13064,
40.99192
],
[
-75.13164,
40.98769
],
[
-75.13395,
40.97936
],
[
-75.13601,
40.9757
],
[
-75.1336,
40.9702
],
[
-75.13026,
40.96909
],
[
-75.12206,
40.96974
],
[
-75.11963,
40.96758
],
[
-75.12079,
40.96201
],
[
-75.11903,
40.95608
],
[
-75.11701,
40.95235
],
[
-75.11092,
40.9472
],
[
-75.10645,
40.9401
],
[
-75.10471,
40.93438
],
[
-75.09818,
40.92751
],
[
-75.09406,
40.92219
],
[
-75.08857,
40.91869
],
[
-75.07758,
40.91311
],
[
-75.0757,
40.90273
],
[
-75.07559,
40.89435
],
[
-75.0734,
40.89146
],
[
-75.05993,
40.87904
],
[
-75.0552,
40.87446
],
[
-75.05134,
40.86985
],
[
-75.05185,
40.86433
],
[
-75.0543,
40.85852
],
[
-75.06379,
40.85411
],
[
-75.06572,
40.84755
],
[
-75.09314,
40.84898
],
[
-75.09636,
40.8469
],
[
-75.09739,
40.84028
],
[
-75.09631,
40.8395
],
[
-75.09576,
40.83963
],
[
-75.09537,
40.84005
],
[
-74.18642,
40.6453
]
]
]
}
},
{
"type"
:
"Feature",
"properties": {
"Polygon_id"
:
111,
"Area_Name"
:
"SunStrong - NJ - Salem",
"color"
:
"#FFFFE0",
"fill"
:
"#FFFFE0",
"fill-opacity"
:
0.6,
"stroke"
:
"#000000",
"stroke-width"
:
1
},
"geometry": {
"type"
:
"Polygon",
"coordinates": [
[
[
-75.40727,
39.78716
],
[
-75.40624,
39.78386
],
[
-75.4081,
39.78193
],
[
-75.40776,
39.7812
],
[
-75.40533,
39.78133
],
[
-75.40371,
39.78306
],
[
-75.40224,
39.78237
],
[
-75.40004,
39.77804
],
[
-75.40106,
39.77567
],
[
-75.4004,
39.77297
],
[
-75.3985,
39.77268
],
[
-75.39601,
39.77434
],
[
-75.39497,
39.77374
],
[
-75.39699,
39.76958
],
[
-75.39978,
39.76804
],
[
-75.40154,
39.76781
],
[
-75.40318,
39.77002
],
[
-75.4045,
39.76936
],
[
-75.40589,
39.76329
],
[
-75.40321,
39.76126
],
[
-75.39928,
39.76133
],
[
-75.39956,
39.75853
],
[
-75.39785,
39.7575
],
[
-75.39656,
39.75926
],
[
-75.39646,
39.76129
],
[
-75.38979,
39.76052
],
[
-75.3897,
39.75978
],
[
-75.39154,
39.75919
],
[
-75.39251,
39.75781
],
[
-75.38934,
39.75642
],
[
-75.39121,
39.75531
],
[
-75.39399,
39.75568
],
[
-75.39509,
39.75472
],
[
-75.39256,
39.75046
],
[
-75.39084,
39.74992
],
[
-75.39022,
39.75176
],
[
-75.38816,
39.75243
],
[
-75.38855,
39.75074
],
[
-75.38628,
39.7507
],
[
-75.38726,
39.74951
],
[
-75.38603,
39.74706
],
[
-75.38422,
39.74716
],
[
-75.38264,
39.74582
],
[
-75.38111,
39.74689
],
[
-75.38132,
39.74802
],
[
-75.38007,
39.74829
],
[
-75.37851,
39.747
],
[
-75.37822,
39.74513
],
[
-75.37674,
39.74499
],
[
-75.37766,
39.74382
],
[
-75.37665,
39.74203
],
[
-75.37765,
39.74037
],
[
-75.37468,
39.73976
],
[
-75.37643,
39.73978
],
[
-75.37733,
39.73877
],
[
-75.37445,
39.73676
],
[
-75.37409,
39.7353
],
[
-75.37539,
39.73392
],
[
-75.37494,
39.73271
],
[
-75.37557,
39.73195
],
[
-75.37772,
39.73167
],
[
-75.37811,
39.73087
],
[
-75.3758,
39.72997
],
[
-75.37579,
39.72913
],
[
-75.37471,
39.72859
],
[
-75.37657,
39.72829
],
[
-75.37659,
39.72642
],
[
-75.37509,
39.72652
],
[
-75.3752,
39.72524
],
[
-75.37317,
39.72409
],
[
-75.37197,
39.72489
],
[
-75.37041,
39.72329
],
[
-75.36925,
39.72342
],
[
-75.36921,
39.72189
],
[
-75.36724,
39.7222
],
[
-75.36728,
39.72094
],
[
-75.36638,
39.72013
],
[
-75.36727,
39.71946
],
[
-75.36732,
39.71768
],
[
-75.366,
39.71773
],
[
-75.36579,
39.71667
],
[
-75.36406,
39.71692
],
[
-75.3629,
39.71592
],
[
-75.36133,
39.71668
],
[
-75.36027,
39.71545
],
[
-75.36014,
39.7129
],
[
-75.35912,
39.71364
],
[
-75.35891,
39.71231
],
[
-75.35732,
39.71299
],
[
-75.35596,
39.71175
],
[
-75.35044,
39.71133
],
[
-75.34607,
39.70616
],
[
-75.34359,
39.70581
],
[
-75.34159,
39.70434
],
[
-75.33952,
39.70519
],
[
-75.33605,
39.70389
],
[
-75.33517,
39.70017
],
[
-75.33113,
39.69838
],
[
-75.3306,
39.69646
],
[
-75.32742,
39.69662
],
[
-75.32552,
39.69514
],
[
-75.32687,
39.69391
],
[
-75.32634,
39.69002
],
[
-75.32433,
39.68946
],
[
-75.32303,
39.68978
],
[
-75.323,
39.6907
],
[
-75.32182,
39.69125
],
[
-75.31502,
39.6914
],
[
-75.315,
39.69046
],
[
-75.31375,
39.69018
],
[
-75.31481,
39.68867
],
[
-75.31418,
39.68826
],
[
-75.31172,
39.68782
],
[
-75.3103,
39.68909
],
[
-75.3073,
39.68961
],
[
-75.30402,
39.68773
],
[
-75.3021,
39.68843
],
[
-75.29697,
39.68575
],
[
-75.29505,
39.68613
],
[
-75.29149,
39.6838
],
[
-75.29105,
39.68277
],
[
-75.28778,
39.6815
],
[
-75.28596,
39.67957
],
[
-75.27811,
39.68119
],
[
-75.27497,
39.68053
],
[
-75.27259,
39.68177
],
[
-75.26633,
39.68228
],
[
-75.26098,
39.68143
],
[
-75.25601,
39.67887
],
[
-75.25346,
39.67911
],
[
-75.25293,
39.67771
],
[
-75.25123,
39.67662
],
[
-75.25171,
39.6742
],
[
-75.25005,
39.67322
],
[
-75.25112,
39.671
],
[
-75.25031,
39.66971
],
[
-75.25081,
39.66879
],
[
-75.24755,
39.66454
],
[
-75.23639,
39.66273
],
[
-75.23486,
39.66163
],
[
-75.23068,
39.66247
],
[
-75.22837,
39.66198
],
[
-75.22442,
39.66316
],
[
-75.21943,
39.66182
],
[
-75.21296,
39.66451
],
[
-75.21049,
39.66404
],
[
-75.20765,
39.66528
],
[
-75.20322,
39.66551
],
[
-75.19979,
39.667
],
[
-75.19669,
39.66346
],
[
-75.1937,
39.66259
],
[
-75.06186,
39.56875
],
[
-75.06627,
39.56113
],
[
-75.06651,
39.55614
],
[
-75.07128,
39.55171
],
[
-75.07114,
39.54952
],
[
-75.07362,
39.5474
],
[
-75.07333,
39.54646
],
[
-75.0741,
39.54612
],
[
-75.07356,
39.54534
],
[
-75.07448,
39.54452
],
[
-75.07104,
39.54015
],
[
-75.07214,
39.53758
],
[
-75.07137,
39.53645
],
[
-75.0727,
39.53594
],
[
-75.07225,
39.53262
],
[
-75.0711,
39.53251
],
[
-75.07161,
39.53183
],
[
-75.07111,
39.53151
],
[
-75.07246,
39.53077
],
[
-75.07199,
39.52915
],
[
-75.07359,
39.5274
],
[
-75.07261,
39.52572
],
[
-75.07286,
39.5243
],
[
-75.07222,
39.52429
],
[
-75.07292,
39.52355
],
[
-75.07248,
39.52276
],
[
-75.07475,
39.52036
],
[
-75.07436,
39.51966
],
[
-75.07528,
39.51966
],
[
-75.07478,
39.51919
],
[
-75.07567,
39.51885
],
[
-75.07499,
39.51809
],
[
-75.07545,
39.51513
],
[
-75.0772,
39.51423
],
[
-75.07672,
39.51329
],
[
-75.07804,
39.51217
],
[
-75.07796,
39.5112
],
[
-75.07714,
39.51117
],
[
-75.07766,
39.50902
],
[
-75.07663,
39.50772
],
[
-75.078,
39.50679
],
[
-75.0771,
39.50607
],
[
-75.07807,
39.50526
],
[
-75.07686,
39.50491
],
[
-75.07811,
39.50442
],
[
-75.0782,
39.50284
],
[
-75.07977,
39.50119
],
[
-75.07929,
39.49951
],
[
-75.07864,
39.49945
],
[
-75.07908,
39.49856
],
[
-75.07828,
39.49846
],
[
-75.07854,
39.4971
],
[
-75.07689,
39.49679
],
[
-75.07586,
39.49444
],
[
-75.07385,
39.4926
],
[
-75.07369,
39.49142
],
[
-75.07502,
39.49125
],
[
-75.07465,
39.49022
],
[
-75.07542,
39.4897
],
[
-75.07434,
39.48927
],
[
-75.07525,
39.48873
],
[
-75.07396,
39.48655
],
[
-75.07434,
39.48611
],
[
-75.07318,
39.48532
],
[
-75.07446,
39.484
],
[
-75.07396,
39.4833
],
[
-75.0746,
39.48219
],
[
-75.07607,
39.48156
],
[
-75.07596,
39.47923
],
[
-75.07732,
39.47879
],
[
-75.07693,
39.47777
],
[
-75.07752,
39.47724
],
[
-75.07687,
39.47676
],
[
-75.07842,
39.47687
],
[
-75.07816,
39.47509
],
[
-75.07895,
39.47431
],
[
-75.07807,
39.47337
],
[
-75.08072,
39.47175
],
[
-75.08082,
39.46958
],
[
-75.07966,
39.46831
],
[
-75.0813,
39.46769
],
[
-75.08205,
39.46474
],
[
-75.08118,
39.4644
],
[
-75.08189,
39.46393
],
[
-75.08108,
39.4637
],
[
-75.08132,
39.46251
],
[
-75.08046,
39.46258
],
[
-75.08042,
39.4603
],
[
-75.08277,
39.45915
],
[
-75.08382,
39.45736
],
[
-75.17368,
39.51827
],
[
-75.23844,
39.55905
],
[
-75.27044,
39.53091
],
[
-75.29402,
39.51148
],
[
-75.30509,
39.50344
],
[
-75.31802,
39.49205
],
[
-75.32639,
39.48845
],
[
-75.33077,
39.48955
],
[
-75.33533,
39.48845
],
[
-75.338,
39.49054
],
[
-75.34238,
39.49063
],
[
-75.34421,
39.48867
],
[
-75.34394,
39.48573
],
[
-75.34998,
39.47977
],
[
-75.35122,
39.47183
],
[
-75.35299,
39.47032
],
[
-75.3571,
39.47026
],
[
-75.36035,
39.46618
],
[
-75.3618,
39.46608
],
[
-75.36116,
39.46533
],
[
-75.36315,
39.46444
],
[
-75.36318,
39.4622
],
[
-75.36826,
39.45648
],
[
-75.37435,
39.45507
],
[
-75.37909,
39.45719
],
[
-75.37967,
39.45868
],
[
-75.38164,
39.45774
],
[
-75.38607,
39.45793
],
[
-75.39669,
39.46074
],
[
-75.39998,
39.4623
],
[
-75.40759,
39.4589
],
[
-75.41418,
39.45312
],
[
-75.41412,
39.45079
],
[
-75.41025,
39.45048
],
[
-75.41162,
39.4453
],
[
-75.40905,
39.4429
],
[
-75.41173,
39.43974
],
[
-75.41595,
39.44012
],
[
-75.41659,
39.43922
],
[
-75.41476,
39.43708
],
[
-75.41062,
39.43875
],
[
-75.40935,
39.43837
],
[
-75.40915,
39.43725
],
[
-75.41178,
39.43359
],
[
-75.41602,
39.43469
],
[
-75.41841,
39.43239
],
[
-75.41728,
39.42965
],
[
-75.41503,
39.42873
],
[
-75.41385,
39.4289
],
[
-75.41222,
39.43104
],
[
-75.41049,
39.43104
],
[
-75.40971,
39.42957
],
[
-75.41019,
39.42706
],
[
-75.40784,
39.42431
],
[
-75.40818,
39.42372
],
[
-75.41208,
39.42353
],
[
-75.41217,
39.42219
],
[
-75.4107,
39.42067
],
[
-75.41476,
39.41972
],
[
-75.4151,
39.41865
],
[
-75.41411,
39.41577
],
[
-75.41857,
39.41543
],
[
-75.41969,
39.41341
],
[
-75.41962,
39.41184
],
[
-75.41507,
39.40873
],
[
-75.41506,
39.40571
],
[
-75.41424,
39.40465
],
[
-75.41159,
39.40512
],
[
-75.41159,
39.40821
],
[
-75.41071,
39.40891
],
[
-75.40564,
39.40795
],
[
-75.40488,
39.40641
],
[
-75.40559,
39.40416
],
[
-75.41132,
39.40101
],
[
-75.40746,
39.3983
],
[
-75.40733,
39.39603
],
[
-75.4114,
39.39476
],
[
-75.41617,
39.39605
],
[
-75.41778,
39.3955
],
[
-75.41762,
39.39323
],
[
-75.41465,
39.39075
],
[
-75.41749,
39.3884
],
[
-75.41307,
39.38434
],
[
-75.41177,
39.38474
],
[
-75.41112,
39.38738
],
[
-75.40895,
39.38745
],
[
-75.40767,
39.38526
],
[
-75.40684,
39.38119
],
[
-75.40934,
39.38122
],
[
-75.40958,
39.38054
],
[
-75.41126,
39.38032
],
[
-75.41155,
39.38107
],
[
-75.41248,
39.38095
],
[
-75.41312,
39.38372
],
[
-75.41758,
39.38716
],
[
-75.42361,
39.38626
],
[
-75.42974,
39.38934
],
[
-75.43054,
39.39206
],
[
-75.43336,
39.3942
],
[
-75.43359,
39.39655
],
[
-75.4355,
39.39668
],
[
-75.43619,
39.39873
],
[
-75.43873,
39.39904
],
[
-75.43933,
39.40001
],
[
-75.43852,
39.40084
],
[
-75.43883,
39.40153
],
[
-75.44192,
39.40249
],
[
-75.44471,
39.40844
],
[
-75.44643,
39.40902
],
[
-75.44642,
39.4112
],
[
-75.44935,
39.41289
],
[
-75.45042,
39.415
],
[
-75.45005,
39.41628
],
[
-75.45251,
39.41683
],
[
-75.45478,
39.42188
],
[
-75.45697,
39.42329
],
[
-75.45804,
39.42866
],
[
-75.45959,
39.43071
],
[
-75.46118,
39.43054
],
[
-75.46221,
39.43624
],
[
-75.46357,
39.43737
],
[
-75.46393,
39.43921
],
[
-75.46668,
39.44025
],
[
-75.46959,
39.43992
],
[
-75.47169,
39.43945
],
[
-75.47268,
39.43733
],
[
-75.47328,
39.43879
],
[
-75.47473,
39.43915
],
[
-75.47609,
39.43874
],
[
-75.4762,
39.43773
],
[
-75.47668,
39.43759
],
[
-75.47622,
39.4387
],
[
-75.47696,
39.43962
],
[
-75.48367,
39.44141
],
[
-75.48559,
39.44375
],
[
-75.48768,
39.44371
],
[
-75.48785,
39.44606
],
[
-75.48943,
39.44891
],
[
-75.49577,
39.44977
],
[
-75.49931,
39.44864
],
[
-75.50352,
39.45135
],
[
-75.50396,
39.45272
],
[
-75.50564,
39.45292
],
[
-75.50678,
39.4572
],
[
-75.50918,
39.45953
],
[
-75.5152,
39.45924
],
[
-75.51785,
39.46046
],
[
-75.53391,
39.46138
],
[
-75.53487,
39.46043
],
[
-75.5363,
39.4607
],
[
-75.54097,
39.46641
],
[
-75.54213,
39.4689
],
[
-75.54113,
39.46915
],
[
-75.54222,
39.46906
],
[
-75.54278,
39.47081
],
[
-75.54414,
39.47922
],
[
-75.54258,
39.49656
],
[
-75.53844,
39.49691
],
[
-75.53744,
39.4904
],
[
-75.53658,
39.48961
],
[
-75.53252,
39.48923
],
[
-75.52716,
39.49136
],
[
-75.52631,
39.49261
],
[
-75.52981,
39.50543
],
[
-75.52912,
39.51242
],
[
-75.52617,
39.51784
],
[
-75.52711,
39.52153
],
[
-75.52596,
39.5264
],
[
-75.52621,
39.53085
],
[
-75.52682,
39.53475
],
[
-75.53138,
39.53751
],
[
-75.53346,
39.54097
],
[
-75.53027,
39.54512
],
[
-75.52033,
39.55361
],
[
-75.51174,
39.56763
],
[
-75.51266,
39.57784
],
[
-75.51508,
39.58112
],
[
-75.51602,
39.58104
],
[
-75.51816,
39.58289
],
[
-75.52531,
39.58427
],
[
-75.53702,
39.5922
],
[
-75.53749,
39.59363
],
[
-75.54215,
39.59453
],
[
-75.55022,
39.60072
],
[
-75.55351,
39.60183
],
[
-75.55339,
39.60267
],
[
-75.55737,
39.60912
],
[
-75.55656,
39.61154
],
[
-75.55946,
39.62232
],
[
-75.55879,
39.62998
],
[
-75.55733,
39.6326
],
[
-75.55415,
39.6357
],
[
-75.54854,
39.63778
],
[
-75.54198,
39.64543
],
[
-75.53353,
39.64757
],
[
-75.5271,
39.65382
],
[
-75.52623,
39.65656
],
[
-75.51554,
39.66633
],
[
-75.51219,
39.67178
],
[
-75.51099,
39.67536
],
[
-75.50909,
39.68581
],
[
-75.50961,
39.68725
],
[
-75.50913,
39.69432
],
[
-75.50668,
39.69717
],
[
-75.49631,
39.70096
],
[
-75.49392,
39.70685
],
[
-75.49148,
39.70973
],
[
-75.49183,
39.71085
],
[
-75.48839,
39.71472
],
[
-75.48534,
39.71591
],
[
-75.48219,
39.71377
],
[
-75.47936,
39.71371
],
[
-75.47644,
39.71621
],
[
-75.4763,
39.72402
],
[
-75.47718,
39.72498
],
[
-75.47507,
39.7295
],
[
-75.47569,
39.73367
],
[
-75.46915,
39.74301
],
[
-75.46598,
39.75093
],
[
-75.46458,
39.75156
],
[
-75.46284,
39.75535
],
[
-75.46182,
39.76045
],
[
-75.45971,
39.76346
],
[
-75.45157,
39.76886
],
[
-75.44472,
39.77563
],
[
-75.43594,
39.78113
],
[
-75.43069,
39.78257
],
[
-75.42906,
39.78383
],
[
-75.42313,
39.78383
],
[
-75.41656,
39.78547
],
[
-75.41282,
39.78507
],
[
-75.40858,
39.78751
],
[
-75.40727,
39.78716
]
]
]
}
},
{
"type"
:
"Feature",
"properties": {
"Polygon_id"
:
112,
"Area_Name"
:
"SunStrong - NJ - South",
"color"
:
"#F0F8FF",
"fill"
:
"#F0F8FF",
"fill-opacity"
:
0.6,
"stroke"
:
"#000000",
"stroke-width"
:
1
},
"geometry": {
"type"
:
"Polygon",
"coordinates": [
[
[
-75.13543,
39.89651
],
[
-75.14161,
39.88439
],
[
-75.19242,
39.87965
],
[
-75.2399,
39.85593
],
[
-75.27904,
39.84855
],
[
-75.32436,
39.84908
],
[
-75.43491,
39.80215
],
[
-75.55327,
39.64467
],
[
-75.55813,
39.61995
],
[
-75.54783,
39.58186
],
[
-75.5389,
39.5162
],
[
-75.55323,
39.48494
],
[
-75.53537,
39.42132
],
[
-75.10081,
39.12405
],
[
-74.93834,
38.8805
],
[
-74.52498,
39.11104
],
[
-74.30388,
39.43529
],
[
-74.73823,
39.64013
],
[
-75.1235,
39.89509
],
[
-75.13543,
39.89651
]
]
]
}
},
{
"type"
:
"Feature",
"properties": {
"Polygon_id"
:
113,
"Area_Name"
:
"SunStrong - NM (OOM)",
"color"
:
"#E1F5FE",
"fill"
:
"#E1F5FE",
"fill-opacity"
:
0.6,
"stroke"
:
"#000000",
"stroke-width"
:
1
},
"geometry": {
"type"
:
"Polygon",
"coordinates": [
[
[
-109.03324,
37.02538
],
[
-102.90287,
36.99029
],
[
-103.03471,
31.97642
],
[
-106.59428,
32.01369
],
[
-106.63822,
31.82719
],
[
-108.19828,
31.80852
],
[
-108.17631,
31.30298
],
[
-109.16508,
31.37805
],
[
-109.03324,
37.02538
]
]
]
}
},
{
"type"
:
"Feature",
"properties": {
"Polygon_id"
:
114,
"Area_Name"
:
"SunStrong - NV - Las Vegas",
"color"
:
"#C1F0C1",
"fill"
:
"#C1F0C1",
"fill-opacity"
:
0.6,
"stroke"
:
"#000000",
"stroke-width"
:
1
},
"geometry": {
"type"
:
"Polygon",
"coordinates": [
[
[
-115.62171,
35.78808
],
[
-114.70017,
35.77434
],
[
-114.71115,
35.80636
],
[
-114.69399,
35.83197
],
[
-114.70635,
35.85118
],
[
-114.66103,
35.87149
],
[
-114.68437,
35.89096
],
[
-114.73931,
36.01214
],
[
-114.68987,
36.10983
],
[
-114.74342,
36.24507
],
[
-114.89861,
36.37012
],
[
-115.06066,
36.4265
],
[
-115.29686,
36.42539
],
[
-115.41084,
36.40992
],
[
-116.06453,
36.37233
],
[
-116.2419,
36.26994
],
[
-115.62171,
35.78808
]
]
]
}
},
{
"type"
:
"Feature",
"properties": {
"Polygon_id"
:
115,
"Area_Name"
:
"SunStrong - NV - North of Las Vegas (OOM)",
"color"
:
"#E1BEE7",
"fill"
:
"#E1BEE7",
"fill-opacity"
:
0.6,
"stroke"
:
"#000000",
"stroke-width"
:
1
},
"geometry": {
"type"
:
"Polygon",
"coordinates": [
[
[
-116.24609,
36.27635
],
[
-120.00197,
38.99988
],
[
-119.99298,
42.00357
],
[
-114.03375,
41.99541
],
[
-114.04221,
36.19588
],
[
-114.14658,
36.02725
],
[
-114.23585,
36.01059
],
[
-114.31412,
36.06278
],
[
-114.37592,
36.13491
],
[
-114.48853,
36.11272
],
[
-114.52836,
36.14267
],
[
-114.68903,
36.10939
],
[
-114.74259,
36.24906
],
[
-114.90052,
36.37522
],
[
-115.06119,
36.42827
],
[
-115.2974,
36.42496
],
[
-115.40452,
36.41059
],
[
-116.06662,
36.37411
],
[
-116.16069,
36.31604
],
[
-116.23416,
36.27342
],
[
-116.2351,
36.27081
],
[
-116.24609,
36.27635
]
]
]
}
},
{
"type"
:
"Feature",
"properties": {
"Polygon_id"
:
116,
"Area_Name"
:
"SunStrong - NV - South of Las Vegas (OOM)",
"color"
:
"#D0F0C0",
"fill"
:
"#D0F0C0",
"fill-opacity"
:
0.6,
"stroke"
:
"#000000",
"stroke-width"
:
1
},
"geometry": {
"type"
:
"Polygon",
"coordinates": [
[
[
-115.62274,
35.78567
],
[
-114.64221,
35.00878
],
[
-114.60101,
35.02678
],
[
-114.57355,
35.12119
],
[
-114.59552,
35.34329
],
[
-114.68616,
35.49773
],
[
-114.69714,
35.7723
],
[
-115.62274,
35.78567
]
]
]
}
},
{
"type"
:
"Feature",
"properties": {
"Polygon_id"
:
117,
"Area_Name"
:
"SunStrong - NY - Bronx",
"color"
:
"#FAFAD2",
"fill"
:
"#FAFAD2",
"fill-opacity"
:
0.6,
"stroke"
:
"#000000",
"stroke-width"
:
1
},
"geometry": {
"type"
:
"Polygon",
"coordinates": [
[
[
-73.87295,
40.90444
],
[
-73.85947,
40.90052
],
[
-73.85886,
40.90171
],
[
-73.85958,
40.90244
],
[
-73.85816,
40.90231
],
[
-73.85711,
40.90365
],
[
-73.85718,
40.90529
],
[
-73.85601,
40.90531
],
[
-73.85681,
40.90616
],
[
-73.85374,
40.90779
],
[
-73.85471,
40.90801
],
[
-73.85459,
40.90894
],
[
-73.85296,
40.91035
],
[
-73.85227,
40.90985
],
[
-73.85107,
40.91037
],
[
-73.85348,
40.90753
],
[
-73.85092,
40.90662
],
[
-73.85017,
40.90751
],
[
-73.84482,
40.90553
],
[
-73.84489,
40.90419
],
[
-73.84139,
40.90417
],
[
-73.84078,
40.90163
],
[
-73.83922,
40.89942
],
[
-73.83965,
40.89733
],
[
-73.83839,
40.89407
],
[
-73.82252,
40.88943
],
[
-73.82337,
40.88992
],
[
-73.82285,
40.89121
],
[
-73.79301,
40.88336
],
[
-73.79492,
40.88054
],
[
-73.79555,
40.88069
],
[
-73.79503,
40.87975
],
[
-73.79744,
40.87514
],
[
-73.79981,
40.87416
],
[
-73.80298,
40.86874
],
[
-73.80594,
40.86893
],
[
-73.80569,
40.86955
],
[
-73.8067,
40.87042
],
[
-73.80924,
40.87122
],
[
-73.80754,
40.87038
],
[
-73.80871,
40.86909
],
[
-73.80673,
40.86953
],
[
-73.80695,
40.86886
],
[
-73.80487,
40.86823
],
[
-73.80474,
40.86666
],
[
-73.80291,
40.86698
],
[
-73.80272,
40.86566
],
[
-73.80177,
40.86588
],
[
-73.79774,
40.87235
],
[
-73.79479,
40.8732
],
[
-73.79317,
40.87706
],
[
-73.7944,
40.87764
],
[
-73.79289,
40.87958
],
[
-73.78914,
40.88126
],
[
-73.78912,
40.88008
],
[
-73.79006,
40.87959
],
[
-73.78952,
40.879
],
[
-73.78611,
40.87906
],
[
-73.78422,
40.87828
],
[
-73.78468,
40.87606
],
[
-73.78691,
40.87399
],
[
-73.78714,
40.87276
],
[
-73.78625,
40.87238
],
[
-73.78508,
40.87359
],
[
-73.78522,
40.87163
],
[
-73.78341,
40.87372
],
[
-73.78395,
40.8729
],
[
-73.78307,
40.87215
],
[
-73.78329,
40.8707
],
[
-73.7856,
40.86834
],
[
-73.78595,
40.86932
],
[
-73.78858,
40.86917
],
[
-73.79153,
40.86732
],
[
-73.79223,
40.86526
],
[
-73.79146,
40.86227
],
[
-73.79189,
40.86107
],
[
-73.79412,
40.8597
],
[
-73.79487,
40.85808
],
[
-73.79435,
40.85653
],
[
-73.79685,
40.85626
],
[
-73.79872,
40.85491
],
[
-73.79902,
40.85396
],
[
-73.77824,
40.866
],
[
-73.75334,
40.86766
],
[
-73.77437,
40.83165
],
[
-73.78878,
40.83904
],
[
-73.80147,
40.84877
],
[
-73.80418,
40.85334
],
[
-73.80453,
40.85485
],
[
-73.80352,
40.85556
],
[
-73.80479,
40.86154
],
[
-73.80601,
40.86177
],
[
-73.80582,
40.86003
],
[
-73.80818,
40.85949
],
[
-73.81085,
40.86233
],
[
-73.81396,
40.8641
],
[
-73.8151,
40.86306
],
[
-73.81641,
40.86118
],
[
-73.81382,
40.86055
],
[
-73.81273,
40.85888
],
[
-73.81231,
40.85416
],
[
-73.81641,
40.85408
],
[
-73.81712,
40.85127
],
[
-73.81571,
40.85082
],
[
-73.81629,
40.85019
],
[
-73.81513,
40.84917
],
[
-73.81611,
40.84645
],
[
-73.81356,
40.84715
],
[
-73.81491,
40.84647
],
[
-73.81442,
40.84619
],
[
-73.81503,
40.8455
],
[
-73.81319,
40.84623
],
[
-73.81403,
40.84559
],
[
-73.81321,
40.84592
],
[
-73.81326,
40.84523
],
[
-73.81285,
40.84632
],
[
-73.81288,
40.84513
],
[
-73.81228,
40.84654
],
[
-73.81254,
40.84498
],
[
-73.81188,
40.84659
],
[
-73.81244,
40.84674
],
[
-73.8117,
40.84668
],
[
-73.81266,
40.84421
],
[
-73.81312,
40.84479
],
[
-73.81255,
40.84495
],
[
-73.81417,
40.84478
],
[
-73.81348,
40.84365
],
[
-73.81824,
40.84434
],
[
-73.81663,
40.84394
],
[
-73.81473,
40.84138
],
[
-73.81523,
40.84101
],
[
-73.81431,
40.83962
],
[
-73.81648,
40.8377
],
[
-73.8155,
40.83595
],
[
-73.81604,
40.83417
],
[
-73.81488,
40.83103
],
[
-73.8139,
40.83091
],
[
-73.81451,
40.83061
],
[
-73.81275,
40.82825
],
[
-73.80993,
40.82819
],
[
-73.81264,
40.82784
],
[
-73.81385,
40.8268
],
[
-73.81292,
40.82635
],
[
-73.81399,
40.82607
],
[
-73.81342,
40.82593
],
[
-73.8138,
40.8253
],
[
-73.81211,
40.82555
],
[
-73.81397,
40.82419
],
[
-73.81327,
40.82397
],
[
-73.81273,
40.82478
],
[
-73.81177,
40.82434
],
[
-73.80909,
40.82587
],
[
-73.80698,
40.82539
],
[
-73.80599,
40.82082
],
[
-73.80462,
40.81903
],
[
-73.80071,
40.81804
],
[
-73.79738,
40.81576
],
[
-73.79903,
40.81554
],
[
-73.80175,
40.81287
],
[
-73.80134,
40.81239
],
[
-73.80306,
40.81245
],
[
-73.80436,
40.81361
],
[
-73.80322,
40.81336
],
[
-73.80443,
40.81432
],
[
-73.8032,
40.81351
],
[
-73.80472,
40.81523
],
[
-73.80658,
40.81659
],
[
-73.80466,
40.81454
],
[
-73.80705,
40.81653
],
[
-73.80546,
40.81469
],
[
-73.805,
40.81221
],
[
-73.80391,
40.81211
],
[
-73.80235,
40.81004
],
[
-73.80101,
40.81071
],
[
-73.80147,
40.81014
],
[
-73.79229,
40.80685
],
[
-73.79086,
40.80734
],
[
-73.79006,
40.80541
],
[
-73.79057,
40.80456
],
[
-73.79339,
40.8042
],
[
-73.80159,
40.80899
],
[
-73.80393,
40.80853
],
[
-73.80992,
40.81293
],
[
-73.814,
40.81355
],
[
-73.8145,
40.81291
],
[
-73.81448,
40.81352
],
[
-73.8162,
40.81385
],
[
-73.82056,
40.81302
],
[
-73.82024,
40.81243
],
[
-73.82107,
40.8122
],
[
-73.82032,
40.81244
],
[
-73.82113,
40.81245
],
[
-73.82059,
40.81302
],
[
-73.82409,
40.81216
],
[
-73.82524,
40.81176
],
[
-73.82488,
40.81127
],
[
-73.82565,
40.81159
],
[
-73.82536,
40.81103
],
[
-73.82567,
40.81158
],
[
-73.82554,
40.81102
],
[
-73.82803,
40.81145
],
[
-73.83018,
40.81084
],
[
-73.83217,
40.80816
],
[
-73.83162,
40.80494
],
[
-73.83744,
40.8062
],
[
-73.84043,
40.81254
],
[
-73.83957,
40.81449
],
[
-73.84009,
40.8178
],
[
-73.83868,
40.81959
],
[
-73.83888,
40.82214
],
[
-73.84233,
40.82907
],
[
-73.84189,
40.83071
],
[
-73.83885,
40.83369
],
[
-73.83972,
40.83957
],
[
-73.8403,
40.83952
],
[
-73.83959,
40.83404
],
[
-73.84311,
40.82979
],
[
-73.84002,
40.82219
],
[
-73.84,
40.81993
],
[
-73.84199,
40.81877
],
[
-73.84617,
40.81068
],
[
-73.8472,
40.81058
],
[
-73.84821,
40.81246
],
[
-73.8506,
40.81393
],
[
-73.85301,
40.81458
],
[
-73.85262,
40.81406
],
[
-73.85337,
40.81359
],
[
-73.85538,
40.81429
],
[
-73.8512,
40.81355
],
[
-73.84915,
40.8123
],
[
-73.84997,
40.80858
],
[
-73.84871,
40.80824
],
[
-73.84952,
40.80806
],
[
-73.84754,
40.80593
],
[
-73.84808,
40.80492
],
[
-73.85605,
40.80459
],
[
-73.85658,
40.80493
],
[
-73.85572,
40.80512
],
[
-73.85889,
40.80589
],
[
-73.85831,
40.806
],
[
-73.85861,
40.8067
],
[
-73.8592,
40.80627
],
[
-73.8594,
40.80753
],
[
-73.85867,
40.80683
],
[
-73.85839,
40.80826
],
[
-73.85895,
40.81027
],
[
-73.86013,
40.80961
],
[
-73.85939,
40.80816
],
[
-73.86066,
40.80963
],
[
-73.86766,
40.81058
],
[
-73.87078,
40.81449
],
[
-73.87652,
40.81613
],
[
-73.87673,
40.81539
],
[
-73.87239,
40.81397
],
[
-73.87057,
40.81209
],
[
-73.86811,
40.80675
],
[
-73.87175,
40.80155
],
[
-73.87355,
40.80085
],
[
-73.87814,
40.80132
],
[
-73.87817,
40.80255
],
[
-73.87018,
40.78759
],
[
-73.87317,
40.78523
],
[
-73.88445,
40.78433
],
[
-73.89771,
40.79252
],
[
-73.88796,
40.805
],
[
-73.88906,
40.80502
],
[
-73.88922,
40.80585
],
[
-73.89015,
40.80496
],
[
-73.88937,
40.80593
],
[
-73.89179,
40.80562
],
[
-73.89271,
40.80634
],
[
-73.89173,
40.80505
],
[
-73.89275,
40.80634
],
[
-73.89484,
40.80572
],
[
-73.8951,
40.80686
],
[
-73.89528,
40.80577
],
[
-73.89559,
40.80658
],
[
-73.89587,
40.80581
],
[
-73.89611,
40.8065
],
[
-73.90222,
40.80495
],
[
-73.90768,
40.79939
],
[
-73.91169,
40.79662
],
[
-73.91903,
40.79898
],
[
-73.92293,
40.80237
],
[
-73.92763,
40.8027
],
[
-73.92728,
40.80351
],
[
-73.92873,
40.8041
],
[
-73.93228,
40.80836
],
[
-73.93286,
40.81012
],
[
-73.93234,
40.81763
],
[
-73.93361,
40.83279
],
[
-73.93314,
40.83519
],
[
-73.92862,
40.84468
],
[
-73.92256,
40.85319
],
[
-73.91341,
40.86337
],
[
-73.91227,
40.86363
],
[
-73.9128,
40.8639
],
[
-73.91042,
40.86657
],
[
-73.90893,
40.87216
],
[
-73.90774,
40.87285
],
[
-73.90665,
40.87575
],
[
-73.90704,
40.8769
],
[
-73.91033,
40.87904
],
[
-73.91149,
40.87902
],
[
-73.91579,
40.87572
],
[
-73.91776,
40.87566
],
[
-73.92274,
40.87891
],
[
-73.9249,
40.87889
],
[
-73.92039,
40.88765
],
[
-73.91265,
40.90807
],
[
-73.9115,
40.91377
],
[
-73.91033,
40.91553
],
[
-73.87295,
40.90444
]
]
]
}
},
{
"type"
:
"Feature",
"properties": {
"Polygon_id"
:
118,
"Area_Name"
:
"SunStrong - NY - Brooklyn",
"color"
:
"#D0F0C0",
"fill"
:
"#D0F0C0",
"fill-opacity"
:
0.6,
"stroke"
:
"#000000",
"stroke-width"
:
1
},
"geometry": {
"type"
:
"Polygon",
"coordinates": [
[
[
-73.9544,
40.73911
],
[
-73.94652,
40.73693
],
[
-73.94707,
40.7344
],
[
-73.94557,
40.73661
],
[
-73.94519,
40.73548
],
[
-73.94452,
40.73628
],
[
-73.94239,
40.73543
],
[
-73.93981,
40.73115
],
[
-73.9381,
40.72973
],
[
-73.92924,
40.7274
],
[
-73.92458,
40.71916
],
[
-73.92499,
40.71838
],
[
-73.92888,
40.71772
],
[
-73.92971,
40.71705
],
[
-73.92947,
40.71572
],
[
-73.9322,
40.71497
],
[
-73.93124,
40.71372
],
[
-73.93264,
40.71305
],
[
-73.93203,
40.71159
],
[
-73.93328,
40.71098
],
[
-73.9319,
40.71134
],
[
-73.93036,
40.70872
],
[
-73.93155,
40.71186
],
[
-73.93078,
40.71216
],
[
-73.93185,
40.71256
],
[
-73.93042,
40.71317
],
[
-73.93085,
40.7149
],
[
-73.92844,
40.71553
],
[
-73.92891,
40.71662
],
[
-73.92823,
40.71711
],
[
-73.92465,
40.71795
],
[
-73.92364,
40.71732
],
[
-73.92306,
40.71634
],
[
-73.92489,
40.71527
],
[
-73.92075,
40.71053
],
[
-73.92189,
40.7094
],
[
-73.91181,
40.70343
],
[
-73.9129,
40.70236
],
[
-73.91068,
40.70105
],
[
-73.91181,
40.69995
],
[
-73.90426,
40.6957
],
[
-73.9058,
40.69413
],
[
-73.9014,
40.69159
],
[
-73.90189,
40.69108
],
[
-73.90042,
40.68818
],
[
-73.90116,
40.68788
],
[
-73.89647,
40.68234
],
[
-73.89417,
40.68528
],
[
-73.89258,
40.68349
],
[
-73.89015,
40.685
],
[
-73.88963,
40.68424
],
[
-73.88452,
40.68668
],
[
-73.87951,
40.69115
],
[
-73.87402,
40.69419
],
[
-73.86841,
40.69473
],
[
-73.86602,
40.68192
],
[
-73.8641,
40.68237
],
[
-73.86328,
40.67908
],
[
-73.86235,
40.67916
],
[
-73.86039,
40.67125
],
[
-73.85763,
40.67166
],
[
-73.85568,
40.66387
],
[
-73.85843,
40.66345
],
[
-73.85762,
40.66012
],
[
-73.86317,
40.65828
],
[
-73.8627,
40.65762
],
[
-73.86328,
40.65694
],
[
-73.86264,
40.65567
],
[
-73.86087,
40.65508
],
[
-73.85722,
40.65028
],
[
-73.85838,
40.64727
],
[
-73.85717,
40.64368
],
[
-73.86201,
40.64289
],
[
-73.8667,
40.64002
],
[
-73.86628,
40.63947
],
[
-73.86732,
40.63987
],
[
-73.86867,
40.64093
],
[
-73.87061,
40.64486
],
[
-73.87257,
40.64558
],
[
-73.87933,
40.65462
],
[
-73.87319,
40.64545
],
[
-73.87327,
40.6439
],
[
-73.8699,
40.63893
],
[
-73.868,
40.63812
],
[
-73.86961,
40.63709
],
[
-73.86956,
40.63795
],
[
-73.87293,
40.63636
],
[
-73.87445,
40.63666
],
[
-73.87856,
40.63904
],
[
-73.88048,
40.64098
],
[
-73.88007,
40.642
],
[
-73.88153,
40.64245
],
[
-73.88215,
40.64374
],
[
-73.88342,
40.64452
],
[
-73.88558,
40.64404
],
[
-73.88743,
40.64594
],
[
-73.88771,
40.64787
],
[
-73.891,
40.64935
],
[
-73.8888,
40.64605
],
[
-73.88941,
40.64694
],
[
-73.8882,
40.64714
],
[
-73.88864,
40.64679
],
[
-73.88741,
40.64533
],
[
-73.88806,
40.64512
],
[
-73.88374,
40.64245
],
[
-73.87954,
40.63822
],
[
-73.87864,
40.63829
],
[
-73.87714,
40.63598
],
[
-73.88364,
40.63094
],
[
-73.88405,
40.62956
],
[
-73.88263,
40.62827
],
[
-73.88369,
40.62756
],
[
-73.88513,
40.62883
],
[
-73.88753,
40.62833
],
[
-73.89301,
40.62336
],
[
-73.89548,
40.62249
],
[
-73.91606,
40.63203
],
[
-73.91748,
40.63146
],
[
-73.91659,
40.63045
],
[
-73.90533,
40.62586
],
[
-73.90283,
40.62405
],
[
-73.90229,
40.62441
],
[
-73.90287,
40.62365
],
[
-73.90053,
40.62168
],
[
-73.89647,
40.62143
],
[
-73.89561,
40.6198
],
[
-73.89664,
40.61735
],
[
-73.89586,
40.61452
],
[
-73.89095,
40.61283
],
[
-73.89396,
40.61121
],
[
-73.89108,
40.61228
],
[
-73.8897,
40.61145
],
[
-73.89227,
40.60917
],
[
-73.89335,
40.60674
],
[
-73.89834,
40.6053
],
[
-73.90014,
40.6056
],
[
-73.9011,
40.60707
],
[
-73.90028,
40.61007
],
[
-73.90137,
40.6117
],
[
-73.90249,
40.61181
],
[
-73.90133,
40.61048
],
[
-73.90717,
40.61601
],
[
-73.90674,
40.6163
],
[
-73.90879,
40.61744
],
[
-73.90835,
40.61653
],
[
-73.90914,
40.61653
],
[
-73.90797,
40.61574
],
[
-73.90896,
40.61699
],
[
-73.9096,
40.61639
],
[
-73.90226,
40.61042
],
[
-73.90164,
40.60576
],
[
-73.90524,
40.60491
],
[
-73.90597,
40.60638
],
[
-73.90864,
40.60666
],
[
-73.90985,
40.606
],
[
-73.90833,
40.60407
],
[
-73.91092,
40.60351
],
[
-73.91365,
40.60398
],
[
-73.91674,
40.60681
],
[
-73.91632,
40.60868
],
[
-73.91663,
40.60944
],
[
-73.91651,
40.60863
],
[
-73.91709,
40.60882
],
[
-73.9145,
40.61165
],
[
-73.91493,
40.61396
],
[
-73.91422,
40.61493
],
[
-73.91642,
40.61357
],
[
-73.91591,
40.61385
],
[
-73.91587,
40.61291
],
[
-73.91663,
40.61344
],
[
-73.91573,
40.61183
],
[
-73.91811,
40.61021
],
[
-73.91768,
40.60966
],
[
-73.91856,
40.6085
],
[
-73.91801,
40.60815
],
[
-73.91901,
40.60827
],
[
-73.91814,
40.60765
],
[
-73.91935,
40.60804
],
[
-73.91825,
40.60723
],
[
-73.91952,
40.60774
],
[
-73.91443,
40.60286
],
[
-73.91076,
40.60203
],
[
-73.90904,
40.60268
],
[
-73.91073,
40.60202
],
[
-73.90904,
40.60163
],
[
-73.89933,
40.60355
],
[
-73.89241,
40.6033
],
[
-73.88773,
40.60527
],
[
-73.88396,
40.60555
],
[
-73.88272,
40.60418
],
[
-73.88336,
40.60288
],
[
-73.88002,
40.62485
],
[
-73.85367,
40.64238
],
[
-73.84586,
40.63907
],
[
-73.8353,
40.61361
],
[
-73.83908,
40.6048
],
[
-73.84903,
40.60047
],
[
-73.85562,
40.59594
],
[
-73.87971,
40.5914
],
[
-73.87897,
40.5909
],
[
-73.87879,
40.58803
],
[
-73.87672,
40.58491
],
[
-73.8797,
40.58014
],
[
-73.88614,
40.57813
],
[
-73.89552,
40.57677
],
[
-73.89651,
40.57901
],
[
-73.89675,
40.58319
],
[
-73.89826,
40.58679
],
[
-73.89892,
40.58754
],
[
-73.89973,
40.58717
],
[
-73.89903,
40.58767
],
[
-73.90122,
40.58738
],
[
-73.90003,
40.58787
],
[
-73.90072,
40.58808
],
[
-73.90427,
40.58691
],
[
-73.90566,
40.58659
],
[
-73.90713,
40.58753
],
[
-73.90644,
40.58703
],
[
-73.91153,
40.58611
],
[
-73.91203,
40.59437
],
[
-73.91574,
40.59921
],
[
-73.92171,
40.60174
],
[
-73.92466,
40.59973
],
[
-73.92954,
40.60275
],
[
-73.92917,
40.60387
],
[
-73.931,
40.60394
],
[
-73.92851,
40.60171
],
[
-73.92491,
40.59962
],
[
-73.92019,
40.59994
],
[
-73.91564,
40.59857
],
[
-73.91277,
40.59419
],
[
-73.91273,
40.58889
],
[
-73.92049,
40.59563
],
[
-73.91358,
40.58901
],
[
-73.9139,
40.58872
],
[
-73.91405,
40.58838
],
[
-73.91453,
40.58708
],
[
-73.91544,
40.58754
],
[
-73.91454,
40.5889
],
[
-73.91917,
40.58596
],
[
-73.92493,
40.58567
],
[
-73.92802,
40.58807
],
[
-73.92395,
40.59114
],
[
-73.92922,
40.58881
],
[
-73.92876,
40.58915
],
[
-73.93065,
40.59029
],
[
-73.92996,
40.59401
],
[
-73.9326,
40.59493
],
[
-73.93101,
40.59193
],
[
-73.93121,
40.58953
],
[
-73.92973,
40.58861
],
[
-73.93039,
40.58844
],
[
-73.92972,
40.58756
],
[
-73.93125,
40.58685
],
[
-73.92857,
40.58706
],
[
-73.92816,
40.58586
],
[
-73.92752,
40.5864
],
[
-73.92529,
40.58464
],
[
-73.9202,
40.58463
],
[
-73.91566,
40.58622
],
[
-73.9135,
40.5861
],
[
-73.91259,
40.58557
],
[
-73.91246,
40.58335
],
[
-73.91463,
40.58276
],
[
-73.9173,
40.58319
],
[
-73.91541,
40.58236
],
[
-73.91191,
40.58296
],
[
-73.91154,
40.58179
],
[
-73.91506,
40.58154
],
[
-73.92444,
40.58356
],
[
-73.93118,
40.58272
],
[
-73.94157,
40.58361
],
[
-73.95349,
40.58299
],
[
-73.9533,
40.582
],
[
-73.9497,
40.58232
],
[
-73.94274,
40.581
],
[
-73.93258,
40.58126
],
[
-73.93106,
40.57627
],
[
-73.9315,
40.57566
],
[
-73.94428,
40.5758
],
[
-73.95258,
40.5742
],
[
-73.95843,
40.57409
],
[
-73.95899,
40.57343
],
[
-73.95983,
40.57393
],
[
-73.9672,
40.57333
],
[
-73.96945,
40.57286
],
[
-73.96925,
40.5723
],
[
-73.97133,
40.57264
],
[
-73.97118,
40.57194
],
[
-73.9725,
40.57258
],
[
-73.97335,
40.57232
],
[
-73.97325,
40.57163
],
[
-73.97373,
40.57229
],
[
-73.97547,
40.57197
],
[
-73.97541,
40.57142
],
[
-73.97727,
40.57186
],
[
-73.97767,
40.57117
],
[
-73.97845,
40.57189
],
[
-73.97985,
40.57154
],
[
-73.97943,
40.57122
],
[
-73.98283,
40.57154
],
[
-73.98367,
40.57141
],
[
-73.98336,
40.56953
],
[
-73.98376,
40.5714
],
[
-73.99079,
40.57025
],
[
-74.00078,
40.57049
],
[
-74.00209,
40.56959
],
[
-74.00249,
40.57174
],
[
-74.01202,
40.57489
],
[
-74.01303,
40.57785
],
[
-74.01148,
40.58008
],
[
-74.00605,
40.58198
],
[
-74.00056,
40.5813
],
[
-73.99818,
40.58173
],
[
-73.99772,
40.58071
],
[
-73.98843,
40.57882
],
[
-73.9867,
40.57981
],
[
-73.98605,
40.58172
],
[
-73.98804,
40.57963
],
[
-73.99163,
40.58108
],
[
-73.99026,
40.58462
],
[
-73.99547,
40.58221
],
[
-74.00018,
40.58307
],
[
-74.00036,
40.58419
],
[
-73.99809,
40.58536
],
[
-73.99971,
40.58569
],
[
-73.99957,
40.58624
],
[
-73.99408,
40.58869
],
[
-73.99796,
40.58727
],
[
-73.99488,
40.58877
],
[
-73.99535,
40.58933
],
[
-74.00037,
40.58647
],
[
-74.00038,
40.58713
],
[
-73.99788,
40.58834
],
[
-73.99946,
40.58923
],
[
-73.99719,
40.59161
],
[
-74.00023,
40.59148
],
[
-73.99839,
40.59353
],
[
-74.0011,
40.59252
],
[
-74.00411,
40.59645
],
[
-74.01066,
40.6006
],
[
-74.02086,
40.60352
],
[
-74.03005,
40.60476
],
[
-74.03604,
40.6093
],
[
-74.04013,
40.61479
],
[
-74.04162,
40.62056
],
[
-74.04106,
40.63019
],
[
-74.03681,
40.63898
],
[
-74.03876,
40.63959
],
[
-74.03672,
40.63914
],
[
-74.03571,
40.64064
],
[
-74.0367,
40.64169
],
[
-74.03407,
40.64431
],
[
-74.0323,
40.64358
],
[
-74.03052,
40.64527
],
[
-74.02821,
40.64402
],
[
-74.02605,
40.64626
],
[
-74.02939,
40.6488
],
[
-74.02507,
40.64673
],
[
-74.02415,
40.64762
],
[
-74.02554,
40.64978
],
[
-74.02484,
40.6506
],
[
-74.02605,
40.65099
],
[
-74.02424,
40.65113
],
[
-74.02542,
40.65193
],
[
-74.02285,
40.65117
],
[
-74.02537,
40.65272
],
[
-74.02125,
40.65083
],
[
-74.02234,
40.65191
],
[
-74.0209,
40.65125
],
[
-74.02381,
40.65304
],
[
-74.02196,
40.65222
],
[
-74.02119,
40.65284
],
[
-74.0232,
40.6541
],
[
-74.02163,
40.65365
],
[
-74.02164,
40.65488
],
[
-74.01862,
40.65349
],
[
-74.01812,
40.65389
],
[
-74.02005,
40.65534
],
[
-74.01787,
40.65406
],
[
-74.01715,
40.65478
],
[
-74.0198,
40.65649
],
[
-74.01665,
40.65534
],
[
-74.01911,
40.65737
],
[
-74.01861,
40.65785
],
[
-74.01585,
40.65621
],
[
-74.01544,
40.65663
],
[
-74.01769,
40.65845
],
[
-74.01505,
40.65695
],
[
-74.01442,
40.65761
],
[
-74.01746,
40.65945
],
[
-74.01554,
40.66076
],
[
-74.01184,
40.65891
],
[
-74.01111,
40.65971
],
[
-74.01402,
40.66153
],
[
-74.01265,
40.66198
],
[
-74.0086,
40.65952
],
[
-74.00746,
40.66056
],
[
-74.01037,
40.6624
],
[
-74.00955,
40.66327
],
[
-74.00428,
40.66144
],
[
-74.00592,
40.66311
],
[
-74.00349,
40.66224
],
[
-74.00767,
40.66479
],
[
-74.00605,
40.66384
],
[
-74.00564,
40.66453
],
[
-74.00363,
40.66273
],
[
-74.00528,
40.66466
],
[
-74.00486,
40.66506
],
[
-74.00114,
40.6629
],
[
-73.99953,
40.6644
],
[
-74.00292,
40.66646
],
[
-73.99903,
40.66844
],
[
-73.99877,
40.6716
],
[
-74.0003,
40.66872
],
[
-74.00222,
40.66858
],
[
-74.00289,
40.66735
],
[
-74.00586,
40.66799
],
[
-74.00696,
40.66605
],
[
-74.00475,
40.67072
],
[
-74.00544,
40.67092
],
[
-74.00755,
40.66705
],
[
-74.00709,
40.66859
],
[
-74.00985,
40.66852
],
[
-74.01154,
40.66509
],
[
-74.0169,
40.66485
],
[
-74.01789,
40.66585
],
[
-74.01934,
40.67162
],
[
-74.01751,
40.67103
],
[
-74.01649,
40.66493
],
[
-74.01228,
40.66573
],
[
-74.01034,
40.66908
],
[
-74.01163,
40.67058
],
[
-74.01425,
40.66973
],
[
-74.01175,
40.67066
],
[
-74.01427,
40.67138
],
[
-74.0152,
40.67075
],
[
-74.01423,
40.67213
],
[
-74.01569,
40.67104
],
[
-74.01298,
40.67333
],
[
-74.01512,
40.67216
],
[
-74.01632,
40.67291
],
[
-74.01496,
40.67468
],
[
-74.01817,
40.67194
],
[
-74.0188,
40.67225
],
[
-74.01727,
40.67361
],
[
-74.01801,
40.67391
],
[
-74.01783,
40.67526
],
[
-74.01889,
40.67509
],
[
-74.01792,
40.67651
],
[
-74.01995,
40.6771
],
[
-74.01843,
40.67791
],
[
-74.01966,
40.67839
],
[
-74.01827,
40.67855
],
[
-74.01954,
40.67897
],
[
-74.01928,
40.67965
],
[
-74.01282,
40.68362
],
[
-74.01213,
40.68291
],
[
-74.01411,
40.68171
],
[
-74.01302,
40.68041
],
[
-74.00967,
40.68327
],
[
-74.01077,
40.68436
],
[
-74.01193,
40.68389
],
[
-74.00798,
40.68628
],
[
-74.00588,
40.6862
],
[
-74.00298,
40.69043
],
[
-74.00096,
40.69013
],
[
-74.00174,
40.69241
],
[
-73.99457,
40.70438
],
[
-73.99213,
40.70469
],
[
-73.99095,
40.70403
],
[
-73.99023,
40.70493
],
[
-73.9883,
40.70454
],
[
-73.98796,
40.70513
],
[
-73.98093,
40.70537
],
[
-73.98091,
40.70591
],
[
-73.97868,
40.70545
],
[
-73.97834,
40.706
],
[
-73.97853,
40.70488
],
[
-73.97721,
40.70421
],
[
-73.97751,
40.7032
],
[
-73.97596,
40.70472
],
[
-73.97693,
40.7028
],
[
-73.97616,
40.70217
],
[
-73.97533,
40.70295
],
[
-73.97601,
40.70195
],
[
-73.97455,
40.70159
],
[
-73.97572,
40.69957
],
[
-73.97412,
40.70131
],
[
-73.97239,
40.70017
],
[
-73.97376,
40.70153
],
[
-73.97319,
40.70167
],
[
-73.97078,
40.69998
],
[
-73.97332,
40.70241
],
[
-73.97284,
40.70273
],
[
-73.96949,
40.70052
],
[
-73.97284,
40.70335
],
[
-73.96899,
40.70175
],
[
-73.97466,
40.70607
],
[
-73.97255,
40.7062
],
[
-73.97463,
40.70768
],
[
-73.9711,
40.70585
],
[
-73.97232,
40.70908
],
[
-73.97026,
40.70689
],
[
-73.97018,
40.70493
],
[
-73.96752,
40.70344
],
[
-73.9693,
40.70509
],
[
-73.97007,
40.71045
],
[
-73.96937,
40.71102
],
[
-73.96991,
40.71127
],
[
-73.96923,
40.71124
],
[
-73.96725,
40.71699
],
[
-73.96512,
40.71923
],
[
-73.96528,
40.72012
],
[
-73.96448,
40.72004
],
[
-73.96276,
40.7224
],
[
-73.96166,
40.72486
],
[
-73.96211,
40.72515
],
[
-73.95794,
40.72465
],
[
-73.95843,
40.7254
],
[
-73.96162,
40.72587
],
[
-73.96102,
40.7287
],
[
-73.96229,
40.73405
],
[
-73.95838,
40.7381
],
[
-73.9544,
40.73911
]
]
]
}
},
{
"type"
:
"Feature",
"properties": {
"Polygon_id"
:
119,
"Area_Name"
:
"SunStrong - NY - East NY City",
"color"
:
"#AFEEEE",
"fill"
:
"#AFEEEE",
"fill-opacity"
:
0.6,
"stroke"
:
"#000000",
"stroke-width"
:
1
},
"geometry": {
"type"
:
"Polygon",
"coordinates": [
[
[
-73.22174,
40.95191
],
[
-73.42636,
40.96647
],
[
-73.50876,
40.94109
],
[
-73.47065,
40.87312
],
[
-73.46464,
40.85988
],
[
-73.46095,
40.85391
],
[
-73.45756,
40.84872
],
[
-73.4566,
40.84515
],
[
-73.45569,
40.8434
],
[
-73.45529,
40.8409
],
[
-73.45548,
40.84022
],
[
-73.4545,
40.83405
],
[
-73.45215,
40.82231
],
[
-73.44882,
40.80492
],
[
-73.44476,
40.78385
],
[
-73.44273,
40.77328
],
[
-73.43983,
40.75786
],
[
-73.43447,
40.72714
],
[
-73.42664,
40.68588
],
[
-73.42392,
40.67409
],
[
-73.42342,
40.66926
],
[
-73.42463,
40.66676
],
[
-73.42399,
40.65608
],
[
-73.42549,
40.65633
],
[
-73.4243,
40.60055
],
[
-73.18191,
40.61728
],
[
-71.79626,
41.04952
],
[
-71.8457,
41.28626
],
[
-71.9487,
41.31102
],
[
-73.22174,
40.95191
]
]
]
}
},
{
"type"
:
"Feature",
"properties": {
"Polygon_id"
:
120,
"Area_Name"
:
"SunStrong - NY - Manhattan",
"color"
:
"#E6E6FA",
"fill"
:
"#E6E6FA",
"fill-opacity"
:
0.6,
"stroke"
:
"#000000",
"stroke-width"
:
1
},
"geometry": {
"type"
:
"Polygon",
"coordinates": [
[
[
-73.92641,
40.87762
],
[
-73.92619,
40.87706
],
[
-73.9224,
40.87678
],
[
-73.92261,
40.87441
],
[
-73.92126,
40.87308
],
[
-73.91979,
40.87361
],
[
-73.9208,
40.87419
],
[
-73.92081,
40.87548
],
[
-73.91888,
40.87468
],
[
-73.91893,
40.87332
],
[
-73.91758,
40.87455
],
[
-73.91787,
40.8739
],
[
-73.91522,
40.87449
],
[
-73.91143,
40.87318
],
[
-73.91043,
40.87149
],
[
-73.91255,
40.86651
],
[
-73.91392,
40.86475
],
[
-73.91492,
40.86458
],
[
-73.91441,
40.86417
],
[
-73.9159,
40.86431
],
[
-73.9152,
40.86395
],
[
-73.91539,
40.86308
],
[
-73.91944,
40.85886
],
[
-73.92159,
40.86007
],
[
-73.92187,
40.85918
],
[
-73.92091,
40.85822
],
[
-73.92238,
40.85598
],
[
-73.92152,
40.8566
],
[
-73.92972,
40.84523
],
[
-73.93492,
40.83523
],
[
-73.93383,
40.81972
],
[
-73.93434,
40.80956
],
[
-73.92903,
40.80108
],
[
-73.92336,
40.80231
],
[
-73.91871,
40.7986
],
[
-73.9101,
40.79431
],
[
-73.92482,
40.78
],
[
-73.93719,
40.78191
],
[
-73.93583,
40.79109
],
[
-73.93708,
40.78937
],
[
-73.93613,
40.78893
],
[
-73.93715,
40.78917
],
[
-73.93983,
40.78526
],
[
-73.94324,
40.78333
],
[
-73.9436,
40.78016
],
[
-73.94211,
40.77945
],
[
-73.943,
40.77885
],
[
-73.942,
40.77619
],
[
-73.93795,
40.77221
],
[
-73.94991,
40.75786
],
[
-73.95789,
40.74916
],
[
-73.97136,
40.74384
],
[
-73.97266,
40.73922
],
[
-73.97249,
40.7358
],
[
-73.97441,
40.73641
],
[
-73.97451,
40.73589
],
[
-73.97276,
40.73551
],
[
-73.97444,
40.73532
],
[
-73.97341,
40.73128
],
[
-73.97148,
40.72925
],
[
-73.97149,
40.72735
],
[
-73.97357,
40.7186
],
[
-73.97671,
40.71154
],
[
-73.98125,
40.70983
],
[
-73.98839,
40.70913
],
[
-73.9888,
40.70997
],
[
-73.99808,
40.70851
],
[
-74.00119,
40.70686
],
[
-74.00059,
40.70541
],
[
-74.00145,
40.70487
],
[
-74.00257,
40.70552
],
[
-74.00243,
40.70468
],
[
-74.00332,
40.70563
],
[
-74.00383,
40.7053
],
[
-74.00287,
40.70408
],
[
-74.00406,
40.70515
],
[
-74.0066,
40.70369
],
[
-74.00549,
40.70243
],
[
-74.00679,
40.70357
],
[
-74.00929,
40.70193
],
[
-74.0087,
40.70114
],
[
-74.00776,
40.70155
],
[
-74.00835,
40.70067
],
[
-74.00958,
40.70184
],
[
-74.01118,
40.70145
],
[
-74.01082,
40.7002
],
[
-74.01115,
40.7009
],
[
-74.01209,
40.70068
],
[
-74.01196,
40.70004
],
[
-74.01311,
40.70051
],
[
-74.01311,
40.69977
],
[
-74.01395,
40.70099
],
[
-74.01422,
40.70011
],
[
-74.01464,
40.70082
],
[
-74.01129,
40.68821
],
[
-74.01785,
40.68463
],
[
-74.03327,
40.68071
],
[
-74.01788,
40.70354
],
[
-74.01757,
40.70418
],
[
-74.01866,
40.70443
],
[
-74.01748,
40.70467
],
[
-74.01889,
40.70473
],
[
-74.01934,
40.70609
],
[
-74.01819,
40.70782
],
[
-74.01886,
40.70805
],
[
-74.01777,
40.71283
],
[
-74.01662,
40.71216
],
[
-74.01632,
40.71341
],
[
-74.01772,
40.71307
],
[
-74.01671,
40.71862
],
[
-74.01321,
40.71832
],
[
-74.01307,
40.71892
],
[
-74.01341,
40.72002
],
[
-74.01638,
40.72038
],
[
-74.013,
40.72033
],
[
-74.0129,
40.72087
],
[
-74.01562,
40.72154
],
[
-74.01254,
40.7215
],
[
-74.01165,
40.72587
],
[
-74.0152,
40.72636
],
[
-74.01154,
40.72645
],
[
-74.01138,
40.72823
],
[
-74.01439,
40.72846
],
[
-74.01404,
40.73069
],
[
-74.01116,
40.73045
],
[
-74.01094,
40.73301
],
[
-74.014,
40.73333
],
[
-74.01073,
40.73344
],
[
-74.01202,
40.73406
],
[
-74.01081,
40.73428
],
[
-74.01048,
40.73806
],
[
-74.01114,
40.73839
],
[
-74.01045,
40.73836
],
[
-74.01039,
40.73917
],
[
-74.01158,
40.73926
],
[
-74.01146,
40.74058
],
[
-74.01266,
40.74075
],
[
-74.00949,
40.74074
],
[
-74.0114,
40.74182
],
[
-74.00909,
40.74289
],
[
-74.01215,
40.74356
],
[
-74.0089,
40.74392
],
[
-74.00873,
40.74488
],
[
-74.01178,
40.7456
],
[
-74.00946,
40.74575
],
[
-74.00936,
40.74634
],
[
-74.01159,
40.7466
],
[
-74.00924,
40.74676
],
[
-74.00914,
40.74736
],
[
-74.01141,
40.74763
],
[
-74.00906,
40.74779
],
[
-74.00895,
40.74841
],
[
-74.01122,
40.74868
],
[
-74.00995,
40.74893
],
[
-74.0091,
40.75037
],
[
-74.01056,
40.75132
],
[
-74.009,
40.75065
],
[
-74.00853,
40.75188
],
[
-74.00934,
40.75236
],
[
-74.00843,
40.75216
],
[
-74.00997,
40.75293
],
[
-74.00835,
40.75235
],
[
-74.00774,
40.75434
],
[
-74.0048,
40.75781
],
[
-74.007,
40.75923
],
[
-74.00651,
40.75989
],
[
-74.0045,
40.75908
],
[
-74.00381,
40.75951
],
[
-74.00432,
40.75991
],
[
-74.00367,
40.75971
],
[
-74.00234,
40.76154
],
[
-74.00456,
40.76252
],
[
-74.0022,
40.76173
],
[
-74.00153,
40.76264
],
[
-74.00361,
40.76378
],
[
-74.00139,
40.76285
],
[
-74.00097,
40.76342
],
[
-74.00315,
40.76474
],
[
-73.99962,
40.76356
],
[
-73.99915,
40.76421
],
[
-74.00229,
40.76556
],
[
-73.99888,
40.76457
],
[
-73.99827,
40.76555
],
[
-74.00156,
40.767
],
[
-73.99807,
40.76587
],
[
-73.99738,
40.76682
],
[
-74.00065,
40.76825
],
[
-73.99716,
40.76713
],
[
-73.99646,
40.7681
],
[
-73.99974,
40.76951
],
[
-73.99707,
40.76873
],
[
-73.99657,
40.76942
],
[
-73.99903,
40.77046
],
[
-73.99631,
40.7698
],
[
-73.99542,
40.77103
],
[
-73.9959,
40.77145
],
[
-73.99494,
40.77147
],
[
-73.99687,
40.77282
],
[
-73.99477,
40.77193
],
[
-73.99445,
40.77238
],
[
-73.99612,
40.77328
],
[
-73.99383,
40.77293
],
[
-73.99618,
40.77399
],
[
-73.99394,
40.77318
],
[
-73.99227,
40.77512
],
[
-73.98887,
40.77969
],
[
-73.99155,
40.77957
],
[
-73.98889,
40.77988
],
[
-73.98547,
40.78536
],
[
-73.98617,
40.78607
],
[
-73.98712,
40.78521
],
[
-73.98613,
40.78624
],
[
-73.98543,
40.78541
],
[
-73.98508,
40.78592
],
[
-73.98577,
40.7862
],
[
-73.98466,
40.78653
],
[
-73.98595,
40.78649
],
[
-73.98462,
40.78659
],
[
-73.96414,
40.81577
],
[
-73.95882,
40.82152
],
[
-73.9596,
40.82299
],
[
-73.95853,
40.82184
],
[
-73.9582,
40.82228
],
[
-73.95814,
40.82302
],
[
-73.95956,
40.82369
],
[
-73.95632,
40.82794
],
[
-73.95454,
40.82786
],
[
-73.95119,
40.83264
],
[
-73.94612,
40.84389
],
[
-73.94696,
40.85047
],
[
-73.94187,
40.85387
],
[
-73.93243,
40.86757
],
[
-73.93191,
40.87113
],
[
-73.92998,
40.87434
],
[
-73.92641,
40.87762
]
]
]
}
},
{
"type"
:
"Feature",
"properties": {
"Polygon_id"
:
121,
"Area_Name"
:
"SunStrong - NY - NY North (OOM)",
"color"
:
"#FFFACD",
"fill"
:
"#FFFACD",
"fill-opacity"
:
0.6,
"stroke"
:
"#000000",
"stroke-width"
:
1
},
"geometry": {
"type"
:
"Polygon",
"coordinates": [
[
[
-75.36148,
42.00018
],
[
-79.76244,
41.99918
],
[
-79.76702,
42.51349
],
[
-78.92657,
42.83054
],
[
-78.90621,
42.90748
],
[
-78.91651,
42.94821
],
[
-78.9584,
42.95826
],
[
-79.01882,
42.98438
],
[
-79.02981,
43.01702
],
[
-79.00165,
43.05718
],
[
-79.07719,
43.07724
],
[
-79.07101,
43.08877
],
[
-79.06071,
43.10783
],
[
-79.06963,
43.11986
],
[
-79.04835,
43.13339
],
[
-79.04079,
43.14341
],
[
-79.05247,
43.17597
],
[
-79.05384,
43.21251
],
[
-79.0559,
43.24468
],
[
-79.0662,
43.26269
],
[
-79.02966,
43.37998
],
[
-76.48907,
43.60513
],
[
-76.44554,
44.09323
],
[
-76.35171,
44.13606
],
[
-76.31532,
44.1996
],
[
-76.23155,
44.20797
],
[
-76.16083,
44.23946
],
[
-76.16083,
44.28519
],
[
-76.0029,
44.34906
],
[
-75.96788,
44.34415
],
[
-75.8793,
44.38931
],
[
-75.79965,
44.48001
],
[
-75.63692,
44.6141
],
[
-75.46732,
44.72982
],
[
-75.41788,
44.75665
],
[
-75.41582,
44.77322
],
[
-75.36226,
44.78736
],
[
-75.32861,
44.81026
],
[
-75.30595,
44.83607
],
[
-75.23935,
44.86576
],
[
-75.18167,
44.88766
],
[
-75.04022,
44.94163
],
[
-74.99147,
44.97759
],
[
-74.87886,
45.00381
],
[
-74.80058,
45.01546
],
[
-74.75801,
45.00284
],
[
-74.73329,
44.98779
],
[
-74.66737,
45.00624
],
[
-74.63441,
45.03002
],
[
-74.66909,
45.00284
],
[
-74.66119,
44.99798
],
[
-74.64643,
44.99968
],
[
-74.5091,
44.99871
],
[
-74.32817,
44.99167
],
[
-74.14484,
44.99094
],
[
-73.93884,
44.99944
],
[
-73.73903,
45.00405
],
[
-73.59895,
45.00478
],
[
-73.3576,
45.01037
],
[
-73.34503,
45.00967
],
[
-73.34279,
45.00579
],
[
-73.33592,
45.00045
],
[
-73.33798,
44.99608
],
[
-73.3385,
44.9951
],
[
-73.34004,
44.99438
],
[
-73.34141,
44.99365
],
[
-73.34279,
44.99316
],
[
-73.34485,
44.9917
],
[
-73.34622,
44.99025
],
[
-73.3413,
44.98738
],
[
-73.34096,
44.98581
],
[
-73.34345,
44.98375
],
[
-73.34593,
44.98223
],
[
-73.35146,
44.98105
],
[
-73.32812,
44.92274
],
[
-73.37344,
44.8449
],
[
-73.3185,
44.78352
],
[
-73.3564,
44.72136
],
[
-73.35732,
44.56765
],
[
-73.28179,
44.49516
],
[
-73.29278,
44.38534
],
[
-73.31749,
44.33429
],
[
-73.29964,
44.27237
],
[
-73.33809,
44.2222
],
[
-73.38616,
44.16903
],
[
-73.40401,
44.11877
],
[
-73.42598,
44.0586
],
[
-73.39793,
44.0166
],
[
-73.39519,
43.95237
],
[
-73.39381,
43.90688
],
[
-73.35811,
43.87224
],
[
-73.38145,
43.81876
],
[
-73.33476,
43.77712
],
[
-73.35948,
43.73447
],
[
-73.40068,
43.67391
],
[
-73.41441,
43.6292
],
[
-73.40892,
43.58545
],
[
-73.39415,
43.57699
],
[
-73.37526,
43.62547
],
[
-73.31415,
43.63342
],
[
-73.29905,
43.63292
],
[
-73.29699,
43.61354
],
[
-73.28634,
43.60011
],
[
-73.28978,
43.58221
],
[
-73.25029,
43.5653
],
[
-73.23862,
43.53519
],
[
-73.24377,
43.48813
],
[
-73.27628,
42.84793
],
[
-73.26749,
42.74772
],
[
-73.50713,
42.08741
],
[
-73.49134,
42.04459
],
[
-73.53173,
41.5115
],
[
-74.01915,
41.50852
],
[
-74.68988,
41.35797
],
[
-74.69469,
41.35753
],
[
-74.69572,
41.3592
],
[
-74.69092,
41.36242
],
[
-74.69675,
41.3717
],
[
-74.70946,
41.37865
],
[
-74.71673,
41.39228
],
[
-74.73218,
41.3946
],
[
-74.74454,
41.40683
],
[
-74.73715,
41.42755
],
[
-74.74402,
41.42833
],
[
-74.75861,
41.42189
],
[
-74.77372,
41.42331
],
[
-74.78985,
41.4197
],
[
-74.80148,
41.42355
],
[
-74.80467,
41.44002
],
[
-74.8307,
41.42786
],
[
-74.85645,
41.44099
],
[
-74.90177,
41.43661
],
[
-74.91378,
41.47109
],
[
-74.93816,
41.47933
],
[
-74.95465,
41.4741
],
[
-74.98143,
41.47667
],
[
-75.0034,
41.48799
],
[
-74.98589,
41.50214
],
[
-75.00649,
41.50445
],
[
-75.01164,
41.52039
],
[
-75.02881,
41.53298
],
[
-75.0305,
41.55405
],
[
-75.08543,
41.60849
],
[
-75.04698,
41.62389
],
[
-75.05659,
41.66802
],
[
-75.05796,
41.68853
],
[
-75.07307,
41.70699
],
[
-75.06758,
41.72032
],
[
-75.05796,
41.74491
],
[
-75.07307,
41.76131
],
[
-75.10603,
41.7654
],
[
-75.11152,
41.79305
],
[
-75.07719,
41.80534
],
[
-75.12388,
41.82479
],
[
-75.12251,
41.84423
],
[
-75.15547,
41.83911
],
[
-75.17469,
41.85752
],
[
-75.2104,
41.86366
],
[
-75.24198,
41.8565
],
[
-75.2722,
41.86059
],
[
-75.26945,
41.879
],
[
-75.29005,
41.90047
],
[
-75.28456,
41.91682
],
[
-75.2928,
41.94134
],
[
-75.33811,
41.95871
],
[
-75.34773,
41.97811
],
[
-75.36148,
42.00018
]
]
]
}
},
{
"type"
:
"Feature",
"properties": {
"Polygon_id"
:
122,
"Area_Name"
:
"SunStrong - NY - Nassau County",
"color"
:
"#E9FFDB",
"fill"
:
"#E9FFDB",
"fill-opacity"
:
0.6,
"stroke"
:
"#000000",
"stroke-width"
:
1
},
"geometry": {
"type"
:
"Polygon",
"coordinates": [
[
[
-73.76876,
40.62435
],
[
-73.76743,
40.62661
],
[
-73.748,
40.63463
],
[
-73.74602,
40.63521
],
[
-73.74394,
40.63754
],
[
-73.74236,
40.63809
],
[
-73.74127,
40.63726
],
[
-73.74258,
40.63565
],
[
-73.73996,
40.63514
],
[
-73.73947,
40.63571
],
[
-73.74153,
40.63923
],
[
-73.74228,
40.64012
],
[
-73.74143,
40.6405
],
[
-73.74144,
40.64689
],
[
-73.73905,
40.6482
],
[
-73.73674,
40.6491
],
[
-73.73514,
40.64973
],
[
-73.73439,
40.64982
],
[
-73.73221,
40.65009
],
[
-73.72974,
40.65056
],
[
-73.72853,
40.65097
],
[
-73.72498,
40.65268
],
[
-73.72487,
40.65345
],
[
-73.72479,
40.654
],
[
-73.72621,
40.65848
],
[
-73.72681,
40.6598
],
[
-73.72759,
40.66109
],
[
-73.72815,
40.66245
],
[
-73.72776,
40.66398
],
[
-73.72795,
40.66534
],
[
-73.72822,
40.66597
],
[
-73.72827,
40.66644
],
[
-73.72822,
40.66731
],
[
-73.72826,
40.66807
],
[
-73.728,
40.67011
],
[
-73.72754,
40.67416
],
[
-73.72654,
40.67649
],
[
-73.7262,
40.67738
],
[
-73.72584,
40.67875
],
[
-73.72563,
40.67959
],
[
-73.72586,
40.68322
],
[
-73.72582,
40.68395
],
[
-73.72593,
40.68623
],
[
-73.726,
40.68693
],
[
-73.7262,
40.68898
],
[
-73.72626,
40.69061
],
[
-73.7265,
40.69689
],
[
-73.72671,
40.70145
],
[
-73.72676,
40.70277
],
[
-73.72677,
40.70295
],
[
-73.72678,
40.70315
],
[
-73.7269,
40.7058
],
[
-73.72705,
40.7095
],
[
-73.72697,
40.71072
],
[
-73.7285,
40.71671
],
[
-73.72918,
40.71917
],
[
-73.72966,
40.72048
],
[
-73.73033,
40.72216
],
[
-73.7295,
40.7226
],
[
-73.72817,
40.72309
],
[
-73.72553,
40.72408
],
[
-73.72472,
40.7243
],
[
-73.72455,
40.72435
],
[
-73.72414,
40.72447
],
[
-73.7212,
40.72527
],
[
-73.72092,
40.72534
],
[
-73.71649,
40.72645
],
[
-73.71586,
40.72654
],
[
-73.7124,
40.72698
],
[
-73.71049,
40.72723
],
[
-73.70976,
40.72738
],
[
-73.70794,
40.72777
],
[
-73.70775,
40.72805
],
[
-73.70518,
40.73193
],
[
-73.70467,
40.73271
],
[
-73.70337,
40.73471
],
[
-73.7027,
40.73572
],
[
-73.70149,
40.73756
],
[
-73.70051,
40.73906
],
[
-73.70038,
40.73919
],
[
-73.70036,
40.74103
],
[
-73.70058,
40.74318
],
[
-73.70077,
40.74501
],
[
-73.70099,
40.74688
],
[
-73.70121,
40.74886
],
[
-73.70163,
40.75249
],
[
-73.70527,
40.75477
],
[
-73.70783,
40.75622
],
[
-73.71333,
40.75973
],
[
-73.71366,
40.75994
],
[
-73.72106,
40.7645
],
[
-73.72162,
40.76484
],
[
-73.72799,
40.76878
],
[
-73.72952,
40.76973
],
[
-73.73396,
40.77245
],
[
-73.73773,
40.77479
],
[
-73.73938,
40.77601
],
[
-73.74008,
40.77621
],
[
-73.74154,
40.77711
],
[
-73.7468,
40.78038
],
[
-73.75029,
40.78248
],
[
-73.74978,
40.78471
],
[
-73.74976,
40.7848
],
[
-73.75237,
40.78686
],
[
-73.75288,
40.78958
],
[
-73.75322,
40.79142
],
[
-73.75388,
40.79497
],
[
-73.75413,
40.79629
],
[
-73.75383,
40.79767
],
[
-73.75342,
40.79953
],
[
-73.75889,
40.80223
],
[
-73.76395,
40.80694
],
[
-73.76412,
40.80736
],
[
-73.76459,
40.80851
],
[
-73.76554,
40.81087
],
[
-73.7647,
40.8116
],
[
-73.76435,
40.8119
],
[
-73.75849,
40.81704
],
[
-73.75403,
40.82094
],
[
-73.7544,
40.82684
],
[
-73.75627,
40.83047
],
[
-73.75722,
40.83389
],
[
-73.75412,
40.83721
],
[
-73.75301,
40.83839
],
[
-73.75057,
40.83587
],
[
-73.75019,
40.8356
],
[
-73.747,
40.83335
],
[
-73.74272,
40.83299
],
[
-73.74124,
40.83105
],
[
-73.73888,
40.82794
],
[
-73.73192,
40.82694
],
[
-73.72999,
40.82353
],
[
-73.7267,
40.8237
],
[
-73.72185,
40.82187
],
[
-73.71717,
40.81533
],
[
-73.71765,
40.81389
],
[
-73.71713,
40.81278
],
[
-73.71527,
40.80879
],
[
-73.71629,
40.8051
],
[
-73.7134,
40.80347
],
[
-73.71235,
40.80444
],
[
-73.71215,
40.80462
],
[
-73.71137,
40.80534
],
[
-73.71093,
40.80575
],
[
-73.70927,
40.80968
],
[
-73.7076,
40.81362
],
[
-73.70396,
40.81743
],
[
-73.70454,
40.81921
],
[
-73.70564,
40.82256
],
[
-73.7039,
40.82804
],
[
-73.70343,
40.82952
],
[
-73.70283,
40.8322
],
[
-73.70011,
40.83351
],
[
-73.70012,
40.83355
],
[
-73.70045,
40.83473
],
[
-73.70075,
40.83495
],
[
-73.70275,
40.83642
],
[
-73.7034,
40.83646
],
[
-73.70455,
40.83653
],
[
-73.70833,
40.83357
],
[
-73.71061,
40.83485
],
[
-73.71272,
40.83883
],
[
-73.71644,
40.83814
],
[
-73.72195,
40.83713
],
[
-73.72222,
40.8373
],
[
-73.72544,
40.8393
],
[
-73.72773,
40.83851
],
[
-73.7268,
40.83345
],
[
-73.72716,
40.83335
],
[
-73.72782,
40.83317
],
[
-73.72846,
40.83299
],
[
-73.72989,
40.83587
],
[
-73.72992,
40.83632
],
[
-73.73036,
40.84234
],
[
-73.73381,
40.84524
],
[
-73.73757,
40.84841
],
[
-73.73711,
40.84975
],
[
-73.73065,
40.85196
],
[
-73.72795,
40.85289
],
[
-73.72668,
40.8568
],
[
-73.72886,
40.86149
],
[
-73.72981,
40.86354
],
[
-73.73068,
40.8654
],
[
-73.72958,
40.8665
],
[
-73.72173,
40.86548
],
[
-73.71749,
40.86877
],
[
-73.71405,
40.86999
],
[
-73.68197,
40.85904
],
[
-73.68079,
40.85863
],
[
-73.67669,
40.85724
],
[
-73.67606,
40.85454
],
[
-73.67424,
40.85222
],
[
-73.67154,
40.84876
],
[
-73.66757,
40.84368
],
[
-73.66741,
40.84347
],
[
-73.66671,
40.84258
],
[
-73.66048,
40.83461
],
[
-73.65832,
40.83258
],
[
-73.65454,
40.82903
],
[
-73.65436,
40.82886
],
[
-73.6526,
40.82885
],
[
-73.6486,
40.82882
],
[
-73.64862,
40.82884
],
[
-73.65098,
40.83261
],
[
-73.65227,
40.83468
],
[
-73.65242,
40.83491
],
[
-73.65281,
40.83554
],
[
-73.65336,
40.83641
],
[
-73.65365,
40.84124
],
[
-73.65385,
40.84439
],
[
-73.65319,
40.84691
],
[
-73.65255,
40.84933
],
[
-73.65233,
40.85015
],
[
-73.64861,
40.85346
],
[
-73.64813,
40.85389
],
[
-73.64823,
40.85584
],
[
-73.64824,
40.85606
],
[
-73.65061,
40.85731
],
[
-73.65258,
40.85833
],
[
-73.65297,
40.86188
],
[
-73.65305,
40.86197
],
[
-73.65369,
40.86266
],
[
-73.65506,
40.86415
],
[
-73.65578,
40.86494
],
[
-73.65576,
40.86515
],
[
-73.65508,
40.87153
],
[
-73.65437,
40.8782
],
[
-73.65405,
40.87847
],
[
-73.64796,
40.88363
],
[
-73.64742,
40.88409
],
[
-73.6424,
40.89082
],
[
-73.64131,
40.89228
],
[
-73.64107,
40.8926
],
[
-73.64075,
40.89362
],
[
-73.63983,
40.89656
],
[
-73.63981,
40.89662
],
[
-73.63461,
40.89798
],
[
-73.63377,
40.8982
],
[
-73.63313,
40.90269
],
[
-73.62697,
40.8994
],
[
-73.62102,
40.89845
],
[
-73.61757,
40.8979
],
[
-73.6142,
40.90013
],
[
-73.61305,
40.90221
],
[
-73.60964,
40.90303
],
[
-73.60867,
40.90327
],
[
-73.60579,
40.90207
],
[
-73.60187,
40.9028
],
[
-73.60132,
40.90324
],
[
-73.59903,
40.90507
],
[
-73.59547,
40.90793
],
[
-73.59454,
40.90867
],
[
-73.59085,
40.90895
],
[
-73.58398,
40.90946
],
[
-73.58233,
40.90958
],
[
-73.57926,
40.91037
],
[
-73.57611,
40.91117
],
[
-73.57479,
40.91208
],
[
-73.56997,
40.9154
],
[
-73.56617,
40.9158
],
[
-73.55866,
40.91217
],
[
-73.55743,
40.91157
],
[
-73.54895,
40.90897
],
[
-73.54885,
40.90894
],
[
-73.54807,
40.9087
],
[
-73.5472,
40.90901
],
[
-73.53879,
40.91207
],
[
-73.53106,
40.91356
],
[
-73.5288,
40.91552
],
[
-73.52782,
40.91636
],
[
-73.52752,
40.91662
],
[
-73.52142,
40.9183
],
[
-73.5212,
40.91476
],
[
-73.51546,
40.91295
],
[
-73.51215,
40.91191
],
[
-73.51146,
40.90901
],
[
-73.50742,
40.90866
],
[
-73.50806,
40.90384
],
[
-73.50829,
40.90208
],
[
-73.50832,
40.90182
],
[
-73.50837,
40.90147
],
[
-73.51289,
40.90255
],
[
-73.51716,
40.90111
],
[
-73.5193,
40.89672
],
[
-73.51978,
40.89572
],
[
-73.5212,
40.89051
],
[
-73.52025,
40.88674
],
[
-73.52064,
40.88668
],
[
-73.52643,
40.88584
],
[
-73.53309,
40.8853
],
[
-73.5338,
40.89015
],
[
-73.52834,
40.89231
],
[
-73.52358,
40.89788
],
[
-73.52358,
40.89792
],
[
-73.52263,
40.9047
],
[
-73.52358,
40.90955
],
[
-73.52726,
40.9107
],
[
-73.52762,
40.91081
],
[
-73.52873,
40.91055
],
[
-73.53115,
40.90998
],
[
-73.53143,
40.90991
],
[
-73.53317,
40.90824
],
[
-73.53364,
40.90779
],
[
-73.53375,
40.90767
],
[
-73.53404,
40.9074
],
[
-73.53652,
40.90526
],
[
-73.53737,
40.90452
],
[
-73.54034,
40.90427
],
[
-73.54783,
40.90363
],
[
-73.54783,
40.90309
],
[
-73.54783,
40.90217
],
[
-73.54783,
40.90111
],
[
-73.54873,
40.89631
],
[
-73.54901,
40.89482
],
[
-73.54711,
40.88997
],
[
-73.54806,
40.88638
],
[
-73.54589,
40.8834
],
[
-73.54545,
40.88278
],
[
-73.54541,
40.88272
],
[
-73.54456,
40.88131
],
[
-73.54188,
40.87685
],
[
-73.5416,
40.87688
],
[
-73.53222,
40.87774
],
[
-73.53011,
40.87793
],
[
-73.5281,
40.87811
],
[
-73.52642,
40.87699
],
[
-73.5261,
40.87678
],
[
-73.52563,
40.87646
],
[
-73.52241,
40.87431
],
[
-73.52192,
40.87398
],
[
-73.52106,
40.874
],
[
-73.51502,
40.87416
],
[
-73.51075,
40.8756
],
[
-73.50957,
40.87475
],
[
-73.50679,
40.87276
],
[
-73.50623,
40.87236
],
[
-73.50552,
40.8756
],
[
-73.50583,
40.87631
],
[
-73.50696,
40.87887
],
[
-73.50718,
40.87937
],
[
-73.51146,
40.88799
],
[
-73.50861,
40.89069
],
[
-73.50885,
40.89375
],
[
-73.49886,
40.89518
],
[
-73.49482,
40.89482
],
[
-73.4915,
40.89058
],
[
-73.48959,
40.88458
],
[
-73.49102,
40.88224
],
[
-73.48953,
40.87973
],
[
-73.48793,
40.87703
],
[
-73.48492,
40.87511
],
[
-73.48341,
40.87416
],
[
-73.47652,
40.87146
],
[
-73.46939,
40.86643
],
[
-73.46521,
40.86801
],
[
-73.46385,
40.86731
],
[
-73.46253,
40.8673
],
[
-73.46226,
40.86671
],
[
-73.46407,
40.85955
],
[
-73.46404,
40.8595
],
[
-73.46332,
40.85801
],
[
-73.45769,
40.84908
],
[
-73.45661,
40.84511
],
[
-73.45536,
40.84259
],
[
-73.45526,
40.84087
],
[
-73.45549,
40.84017
],
[
-73.45468,
40.83591
],
[
-73.45462,
40.835
],
[
-73.45392,
40.83197
],
[
-73.45162,
40.81973
],
[
-73.44977,
40.8104
],
[
-73.44876,
40.805
],
[
-73.44867,
40.80442
],
[
-73.44511,
40.78556
],
[
-73.445,
40.78524
],
[
-73.44481,
40.7839
],
[
-73.4441,
40.78161
],
[
-73.44097,
40.7644
],
[
-73.44022,
40.76042
],
[
-73.43862,
40.75129
],
[
-73.43699,
40.74233
],
[
-73.43694,
40.74209
],
[
-73.43601,
40.73703
],
[
-73.43558,
40.73463
],
[
-73.43463,
40.72979
],
[
-73.43375,
40.72507
],
[
-73.43347,
40.72361
],
[
-73.43344,
40.72344
],
[
-73.4328,
40.72007
],
[
-73.43259,
40.7189
],
[
-73.43275,
40.71809
],
[
-73.43144,
40.71283
],
[
-73.43029,
40.70662
],
[
-73.43024,
40.70639
],
[
-73.43024,
40.70634
],
[
-73.4292,
40.70082
],
[
-73.42865,
40.69789
],
[
-73.42832,
40.69622
],
[
-73.42801,
40.69461
],
[
-73.42773,
40.69319
],
[
-73.42639,
40.68632
],
[
-73.42603,
40.68444
],
[
-73.42516,
40.67989
],
[
-73.42496,
40.67889
],
[
-73.42367,
40.67228
],
[
-73.42351,
40.67141
],
[
-73.4233,
40.66913
],
[
-73.42474,
40.6662
],
[
-73.42408,
40.65895
],
[
-73.42415,
40.65844
],
[
-73.42388,
40.65597
],
[
-73.42559,
40.65629
],
[
-73.42555,
40.65461
],
[
-73.42535,
40.65182
],
[
-73.42427,
40.62749
],
[
-73.42437,
40.62321
],
[
-73.42402,
40.60958
],
[
-73.4272,
40.60885
],
[
-73.45037,
40.6035
],
[
-73.46303,
40.60126
],
[
-73.4764,
40.5989
],
[
-73.48492,
40.59739
],
[
-73.49381,
40.59562
],
[
-73.49722,
40.59494
],
[
-73.51151,
40.59278
],
[
-73.51531,
40.5922
],
[
-73.52823,
40.58938
],
[
-73.54912,
40.58481
],
[
-73.57179,
40.57826
],
[
-73.57334,
40.57898
],
[
-73.57056,
40.58368
],
[
-73.5706,
40.58368
],
[
-73.57441,
40.58474
],
[
-73.5783,
40.58581
],
[
-73.58226,
40.58575
],
[
-73.58437,
40.58572
],
[
-73.59257,
40.58559
],
[
-73.59554,
40.58615
],
[
-73.599,
40.58679
],
[
-73.61087,
40.5877
],
[
-73.62045,
40.58615
],
[
-73.62796,
40.58493
],
[
-73.6374,
40.58339
],
[
-73.64064,
40.58286
],
[
-73.6409,
40.58282
],
[
-73.64661,
40.5828
],
[
-73.64666,
40.5828
],
[
-73.64667,
40.5828
],
[
-73.6495,
40.58285
],
[
-73.65239,
40.58289
],
[
-73.65248,
40.58289
],
[
-73.6553,
40.58293
],
[
-73.65537,
40.58293
],
[
-73.65812,
40.58297
],
[
-73.6623,
40.58304
],
[
-73.6639,
40.58306
],
[
-73.66674,
40.5831
],
[
-73.66958,
40.58314
],
[
-73.67254,
40.58319
],
[
-73.67544,
40.58323
],
[
-73.67784,
40.58327
],
[
-73.67831,
40.58327
],
[
-73.68118,
40.58331
],
[
-73.68692,
40.5834
],
[
-73.69031,
40.58345
],
[
-73.69255,
40.58348
],
[
-73.69367,
40.5835
],
[
-73.69707,
40.58355
],
[
-73.70114,
40.58361
],
[
-73.70515,
40.58367
],
[
-73.70614,
40.58375
],
[
-73.70701,
40.58382
],
[
-73.71173,
40.58422
],
[
-73.71778,
40.58472
],
[
-73.73379,
40.58605
],
[
-73.73623,
40.58625
],
[
-73.74012,
40.58658
],
[
-73.74269,
40.58679
],
[
-73.75433,
40.58454
],
[
-73.75487,
40.58536
],
[
-73.75508,
40.58567
],
[
-73.75118,
40.58867
],
[
-73.75103,
40.58901
],
[
-73.74775,
40.5915
],
[
-73.74447,
40.5929
],
[
-73.74338,
40.59285
],
[
-73.74324,
40.59284
],
[
-73.73719,
40.59297
],
[
-73.73742,
40.59346
],
[
-73.73798,
40.59454
],
[
-73.73846,
40.59587
],
[
-73.73841,
40.59819
],
[
-73.73836,
40.60266
],
[
-73.74057,
40.60488
],
[
-73.74115,
40.60546
],
[
-73.74321,
40.60721
],
[
-73.7432,
40.60771
],
[
-73.74445,
40.61017
],
[
-73.74549,
40.6118
],
[
-73.74694,
40.61178
],
[
-73.74719,
40.612
],
[
-73.74912,
40.61179
],
[
-73.75009,
40.61164
],
[
-73.75346,
40.61052
],
[
-73.75473,
40.61041
],
[
-73.75723,
40.61099
],
[
-73.75891,
40.61121
],
[
-73.76002,
40.61135
],
[
-73.76345,
40.61369
],
[
-73.76348,
40.61371
],
[
-73.76524,
40.61494
],
[
-73.76672,
40.615
],
[
-73.76746,
40.62051
],
[
-73.76757,
40.62148
],
[
-73.76855,
40.62315
],
[
-73.76876,
40.62435
]
]
]
}
},
{
"type"
:
"Feature",
"properties": {
"Polygon_id"
:
123,
"Area_Name"
:
"SunStrong - NY - Queens",
"color"
:
"#AFEEEE",
"fill"
:
"#AFEEEE",
"fill-opacity"
:
0.6,
"stroke"
:
"#000000",
"stroke-width"
:
1
},
"geometry": {
"type"
:
"Polygon",
"coordinates": [
[
[
-73.8205,
40.80101
],
[
-73.81611,
40.79861
],
[
-73.81577,
40.79902
],
[
-73.81608,
40.79857
],
[
-73.8137,
40.79708
],
[
-73.81335,
40.79767
],
[
-73.8135,
40.79694
],
[
-73.81224,
40.79813
],
[
-73.81161,
40.79737
],
[
-73.8054,
40.79617
],
[
-73.80321,
40.79708
],
[
-73.80258,
40.7963
],
[
-73.80013,
40.79645
],
[
-73.7946,
40.79494
],
[
-73.79494,
40.79175
],
[
-73.79375,
40.78906
],
[
-73.79338,
40.78958
],
[
-73.79362,
40.789
],
[
-73.79281,
40.78878
],
[
-73.79028,
40.79032
],
[
-73.78318,
40.79087
],
[
-73.78252,
40.79135
],
[
-73.78434,
40.79175
],
[
-73.78175,
40.79113
],
[
-73.78078,
40.79299
],
[
-73.78166,
40.79348
],
[
-73.78072,
40.79333
],
[
-73.78079,
40.79404
],
[
-73.78326,
40.79492
],
[
-73.77936,
40.79669
],
[
-73.77687,
40.79645
],
[
-73.77431,
40.79443
],
[
-73.77063,
40.78846
],
[
-73.77427,
40.78676
],
[
-73.77634,
40.78849
],
[
-73.7682,
40.77944
],
[
-73.76678,
40.77981
],
[
-73.76816,
40.7794
],
[
-73.7651,
40.7738
],
[
-73.75864,
40.76736
],
[
-73.75494,
40.76609
],
[
-73.75219,
40.76383
],
[
-73.75107,
40.76176
],
[
-73.74656,
40.75934
],
[
-73.74628,
40.7578
],
[
-73.74466,
40.75656
],
[
-73.74854,
40.76139
],
[
-73.75123,
40.76252
],
[
-73.75507,
40.76753
],
[
-73.75439,
40.76875
],
[
-73.75557,
40.77153
],
[
-73.75337,
40.77321
],
[
-73.75519,
40.7765
],
[
-73.75481,
40.77762
],
[
-73.75552,
40.7777
],
[
-73.75469,
40.77774
],
[
-73.75232,
40.782
],
[
-73.75072,
40.78263
],
[
-73.74535,
40.77715
],
[
-73.74611,
40.77846
],
[
-73.74529,
40.77886
],
[
-73.74462,
40.77792
],
[
-73.74502,
40.7766
],
[
-73.74404,
40.77859
],
[
-73.73938,
40.77601
],
[
-73.70218,
40.75289
],
[
-73.70135,
40.75078
],
[
-73.70002,
40.73924
],
[
-73.70766,
40.72783
],
[
-73.71693,
40.72639
],
[
-73.73033,
40.72216
],
[
-73.72689,
40.70998
],
[
-73.72563,
40.67959
],
[
-73.72756,
40.67416
],
[
-73.72824,
40.66802
],
[
-73.72782,
40.66312
],
[
-73.72833,
40.66304
],
[
-73.72557,
40.65673
],
[
-73.72523,
40.652
],
[
-73.73514,
40.64973
],
[
-73.74144,
40.64689
],
[
-73.74205,
40.64147
],
[
-73.74142,
40.6405
],
[
-73.74227,
40.64012
],
[
-73.73947,
40.63571
],
[
-73.7417,
40.63488
],
[
-73.74259,
40.63545
],
[
-73.74122,
40.63782
],
[
-73.74397,
40.63788
],
[
-73.74377,
40.63902
],
[
-73.7448,
40.63708
],
[
-73.74661,
40.63658
],
[
-73.74516,
40.63811
],
[
-73.74716,
40.63706
],
[
-73.74617,
40.6404
],
[
-73.74729,
40.64319
],
[
-73.74885,
40.64517
],
[
-73.75476,
40.64781
],
[
-73.74871,
40.64334
],
[
-73.74742,
40.64141
],
[
-73.74855,
40.63541
],
[
-73.76501,
40.62941
],
[
-73.7686,
40.62473
],
[
-73.76867,
40.62273
],
[
-73.77019,
40.61979
],
[
-73.77165,
40.62042
],
[
-73.77081,
40.62295
],
[
-73.77173,
40.62359
],
[
-73.77518,
40.61926
],
[
-73.77174,
40.62361
],
[
-73.77654,
40.62765
],
[
-73.77947,
40.62732
],
[
-73.78522,
40.62006
],
[
-73.78446,
40.61703
],
[
-73.78323,
40.61558
],
[
-73.78079,
40.61459
],
[
-73.78088,
40.61364
],
[
-73.78866,
40.61009
],
[
-73.7914,
40.60761
],
[
-73.79117,
40.60847
],
[
-73.79365,
40.60899
],
[
-73.79481,
40.61038
],
[
-73.79806,
40.61148
],
[
-73.8008,
40.61193
],
[
-73.79932,
40.61336
],
[
-73.79904,
40.61555
],
[
-73.79728,
40.61666
],
[
-73.79458,
40.62252
],
[
-73.79076,
40.62233
],
[
-73.78916,
40.623
],
[
-73.78363,
40.62814
],
[
-73.78349,
40.63017
],
[
-73.78435,
40.63137
],
[
-73.7895,
40.63427
],
[
-73.79812,
40.63104
],
[
-73.79081,
40.63431
],
[
-73.79222,
40.63589
],
[
-73.8183,
40.64627
],
[
-73.82123,
40.64898
],
[
-73.82347,
40.65531
],
[
-73.82175,
40.66012
],
[
-73.8187,
40.66111
],
[
-73.81262,
40.66016
],
[
-73.8113,
40.66063
],
[
-73.81867,
40.66213
],
[
-73.82348,
40.66006
],
[
-73.82493,
40.65544
],
[
-73.82311,
40.648
],
[
-73.82396,
40.64919
],
[
-73.82614,
40.65008
],
[
-73.82622,
40.64836
],
[
-73.82846,
40.64912
],
[
-73.83094,
40.65163
],
[
-73.83161,
40.65375
],
[
-73.82901,
40.65611
],
[
-73.83171,
40.65393
],
[
-73.83222,
40.65446
],
[
-73.82897,
40.65721
],
[
-73.83013,
40.6584
],
[
-73.8296,
40.65866
],
[
-73.83016,
40.6598
],
[
-73.8297,
40.65866
],
[
-73.83024,
40.65835
],
[
-73.82909,
40.65733
],
[
-73.83185,
40.65489
],
[
-73.8329,
40.65748
],
[
-73.83194,
40.65617
],
[
-73.8326,
40.65783
],
[
-73.83113,
40.65832
],
[
-73.83338,
40.65805
],
[
-73.8308,
40.64898
],
[
-73.83149,
40.64789
],
[
-73.83453,
40.64803
],
[
-73.83597,
40.64935
],
[
-73.83893,
40.66127
],
[
-73.83814,
40.66207
],
[
-73.8397,
40.66224
],
[
-73.83592,
40.6455
],
[
-73.82539,
40.64794
],
[
-73.79907,
40.62589
],
[
-73.80142,
40.61185
],
[
-73.79758,
40.60784
],
[
-73.78583,
40.6063
],
[
-73.77511,
40.61192
],
[
-73.76774,
40.62109
],
[
-73.76672,
40.615
],
[
-73.76502,
40.61492
],
[
-73.75993,
40.61118
],
[
-73.75351,
40.61048
],
[
-73.7501,
40.6116
],
[
-73.74721,
40.61194
],
[
-73.7455,
40.61181
],
[
-73.74452,
40.61025
],
[
-73.74315,
40.60767
],
[
-73.74316,
40.60725
],
[
-73.7383,
40.60256
],
[
-73.7385,
40.59591
],
[
-73.73784,
40.59415
],
[
-73.74757,
40.59336
],
[
-73.78349,
40.5777
],
[
-73.94461,
40.54011
],
[
-73.94308,
40.5581
],
[
-73.8795,
40.57648
],
[
-73.84886,
40.60059
],
[
-73.83833,
40.60429
],
[
-73.83295,
40.61216
],
[
-73.84642,
40.64143
],
[
-73.85409,
40.64799
],
[
-73.8494,
40.65143
],
[
-73.85251,
40.65055
],
[
-73.85592,
40.65131
],
[
-73.85671,
40.6528
],
[
-73.85828,
40.65299
],
[
-73.85933,
40.65494
],
[
-73.86136,
40.65641
],
[
-73.85983,
40.65698
],
[
-73.85964,
40.65846
],
[
-73.86098,
40.65838
],
[
-73.86061,
40.65933
],
[
-73.86125,
40.65872
],
[
-73.86096,
40.65806
],
[
-73.85977,
40.65828
],
[
-73.86088,
40.65691
],
[
-73.86161,
40.657
],
[
-73.8617,
40.65802
],
[
-73.8627,
40.65762
],
[
-73.86317,
40.65828
],
[
-73.85762,
40.66012
],
[
-73.85843,
40.66345
],
[
-73.85568,
40.66387
],
[
-73.85763,
40.67166
],
[
-73.86039,
40.67125
],
[
-73.86235,
40.67916
],
[
-73.86328,
40.67908
],
[
-73.8641,
40.68237
],
[
-73.86602,
40.68192
],
[
-73.86841,
40.69473
],
[
-73.87402,
40.69419
],
[
-73.87951,
40.69115
],
[
-73.88452,
40.68668
],
[
-73.88963,
40.68424
],
[
-73.89015,
40.685
],
[
-73.89258,
40.68349
],
[
-73.89417,
40.68528
],
[
-73.89647,
40.68234
],
[
-73.90116,
40.68788
],
[
-73.90042,
40.68818
],
[
-73.90189,
40.69108
],
[
-73.9014,
40.69159
],
[
-73.9058,
40.69413
],
[
-73.90426,
40.6957
],
[
-73.91181,
40.69995
],
[
-73.91068,
40.70105
],
[
-73.9129,
40.70236
],
[
-73.91181,
40.70343
],
[
-73.92189,
40.7094
],
[
-73.92075,
40.71053
],
[
-73.92223,
40.71286
],
[
-73.92404,
40.71401
],
[
-73.92412,
40.71514
],
[
-73.92057,
40.716
],
[
-73.92224,
40.71638
],
[
-73.9252,
40.72244
],
[
-73.92442,
40.72359
],
[
-73.92037,
40.72368
],
[
-73.9249,
40.72451
],
[
-73.92923,
40.72826
],
[
-73.93804,
40.73051
],
[
-73.94162,
40.73584
],
[
-73.94594,
40.73751
],
[
-73.94146,
40.73925
],
[
-73.93859,
40.74293
],
[
-73.94002,
40.74321
],
[
-73.93965,
40.74273
],
[
-73.94119,
40.74029
],
[
-73.94271,
40.73912
],
[
-73.94715,
40.7379
],
[
-73.9538,
40.73982
],
[
-73.95741,
40.73956
],
[
-73.96073,
40.73808
],
[
-73.96261,
40.7388
],
[
-73.96125,
40.74042
],
[
-73.96194,
40.74079
],
[
-73.96122,
40.74111
],
[
-73.96119,
40.74264
],
[
-73.95977,
40.7435
],
[
-73.96057,
40.74403
],
[
-73.95878,
40.74456
],
[
-73.95967,
40.74517
],
[
-73.95849,
40.74499
],
[
-73.95934,
40.74551
],
[
-73.9585,
40.74576
],
[
-73.95914,
40.746
],
[
-73.95704,
40.74892
],
[
-73.95318,
40.74773
],
[
-73.95632,
40.74908
],
[
-73.9562,
40.74969
],
[
-73.95507,
40.74963
],
[
-73.9545,
40.75123
],
[
-73.9435,
40.7645
],
[
-73.93984,
40.76799
],
[
-73.9349,
40.77004
],
[
-73.93444,
40.77146
],
[
-73.93747,
40.77253
],
[
-73.93781,
40.77356
],
[
-73.93638,
40.77692
],
[
-73.93381,
40.7781
],
[
-73.93179,
40.77787
],
[
-73.92988,
40.77622
],
[
-73.92861,
40.77659
],
[
-73.91717,
40.78419
],
[
-73.9126,
40.78938
],
[
-73.90986,
40.79095
],
[
-73.90033,
40.78901
],
[
-73.89593,
40.78565
],
[
-73.89876,
40.78275
],
[
-73.90115,
40.78271
],
[
-73.90258,
40.78029
],
[
-73.90129,
40.78186
],
[
-73.89865,
40.782
],
[
-73.89438,
40.78424
],
[
-73.89606,
40.78316
],
[
-73.89477,
40.78225
],
[
-73.89536,
40.78166
],
[
-73.8946,
40.78225
],
[
-73.89534,
40.78159
],
[
-73.89416,
40.78247
],
[
-73.89306,
40.78185
],
[
-73.89231,
40.78247
],
[
-73.89275,
40.78297
],
[
-73.89165,
40.78219
],
[
-73.89301,
40.7818
],
[
-73.89167,
40.78085
],
[
-73.89254,
40.77955
],
[
-73.8912,
40.77856
],
[
-73.89252,
40.7774
],
[
-73.89142,
40.77634
],
[
-73.89183,
40.77488
],
[
-73.89112,
40.77712
],
[
-73.89009,
40.77778
],
[
-73.88947,
40.77554
],
[
-73.89019,
40.77365
],
[
-73.88945,
40.77353
],
[
-73.88392,
40.77413
],
[
-73.88484,
40.77495
],
[
-73.88429,
40.77548
],
[
-73.88541,
40.77966
],
[
-73.87871,
40.78059
],
[
-73.87886,
40.7824
],
[
-73.8797,
40.78288
],
[
-73.87883,
40.78243
],
[
-73.87834,
40.78303
],
[
-73.87516,
40.78151
],
[
-73.87125,
40.78604
],
[
-73.86978,
40.78534
],
[
-73.86788,
40.78736
],
[
-73.86987,
40.78509
],
[
-73.86944,
40.78364
],
[
-73.8685,
40.78367
],
[
-73.87232,
40.7811
],
[
-73.87022,
40.78125
],
[
-73.87256,
40.78082
],
[
-73.85505,
40.7722
],
[
-73.85646,
40.77027
],
[
-73.85788,
40.77066
],
[
-73.85625,
40.76889
],
[
-73.85705,
40.76914
],
[
-73.85938,
40.76708
],
[
-73.86275,
40.76676
],
[
-73.85884,
40.76206
],
[
-73.85765,
40.76308
],
[
-73.85834,
40.76356
],
[
-73.85764,
40.7631
],
[
-73.85696,
40.76407
],
[
-73.85758,
40.76307
],
[
-73.85659,
40.76272
],
[
-73.8576,
40.76305
],
[
-73.85818,
40.7624
],
[
-73.85661,
40.76165
],
[
-73.85819,
40.76237
],
[
-73.85859,
40.76192
],
[
-73.85069,
40.75945
],
[
-73.8493,
40.76024
],
[
-73.84987,
40.7611
],
[
-73.85207,
40.76039
],
[
-73.84981,
40.76127
],
[
-73.84859,
40.76018
],
[
-73.84307,
40.76359
],
[
-73.84273,
40.76463
],
[
-73.83958,
40.76525
],
[
-73.83913,
40.76599
],
[
-73.83959,
40.76711
],
[
-73.84031,
40.76629
],
[
-73.84449,
40.76546
],
[
-73.84781,
40.76677
],
[
-73.849,
40.76915
],
[
-73.84867,
40.77076
],
[
-73.84994,
40.77193
],
[
-73.8513,
40.77181
],
[
-73.84995,
40.77196
],
[
-73.84898,
40.77356
],
[
-73.84897,
40.77802
],
[
-73.84993,
40.77877
],
[
-73.84964,
40.77948
],
[
-73.85148,
40.77896
],
[
-73.84982,
40.77963
],
[
-73.85236,
40.77917
],
[
-73.84956,
40.77988
],
[
-73.85167,
40.78004
],
[
-73.84949,
40.78007
],
[
-73.84989,
40.78109
],
[
-73.85094,
40.78112
],
[
-73.84989,
40.78112
],
[
-73.84925,
40.78226
],
[
-73.85528,
40.78198
],
[
-73.85545,
40.78314
],
[
-73.85665,
40.78289
],
[
-73.85808,
40.78372
],
[
-73.85853,
40.78521
],
[
-73.85935,
40.78503
],
[
-73.85814,
40.78704
],
[
-73.85681,
40.78667
],
[
-73.85594,
40.78769
],
[
-73.85284,
40.78821
],
[
-73.8548,
40.78861
],
[
-73.85447,
40.79026
],
[
-73.85265,
40.79112
],
[
-73.85377,
40.79234
],
[
-73.85369,
40.79402
],
[
-73.85263,
40.79494
],
[
-73.84906,
40.79336
],
[
-73.84871,
40.79542
],
[
-73.84624,
40.79616
],
[
-73.84355,
40.79491
],
[
-73.84285,
40.79521
],
[
-73.84328,
40.79617
],
[
-73.84226,
40.79558
],
[
-73.84287,
40.79692
],
[
-73.84142,
40.79515
],
[
-73.8413,
40.79622
],
[
-73.84014,
40.79688
],
[
-73.84042,
40.79768
],
[
-73.8379,
40.79851
],
[
-73.84026,
40.79759
],
[
-73.83997,
40.79691
],
[
-73.8384,
40.79676
],
[
-73.83706,
40.79385
],
[
-73.83659,
40.79208
],
[
-73.83752,
40.79101
],
[
-73.83682,
40.79047
],
[
-73.83748,
40.79043
],
[
-73.83728,
40.78901
],
[
-73.83566,
40.78957
],
[
-73.83293,
40.78852
],
[
-73.83144,
40.78918
],
[
-73.83215,
40.79004
],
[
-73.83137,
40.79137
],
[
-73.82895,
40.79201
],
[
-73.82852,
40.79249
],
[
-73.82923,
40.793
],
[
-73.82791,
40.79289
],
[
-73.82881,
40.79618
],
[
-73.82945,
40.79666
],
[
-73.83003,
40.79614
],
[
-73.82977,
40.79683
],
[
-73.83052,
40.79639
],
[
-73.82742,
40.79675
],
[
-73.82674,
40.7978
],
[
-73.82506,
40.79738
],
[
-73.82399,
40.79801
],
[
-73.82423,
40.7987
],
[
-73.82325,
40.79847
],
[
-73.8205,
40.80101
]
]
]
}
},
{
"type"
:
"Feature",
"properties": {
"Polygon_id"
:
124,
"Area_Name"
:
"SunStrong - NY - South",
"color"
:
"#FFEFD5",
"fill"
:
"#FFEFD5",
"fill-opacity"
:
0.6,
"stroke"
:
"#000000",
"stroke-width"
:
1
},
"geometry": {
"type"
:
"Polygon",
"coordinates": [
[
[
-73.65692,
40.9968
],
[
-73.65915,
40.98861
],
[
-73.65576,
40.98062
],
[
-73.65451,
40.96401
],
[
-73.68919,
40.92447
],
[
-73.7931,
40.88355
],
[
-73.81668,
40.88935
],
[
-73.8223,
40.89133
],
[
-73.82254,
40.88959
],
[
-73.83813,
40.89337
],
[
-73.83969,
40.89735
],
[
-73.83911,
40.89913
],
[
-73.84085,
40.90157
],
[
-73.8414,
40.90388
],
[
-73.84426,
40.90432
],
[
-73.85068,
40.90674
],
[
-73.85317,
40.90757
],
[
-73.85117,
40.91025
],
[
-73.85278,
40.91065
],
[
-73.85948,
40.90073
],
[
-73.91166,
40.91513
],
[
-73.88832,
40.99317
],
[
-73.89656,
40.99525
],
[
-74.69306,
41.35703
],
[
-74.35549,
41.43307
],
[
-74.18675,
41.47096
],
[
-74.10088,
41.49006
],
[
-74.01895,
41.50851
],
[
-73.77339,
41.50986
],
[
-73.64923,
41.51066
],
[
-73.53117,
41.51178
],
[
-73.54997,
41.29605
],
[
-73.48131,
41.21307
],
[
-73.72558,
41.10037
],
[
-73.65287,
41.01266
],
[
-73.65692,
40.9968
]
]
]
}
},
{
"type"
:
"Feature",
"properties": {
"Polygon_id"
:
125,
"Area_Name"
:
"SunStrong - NY - Staten Island",
"color"
:
"#FAEBD7",
"fill"
:
"#FAEBD7",
"fill-opacity"
:
0.6,
"stroke"
:
"#000000",
"stroke-width"
:
1
},
"geometry": {
"type"
:
"Polygon",
"coordinates": [
[
[
-74.18389,
40.64484
],
[
-74.19539,
40.63729
],
[
-74.20226,
40.63064
],
[
-74.20157,
40.61514
],
[
-74.20466,
40.61058
],
[
-74.20294,
40.60458
],
[
-74.19968,
40.59728
],
[
-74.20552,
40.58998
],
[
-74.21547,
40.55791
],
[
-74.22666,
40.55749
],
[
-74.24692,
40.54784
],
[
-74.24417,
40.52096
],
[
-74.25533,
40.51496
],
[
-74.25997,
40.4993
],
[
-74.24623,
40.49186
],
[
-74.11525,
40.52879
],
[
-74.04762,
40.60208
],
[
-74.06959,
40.64977
],
[
-74.08848,
40.64964
],
[
-74.0962,
40.64625
],
[
-74.10959,
40.64638
],
[
-74.12676,
40.6413
],
[
-74.13448,
40.6426
],
[
-74.1465,
40.64091
],
[
-74.15628,
40.64364
],
[
-74.15851,
40.6456
],
[
-74.16401,
40.64417
],
[
-74.17412,
40.64515
],
[
-74.18389,
40.64484
]
]
]
}
},
{
"type"
:
"Feature",
"properties": {
"Polygon_id"
:
126,
"Area_Name"
:
"SunStrong - NY - Suffolk County",
"color"
:
"#FFDBE9",
"fill"
:
"#FFDBE9",
"fill-opacity"
:
0.6,
"stroke"
:
"#000000",
"stroke-width"
:
1
},
"geometry": {
"type"
:
"Polygon",
"coordinates": [
[
[
-73.49689,
40.92567
],
[
-73.49579,
40.92988
],
[
-73.4936,
40.93824
],
[
-73.49276,
40.94144
],
[
-73.49172,
40.94214
],
[
-73.48537,
40.9464
],
[
-73.47837,
40.9423
],
[
-73.47441,
40.94106
],
[
-73.46371,
40.9377
],
[
-73.46071,
40.93734
],
[
-73.45565,
40.93674
],
[
-73.44562,
40.93556
],
[
-73.43796,
40.93465
],
[
-73.43019,
40.92869
],
[
-73.42969,
40.92389
],
[
-73.42968,
40.92384
],
[
-73.42936,
40.92071
],
[
-73.43034,
40.91959
],
[
-73.43413,
40.91523
],
[
-73.43458,
40.91471
],
[
-73.43517,
40.91404
],
[
-73.4365,
40.91143
],
[
-73.43398,
40.90901
],
[
-73.43276,
40.90854
],
[
-73.42684,
40.90623
],
[
-73.42661,
40.90614
],
[
-73.41437,
40.90419
],
[
-73.41346,
40.90405
],
[
-73.4026,
40.90578
],
[
-73.39669,
40.90894
],
[
-73.39241,
40.90715
],
[
-73.38888,
40.90567
],
[
-73.38743,
40.90506
],
[
-73.38653,
40.90469
],
[
-73.38572,
40.90344
],
[
-73.3836,
40.90022
],
[
-73.38197,
40.9002
],
[
-73.38045,
40.90018
],
[
-73.38013,
40.90018
],
[
-73.37924,
40.90227
],
[
-73.37726,
40.9069
],
[
-73.37626,
40.9124
],
[
-73.37389,
40.91286
],
[
-73.36996,
40.9084
],
[
-73.36312,
40.90439
],
[
-73.36239,
40.90396
],
[
-73.36118,
40.9023
],
[
-73.35974,
40.90031
],
[
-73.35964,
40.90017
],
[
-73.35824,
40.89823
],
[
-73.35962,
40.89496
],
[
-73.35789,
40.89336
],
[
-73.35756,
40.89305
],
[
-73.3571,
40.89325
],
[
-73.35358,
40.89484
],
[
-73.35247,
40.89792
],
[
-73.35291,
40.89991
],
[
-73.35343,
40.90226
],
[
-73.35617,
40.90539
],
[
-73.35683,
40.90614
],
[
-73.35817,
40.91138
],
[
-73.35537,
40.91243
],
[
-73.35406,
40.91292
],
[
-73.3519,
40.91844
],
[
-73.3519,
40.91849
],
[
-73.35179,
40.92032
],
[
-73.35166,
40.9227
],
[
-73.35316,
40.9243
],
[
-73.36032,
40.92522
],
[
-73.36426,
40.92875
],
[
-73.37027,
40.93028
],
[
-73.3767,
40.92908
],
[
-73.37735,
40.92562
],
[
-73.37929,
40.92553
],
[
-73.38035,
40.92819
],
[
-73.38061,
40.92827
],
[
-73.38187,
40.92865
],
[
-73.38279,
40.92804
],
[
-73.38529,
40.92638
],
[
-73.38555,
40.92631
],
[
-73.3882,
40.92562
],
[
-73.3885,
40.92424
],
[
-73.38951,
40.92363
],
[
-73.39147,
40.92398
],
[
-73.39316,
40.92594
],
[
-73.39418,
40.92644
],
[
-73.3974,
40.928
],
[
-73.39838,
40.92927
],
[
-73.39894,
40.93001
],
[
-73.4012,
40.93011
],
[
-73.40354,
40.93133
],
[
-73.40352,
40.93473
],
[
-73.40346,
40.9422
],
[
-73.4023,
40.9459
],
[
-73.40196,
40.947
],
[
-73.40229,
40.94763
],
[
-73.40306,
40.94912
],
[
-73.40207,
40.95439
],
[
-73.39924,
40.95568
],
[
-73.39805,
40.95561
],
[
-73.39431,
40.95538
],
[
-73.39286,
40.9553
],
[
-73.39286,
40.9553
],
[
-73.37446,
40.9376
],
[
-73.36596,
40.9317
],
[
-73.35276,
40.9267
],
[
-73.34873,
40.92553
],
[
-73.34613,
40.92478
],
[
-73.34488,
40.92441
],
[
-73.3447,
40.92504
],
[
-73.34421,
40.92672
],
[
-73.34208,
40.92719
],
[
-73.33136,
40.9296
],
[
-73.32728,
40.92902
],
[
-73.32272,
40.92838
],
[
-73.31985,
40.92798
],
[
-73.31219,
40.9269
],
[
-73.31139,
40.92679
],
[
-73.29506,
40.9245
],
[
-73.26744,
40.91472
],
[
-73.25718,
40.91283
],
[
-73.2449,
40.91056
],
[
-73.23774,
40.90924
],
[
-73.23739,
40.90918
],
[
-73.23713,
40.90908
],
[
-73.23256,
40.90745
],
[
-73.22838,
40.90596
],
[
-73.17298,
40.9211
],
[
-73.15448,
40.92789
],
[
-73.14917,
40.92849
],
[
-73.14831,
40.92858
],
[
-73.1474,
40.92868
],
[
-73.14708,
40.92872
],
[
-73.14683,
40.93038
],
[
-73.14642,
40.93315
],
[
-73.14472,
40.94455
],
[
-73.14472,
40.94492
],
[
-73.14467,
40.95584
],
[
-73.14805,
40.95965
],
[
-73.15445,
40.96166
],
[
-73.15876,
40.9664
],
[
-73.15813,
40.96752
],
[
-73.14935,
40.96618
],
[
-73.14829,
40.96602
],
[
-73.13877,
40.9664
],
[
-73.13746,
40.96679
],
[
-73.13028,
40.96893
],
[
-73.12012,
40.9761
],
[
-73.11985,
40.9763
],
[
-73.11843,
40.97729
],
[
-73.11037,
40.97194
],
[
-73.1024,
40.9692
],
[
-73.09541,
40.96905
],
[
-73.09386,
40.96901
],
[
-73.09379,
40.96907
],
[
-73.09298,
40.9698
],
[
-73.0905,
40.97201
],
[
-73.07755,
40.9728
],
[
-73.06223,
40.96726
],
[
-73.05914,
40.96622
],
[
-73.05803,
40.96585
],
[
-73.05688,
40.96546
],
[
-73.05496,
40.96482
],
[
-73.04942,
40.96392
],
[
-73.04765,
40.96363
],
[
-73.04376,
40.96211
],
[
-73.04366,
40.96221
],
[
-73.04319,
40.9626
],
[
-73.04093,
40.9645
],
[
-73.02797,
40.96507
],
[
-73.02086,
40.96539
],
[
-73.00807,
40.96596
],
[
-72.99593,
40.9665
],
[
-72.99536,
40.96649
],
[
-72.99509,
40.96649
],
[
-72.98405,
40.9664
],
[
-72.98018,
40.96636
],
[
-72.97418,
40.96631
],
[
-72.95909,
40.96618
],
[
-72.95618,
40.96615
],
[
-72.95516,
40.96615
],
[
-72.95486,
40.96612
],
[
-72.94271,
40.96504
],
[
-72.93779,
40.9646
],
[
-72.9249,
40.96345
],
[
-72.91401,
40.96248
],
[
-72.91383,
40.96247
],
[
-72.90315,
40.96267
],
[
-72.90291,
40.96268
],
[
-72.89867,
40.96276
],
[
-72.88955,
40.96294
],
[
-72.88825,
40.96296
],
[
-72.87914,
40.9636
],
[
-72.86663,
40.96447
],
[
-72.86573,
40.96453
],
[
-72.86564,
40.96454
],
[
-72.86407,
40.96481
],
[
-72.86374,
40.96486
],
[
-72.86364,
40.96488
],
[
-72.83945,
40.96903
],
[
-72.83313,
40.97012
],
[
-72.83021,
40.96981
],
[
-72.81565,
40.96828
],
[
-72.8015,
40.9668
],
[
-72.80053,
40.9667
],
[
-72.77946,
40.96559
],
[
-72.7741,
40.96531
],
[
-72.74566,
40.96845
],
[
-72.74377,
40.96886
],
[
-72.73377,
40.97108
],
[
-72.72094,
40.97392
],
[
-72.72035,
40.9741
],
[
-72.70926,
40.97749
],
[
-72.70837,
40.97776
],
[
-72.70807,
40.97785
],
[
-72.68576,
40.98029
],
[
-72.67316,
40.97867
],
[
-72.65921,
40.98015
],
[
-72.64845,
40.9813
],
[
-72.64845,
40.9813
],
[
-72.63556,
40.98196
],
[
-72.61983,
40.9864
],
[
-72.61647,
40.98749
],
[
-72.60523,
40.99114
],
[
-72.59168,
40.99553
],
[
-72.58533,
40.99759
],
[
-72.58256,
40.99924
],
[
-72.56617,
41.00905
],
[
-72.56541,
41.00951
],
[
-72.55904,
41.01338
],
[
-72.55819,
41.0139
],
[
-72.55741,
41.01437
],
[
-72.54477,
41.0221
],
[
-72.53578,
41.02812
],
[
-72.52155,
41.03765
],
[
-72.52105,
41.038
],
[
-72.51954,
41.03904
],
[
-72.51798,
41.04012
],
[
-72.51647,
41.04026
],
[
-72.51221,
41.04067
],
[
-72.50964,
41.04091
],
[
-72.49428,
41.04628
],
[
-72.49363,
41.04651
],
[
-72.48966,
41.04911
],
[
-72.48966,
41.04911
],
[
-72.47771,
41.05211
],
[
-72.47731,
41.05221
],
[
-72.47588,
41.05333
],
[
-72.47454,
41.05438
],
[
-72.45925,
41.06636
],
[
-72.44524,
41.08612
],
[
-72.44519,
41.08612
],
[
-72.43944,
41.08651
],
[
-72.4184,
41.08792
],
[
-72.41795,
41.08796
],
[
-72.41299,
41.08993
],
[
-72.41276,
41.09002
],
[
-72.40304,
41.0939
],
[
-72.4028,
41.094
],
[
-72.39935,
41.09537
],
[
-72.397,
41.09631
],
[
-72.39513,
41.09801
],
[
-72.38765,
41.10484
],
[
-72.38612,
41.10624
],
[
-72.38297,
41.11357
],
[
-72.38256,
41.11453
],
[
-72.37551,
41.11883
],
[
-72.37133,
41.11954
],
[
-72.37012,
41.11974
],
[
-72.36229,
41.12597
],
[
-72.36086,
41.12773
],
[
-72.35762,
41.13173
],
[
-72.35609,
41.13364
],
[
-72.35583,
41.13446
],
[
-72.35412,
41.13995
],
[
-72.3464,
41.14101
],
[
-72.3412,
41.14092
],
[
-72.33923,
41.14089
],
[
-72.33902,
41.14078
],
[
-72.33335,
41.13802
],
[
-72.32648,
41.13764
],
[
-72.32164,
41.13872
],
[
-72.31944,
41.14071
],
[
-72.31923,
41.1409
],
[
-72.31669,
41.14321
],
[
-72.31643,
41.14353
],
[
-72.31278,
41.148
],
[
-72.30753,
41.14701
],
[
-72.30276,
41.15023
],
[
-72.29895,
41.1528
],
[
-72.29111,
41.15587
],
[
-72.27879,
41.15872
],
[
-72.273,
41.15501
],
[
-72.26695,
41.15408
],
[
-72.25268,
41.15963
],
[
-72.247,
41.16094
],
[
-72.23967,
41.15946
],
[
-72.23549,
41.16038
],
[
-72.23403,
41.16003
],
[
-72.22299,
41.18583
],
[
-72.1378,
41.19819
],
[
-72.17117,
41.16467
],
[
-72.25182,
41.14196
],
[
-72.25357,
41.13714
],
[
-72.25368,
41.13683
],
[
-72.25474,
41.13399
],
[
-72.2608,
41.12979
],
[
-72.26512,
41.12848
],
[
-72.26513,
41.12848
],
[
-72.26935,
41.12815
],
[
-72.27874,
41.12222
],
[
-72.27976,
41.12179
],
[
-72.28931,
41.11779
],
[
-72.29411,
41.11412
],
[
-72.296,
41.11429
],
[
-72.29623,
41.1151
],
[
-72.29637,
41.11556
],
[
-72.29315,
41.11786
],
[
-72.28567,
41.12524
],
[
-72.28562,
41.12529
],
[
-72.28447,
41.12627
],
[
-72.28521,
41.1273
],
[
-72.28566,
41.12744
],
[
-72.30004,
41.13206
],
[
-72.3054,
41.13694
],
[
-72.30638,
41.13784
],
[
-72.3088,
41.13979
],
[
-72.31284,
41.14033
],
[
-72.31696,
41.13947
],
[
-72.31712,
41.13943
],
[
-72.31715,
41.13936
],
[
-72.31726,
41.13912
],
[
-72.31815,
41.13713
],
[
-72.32643,
41.13228
],
[
-72.32663,
41.13216
],
[
-72.32972,
41.12601
],
[
-72.33527,
41.12027
],
[
-72.33916,
41.11505
],
[
-72.33912,
41.11391
],
[
-72.33902,
41.11081
],
[
-72.339,
41.11024
],
[
-72.33749,
41.10892
],
[
-72.33518,
41.10692
],
[
-72.33191,
41.10631
],
[
-72.32995,
41.10595
],
[
-72.32425,
41.10165
],
[
-72.321,
41.10058
],
[
-72.32045,
41.09431
],
[
-72.31724,
41.08866
],
[
-72.30809,
41.08679
],
[
-72.30181,
41.08237
],
[
-72.29772,
41.08104
],
[
-72.29216,
41.08159
],
[
-72.28037,
41.0804
],
[
-72.27743,
41.07872
],
[
-72.27624,
41.07693
],
[
-72.27873,
41.07213
],
[
-72.2806,
41.0703
],
[
-72.28212,
41.06882
],
[
-72.28309,
41.06787
],
[
-72.28183,
41.06572
],
[
-72.27405,
41.05243
],
[
-72.28089,
41.04773
],
[
-72.27972,
41.0416
],
[
-72.27588,
41.03657
],
[
-72.26673,
41.03564
],
[
-72.26583,
41.03657
],
[
-72.26239,
41.04013
],
[
-72.26052,
41.04207
],
[
-72.26015,
41.04212
],
[
-72.24125,
41.04477
],
[
-72.24124,
41.04477
],
[
-72.22936,
41.04436
],
[
-72.21748,
41.04061
],
[
-72.2096,
41.03475
],
[
-72.20921,
41.03446
],
[
-72.20728,
41.03388
],
[
-72.20186,
41.03228
],
[
-72.20133,
41.03229
],
[
-72.19056,
41.03258
],
[
-72.18794,
41.03367
],
[
-72.1876,
41.03381
],
[
-72.1876,
41.03382
],
[
-72.18718,
41.03399
],
[
-72.18327,
41.03562
],
[
-72.17953,
41.03841
],
[
-72.17949,
41.03844
],
[
-72.17488,
41.04615
],
[
-72.16809,
41.05014
],
[
-72.16793,
41.05023
],
[
-72.1629,
41.05319
],
[
-72.16037,
41.05383
],
[
-72.15386,
41.05186
],
[
-72.13789,
41.12154
],
[
-72.06228,
41.14009
],
[
-72.07574,
41.10787
],
[
-72.06038,
41.10229
],
[
-72.03705,
41.09145
],
[
-72.10326,
41.02046
],
[
-72.13514,
41.03128
],
[
-72.13741,
41.02391
],
[
-72.13671,
41.02336
],
[
-72.12674,
41.01563
],
[
-72.12179,
41.00807
],
[
-72.12167,
41.00789
],
[
-72.11637,
40.9998
],
[
-72.10901,
40.99408
],
[
-72.10216,
40.99151
],
[
-72.09546,
40.99135
],
[
-72.0922,
40.99269
],
[
-72.08304,
40.99645
],
[
-72.07995,
41.00343
],
[
-72.08006,
41.00606
],
[
-72.07749,
41.00822
],
[
-72.06291,
41.01132
],
[
-72.06259,
41.0124
],
[
-72.06193,
41.01463
],
[
-72.06125,
41.01691
],
[
-72.05688,
41.01813
],
[
-72.05668,
41.01819
],
[
-72.056,
41.01936
],
[
-72.05456,
41.02184
],
[
-72.04877,
41.02259
],
[
-72.04206,
41.02067
],
[
-72.03452,
41.01961
],
[
-72.0255,
41.02052
],
[
-72.01693,
41.02352
],
[
-72.01234,
41.02944
],
[
-71.99724,
41.04089
],
[
-71.99264,
41.04715
],
[
-71.98213,
41.04783
],
[
-71.97874,
41.04296
],
[
-71.97223,
41.04084
],
[
-71.96351,
41.04253
],
[
-71.95726,
41.04828
],
[
-71.9578,
41.05271
],
[
-71.95804,
41.0547
],
[
-71.95805,
41.05474
],
[
-71.96117,
41.06298
],
[
-71.96153,
41.06393
],
[
-71.96156,
41.06402
],
[
-71.95998,
41.06981
],
[
-71.95959,
41.07124
],
[
-71.9552,
41.07307
],
[
-71.94586,
41.07371
],
[
-71.93825,
41.07741
],
[
-71.91939,
41.08052
],
[
-71.91937,
41.08052
],
[
-71.90433,
41.08599
],
[
-71.90115,
41.08477
],
[
-71.89926,
41.08084
],
[
-71.8955,
41.07738
],
[
-71.88954,
41.0757
],
[
-71.87979,
41.07675
],
[
-71.86956,
41.07505
],
[
-71.86447,
41.07692
],
[
-71.85749,
41.07356
],
[
-71.85621,
41.0706
],
[
-71.85621,
41.0706
],
[
-71.85978,
41.06645
],
[
-71.86114,
41.06486
],
[
-71.86114,
41.06486
],
[
-71.86529,
41.06206
],
[
-71.86722,
41.05921
],
[
-71.86761,
41.05901
],
[
-71.8707,
41.05745
],
[
-71.8723,
41.05487
],
[
-71.87362,
41.05274
],
[
-71.87391,
41.05228
],
[
-71.87623,
41.05105
],
[
-71.8805,
41.0488
],
[
-71.88761,
41.04745
],
[
-71.89857,
41.0436
],
[
-71.89905,
41.04308
],
[
-71.90142,
41.04055
],
[
-71.90374,
41.04017
],
[
-71.91275,
41.03848
],
[
-71.91346,
41.03835
],
[
-71.91694,
41.03895
],
[
-71.93569,
41.03418
],
[
-71.94429,
41.03141
],
[
-71.94622,
41.03079
],
[
-71.95162,
41.02905
],
[
-71.95882,
41.02673
],
[
-72.01169,
41.00662
],
[
-72.02657,
41.00097
],
[
-72.02936,
40.99991
],
[
-72.0548,
40.99159
],
[
-72.05782,
40.9906
],
[
-72.10282,
40.97589
],
[
-72.10987,
40.97358
],
[
-72.11445,
40.97209
],
[
-72.11976,
40.97014
],
[
-72.12277,
40.96903
],
[
-72.12306,
40.96893
],
[
-72.12429,
40.96847
],
[
-72.1489,
40.95945
],
[
-72.15497,
40.95722
],
[
-72.15909,
40.95571
],
[
-72.18969,
40.94449
],
[
-72.19365,
40.94303
],
[
-72.19487,
40.94259
],
[
-72.22922,
40.92999
],
[
-72.2293,
40.92996
],
[
-72.23605,
40.92748
],
[
-72.24285,
40.92466
],
[
-72.24541,
40.92359
],
[
-72.2587,
40.91806
],
[
-72.25907,
40.91792
],
[
-72.26094,
40.91721
],
[
-72.27432,
40.91211
],
[
-72.28294,
40.90883
],
[
-72.28942,
40.90636
],
[
-72.28972,
40.90625
],
[
-72.29001,
40.90614
],
[
-72.29002,
40.90614
],
[
-72.29771,
40.90321
],
[
-72.3165,
40.89605
],
[
-72.32685,
40.89211
],
[
-72.32806,
40.89165
],
[
-72.32807,
40.89164
],
[
-72.32877,
40.89138
],
[
-72.33898,
40.88749
],
[
-72.34003,
40.88709
],
[
-72.35176,
40.8828
],
[
-72.35256,
40.8825
],
[
-72.38748,
40.86972
],
[
-72.39585,
40.86666
],
[
-72.40556,
40.86353
],
[
-72.40903,
40.86241
],
[
-72.42749,
40.85645
],
[
-72.46781,
40.84345
],
[
-72.47,
40.84274
],
[
-72.4712,
40.84218
],
[
-72.4741,
40.84084
],
[
-72.47603,
40.84043
],
[
-72.48433,
40.83869
],
[
-72.48434,
40.83869
],
[
-72.50662,
40.83233
],
[
-72.54059,
40.82263
],
[
-72.54755,
40.82064
],
[
-72.54869,
40.82032
],
[
-72.56626,
40.8153
],
[
-72.57344,
40.81325
],
[
-72.57431,
40.81301
],
[
-72.59632,
40.80695
],
[
-72.61423,
40.80201
],
[
-72.61767,
40.80106
],
[
-72.6252,
40.79899
],
[
-72.6309,
40.79742
],
[
-72.64544,
40.79341
],
[
-72.66244,
40.78873
],
[
-72.66308,
40.78855
],
[
-72.6782,
40.7846
],
[
-72.68023,
40.78407
],
[
-72.68035,
40.78404
],
[
-72.68259,
40.78345
],
[
-72.68776,
40.7821
],
[
-72.6954,
40.78011
],
[
-72.72815,
40.77155
],
[
-72.74521,
40.76709
],
[
-72.75311,
40.76357
],
[
-72.75718,
40.76437
],
[
-72.76815,
40.76159
],
[
-72.78393,
40.75683
],
[
-72.80783,
40.74963
],
[
-72.86316,
40.73296
],
[
-72.87287,
40.72978
],
[
-72.89338,
40.72306
],
[
-72.90906,
40.71792
],
[
-72.92321,
40.71328
],
[
-72.92324,
40.71327
],
[
-72.92512,
40.71256
],
[
-72.92677,
40.71194
],
[
-72.97667,
40.69316
],
[
-73.00907,
40.68096
],
[
-73.01255,
40.67965
],
[
-73.01868,
40.67773
],
[
-73.02407,
40.67604
],
[
-73.0401,
40.67102
],
[
-73.05496,
40.66637
],
[
-73.08546,
40.65874
],
[
-73.08733,
40.65832
],
[
-73.10278,
40.65488
],
[
-73.13788,
40.64706
],
[
-73.14523,
40.64542
],
[
-73.15212,
40.64389
],
[
-73.15442,
40.64338
],
[
-73.15673,
40.64297
],
[
-73.15814,
40.64272
],
[
-73.16761,
40.64104
],
[
-73.17852,
40.63833
],
[
-73.20072,
40.63281
],
[
-73.20548,
40.63162
],
[
-73.20844,
40.63088
],
[
-73.23914,
40.6251
],
[
-73.26235,
40.62196
],
[
-73.26448,
40.6219
],
[
-73.3064,
40.62076
],
[
-73.30764,
40.62109
],
[
-73.3114,
40.62212
],
[
-73.31683,
40.62613
],
[
-73.32626,
40.6331
],
[
-73.34177,
40.6327
],
[
-73.35147,
40.6305
],
[
-73.39212,
40.61817
],
[
-73.41731,
40.61113
],
[
-73.42402,
40.60958
],
[
-73.42437,
40.62321
],
[
-73.42427,
40.62749
],
[
-73.42535,
40.65182
],
[
-73.42555,
40.65461
],
[
-73.42559,
40.65629
],
[
-73.42388,
40.65597
],
[
-73.42415,
40.65844
],
[
-73.42408,
40.65895
],
[
-73.42474,
40.6662
],
[
-73.4233,
40.66913
],
[
-73.42351,
40.67141
],
[
-73.42367,
40.67228
],
[
-73.42496,
40.67889
],
[
-73.42516,
40.67989
],
[
-73.42603,
40.68444
],
[
-73.42639,
40.68632
],
[
-73.42773,
40.69319
],
[
-73.42801,
40.69461
],
[
-73.42832,
40.69622
],
[
-73.42865,
40.69789
],
[
-73.4292,
40.70082
],
[
-73.43024,
40.70634
],
[
-73.43024,
40.70639
],
[
-73.43029,
40.70662
],
[
-73.43144,
40.71283
],
[
-73.43275,
40.71809
],
[
-73.43259,
40.7189
],
[
-73.4328,
40.72007
],
[
-73.43344,
40.72344
],
[
-73.43347,
40.72361
],
[
-73.43375,
40.72507
],
[
-73.43463,
40.72979
],
[
-73.43558,
40.73463
],
[
-73.43601,
40.73703
],
[
-73.43694,
40.74209
],
[
-73.43699,
40.74233
],
[
-73.43862,
40.75129
],
[
-73.44022,
40.76042
],
[
-73.44097,
40.7644
],
[
-73.4441,
40.78161
],
[
-73.44481,
40.7839
],
[
-73.445,
40.78524
],
[
-73.44511,
40.78556
],
[
-73.44867,
40.80442
],
[
-73.44876,
40.805
],
[
-73.44977,
40.8104
],
[
-73.45162,
40.81973
],
[
-73.45392,
40.83197
],
[
-73.45462,
40.835
],
[
-73.45468,
40.83591
],
[
-73.45549,
40.84017
],
[
-73.45526,
40.84087
],
[
-73.45536,
40.84259
],
[
-73.45661,
40.84511
],
[
-73.45769,
40.84908
],
[
-73.46332,
40.85801
],
[
-73.46404,
40.8595
],
[
-73.46407,
40.85955
],
[
-73.46226,
40.86671
],
[
-73.46253,
40.8673
],
[
-73.46385,
40.86731
],
[
-73.46521,
40.86801
],
[
-73.46464,
40.86823
],
[
-73.46511,
40.87092
],
[
-73.47082,
40.87506
],
[
-73.47105,
40.87573
],
[
-73.47117,
40.87608
],
[
-73.47297,
40.8813
],
[
-73.4731,
40.88825
],
[
-73.47319,
40.89263
],
[
-73.47319,
40.89285
],
[
-73.47425,
40.89516
],
[
-73.47533,
40.89752
],
[
-73.47727,
40.89864
],
[
-73.47937,
40.89985
],
[
-73.48017,
40.90108
],
[
-73.48508,
40.90866
],
[
-73.48683,
40.91542
],
[
-73.48992,
40.91971
],
[
-73.49652,
40.92314
],
[
-73.49689,
40.92567
]
]
]
}
},
{
"type"
:
"Feature",
"properties": {
"Polygon_id"
:
127,
"Area_Name"
:
"SunStrong - NY - West NY City",
"color"
:
"#D1F2EB",
"fill"
:
"#D1F2EB",
"fill-opacity"
:
0.6,
"stroke"
:
"#000000",
"stroke-width"
:
1
},
"geometry": {
"type"
:
"Polygon",
"coordinates": [
[
[
-73.45513,
40.84137
],
[
-73.44105,
40.76249
],
[
-73.42341,
40.66892
],
[
-73.42449,
40.66656
],
[
-73.42423,
40.65611
],
[
-73.42543,
40.65605
],
[
-73.42371,
40.58712
],
[
-73.57563,
40.57565
],
[
-73.72228,
40.57845
],
[
-73.75543,
40.58403
],
[
-73.74878,
40.59181
],
[
-73.7387,
40.59333
],
[
-73.73742,
40.59313
],
[
-73.73829,
40.59391
],
[
-73.73855,
40.59787
],
[
-73.73892,
40.60241
],
[
-73.74307,
40.60709
],
[
-73.74532,
40.6115
],
[
-73.7476,
40.61185
],
[
-73.74987,
40.61117
],
[
-73.75352,
40.61052
],
[
-73.76043,
40.6113
],
[
-73.76678,
40.61501
],
[
-73.76858,
40.62107
],
[
-73.76871,
40.62459
],
[
-73.76695,
40.62655
],
[
-73.75614,
40.63143
],
[
-73.74369,
40.63612
],
[
-73.74193,
40.64133
],
[
-73.74223,
40.64667
],
[
-73.73751,
40.64863
],
[
-73.73039,
40.65064
],
[
-73.72558,
40.65286
],
[
-73.72816,
40.66336
],
[
-73.7279,
40.67392
],
[
-73.72567,
40.67955
],
[
-73.72618,
40.68892
],
[
-73.72768,
40.713
],
[
-73.73026,
40.72207
],
[
-73.72974,
40.7225
],
[
-73.72529,
40.72414
],
[
-73.72067,
40.72539
],
[
-73.71662,
40.72649
],
[
-73.70767,
40.72791
],
[
-73.70026,
40.73918
],
[
-73.7009,
40.74637
],
[
-73.70145,
40.75086
],
[
-73.70226,
40.75295
],
[
-73.70794,
40.7563
],
[
-73.71354,
40.75991
],
[
-73.72491,
40.76696
],
[
-73.73435,
40.77292
],
[
-73.75021,
40.78245
],
[
-73.75279,
40.78674
],
[
-73.75365,
40.79382
],
[
-73.75416,
40.7972
],
[
-73.76279,
40.80457
],
[
-73.76609,
40.81091
],
[
-73.74369,
40.86188
],
[
-73.50886,
40.94181
],
[
-73.46131,
40.85513
],
[
-73.4583,
40.84968
],
[
-73.45513,
40.84137
]
]
]
}
},
{
"type"
:
"Feature",
"properties": {
"Polygon_id"
:
128,
"Area_Name"
:
"SunStrong - OH (OOM)",
"color"
:
"#E1F5FE",
"fill"
:
"#E1F5FE",
"fill-opacity"
:
0.6,
"stroke"
:
"#000000",
"stroke-width"
:
1
},
"geometry": {
"type"
:
"Polygon",
"coordinates": [
[
[
-84.79701,
41.69441
],
[
-83.40792,
41.73119
],
[
-83.10504,
41.95604
],
[
-83.06164,
41.86124
],
[
-82.6722,
41.67411
],
[
-82.38985,
41.67415
],
[
-81.23532,
42.2034
],
[
-80.07162,
42.39018
],
[
-80.51438,
42.23286
],
[
-80.5118,
40.8851
],
[
-80.51151,
40.7239
],
[
-80.5115,
40.63661
],
[
-80.51841,
40.63407
],
[
-80.52385,
40.6341
],
[
-80.54102,
40.62726
],
[
-80.54917,
40.62391
],
[
-80.55686,
40.6186
],
[
-80.56282,
40.6142
],
[
-80.5702,
40.61215
],
[
-80.57914,
40.61619
],
[
-80.5888,
40.62358
],
[
-80.59315,
40.62358
],
[
-80.61354,
40.61863
],
[
-80.62358,
40.61674
],
[
-80.6338,
40.60716
],
[
-80.64779,
40.59361
],
[
-80.65963,
40.58585
],
[
-80.65997,
40.57086
],
[
-80.64315,
40.5573
],
[
-80.62465,
40.53661
],
[
-80.61058,
40.50607
],
[
-80.60822,
40.49661
],
[
-80.60242,
40.48761
],
[
-80.59529,
40.48125
],
[
-80.58774,
40.47012
],
[
-80.59059,
40.45822
],
[
-80.59943,
40.44265
],
[
-80.60639,
40.42557
],
[
-80.60622,
40.40147
],
[
-80.61514,
40.3965
],
[
-80.62951,
40.3884
],
[
-80.60617,
40.37428
],
[
-80.60136,
40.36754
],
[
-80.60531,
40.35145
],
[
-80.60467,
40.34077
],
[
-80.59454,
40.31656
],
[
-80.59626,
40.30858
],
[
-80.61119,
40.28462
],
[
-80.61001,
40.26788
],
[
-80.61731,
40.25897
],
[
-80.63336,
40.25249
],
[
-80.64851,
40.24086
],
[
-80.65478,
40.22946
],
[
-80.66104,
40.20295
],
[
-80.67099,
40.18709
],
[
-80.69342,
40.15861
],
[
-80.69986,
40.1492
],
[
-80.70312,
40.13529
],
[
-80.70364,
40.12436
],
[
-80.70155,
40.11361
],
[
-80.70103,
40.10442
],
[
-80.70352,
40.09772
],
[
-80.71425,
40.09076
],
[
-80.73003,
40.07999
],
[
-80.73338,
40.06922
],
[
-80.72745,
40.05693
],
[
-80.72642,
40.0367
],
[
-80.73449,
40.0179
],
[
-80.73488,
39.99694
],
[
-80.73192,
39.98441
],
[
-80.73434,
39.96615
],
[
-80.75391,
39.95167
],
[
-80.75494,
39.93588
],
[
-80.74739,
39.91245
],
[
-80.75666,
39.90745
],
[
-80.79683,
39.91772
],
[
-80.80198,
39.90455
],
[
-80.7958,
39.89006
],
[
-80.78447,
39.87109
],
[
-80.78722,
39.86345
],
[
-80.79751,
39.85449
],
[
-80.81846,
39.84421
],
[
-80.81672,
39.80012
],
[
-80.85757,
39.77216
],
[
-80.86136,
39.75533
],
[
-80.82394,
39.71177
],
[
-80.82738,
39.70094
],
[
-80.85347,
39.69248
],
[
-80.85999,
39.68165
],
[
-80.86857,
39.62184
],
[
-80.88814,
39.61523
],
[
-80.92076,
39.61549
],
[
-80.97775,
39.57687
],
[
-81.03097,
39.53955
],
[
-81.11771,
39.45671
],
[
-81.13213,
39.44187
],
[
-81.16955,
39.4355
],
[
-81.21041,
39.38861
],
[
-81.23822,
39.38622
],
[
-81.27221,
39.3772
],
[
-81.30688,
39.36393
],
[
-81.35632,
39.34083
],
[
-81.37692,
39.34481
],
[
-81.39168,
39.37083
],
[
-81.41529,
39.40413
],
[
-81.44516,
39.40732
],
[
-81.47366,
39.3967
],
[
-81.497,
39.36725
],
[
-81.55246,
39.33715
],
[
-81.56482,
39.2718
],
[
-81.63279,
39.27658
],
[
-81.67743,
39.27127
],
[
-81.69336,
39.25028
],
[
-81.68374,
39.22848
],
[
-81.72494,
39.21305
],
[
-81.75309,
39.18006
],
[
-81.74005,
39.1039
],
[
-81.75859,
39.08259
],
[
-81.80185,
39.08632
],
[
-81.80737,
39.07173
],
[
-81.79129,
39.0413
],
[
-81.75559,
39.0109
],
[
-81.77275,
38.97354
],
[
-81.77413,
38.95699
],
[
-81.75078,
38.93082
],
[
-81.7652,
38.92174
],
[
-81.80503,
38.94684
],
[
-81.82974,
38.94364
],
[
-81.84828,
38.88915
],
[
-81.88605,
38.87418
],
[
-81.91626,
38.88968
],
[
-81.88468,
38.92495
],
[
-81.90459,
38.96447
],
[
-81.92588,
38.99276
],
[
-81.95952,
38.99436
],
[
-81.97156,
38.99276
],
[
-81.97646,
38.99286
],
[
-81.98033,
38.99482
],
[
-81.99548,
39.02797
],
[
-82.00965,
39.03117
],
[
-82.03574,
39.0253
],
[
-82.04329,
39.0061
],
[
-82.05174,
38.9908
],
[
-82.08642,
38.96972
],
[
-82.11114,
38.91845
],
[
-82.13654,
38.8928
],
[
-82.13826,
38.88264
],
[
-82.14169,
38.83209
],
[
-82.16401,
38.81658
],
[
-82.20692,
38.80267
],
[
-82.21372,
38.77516
],
[
-82.20857,
38.76365
],
[
-82.18969,
38.75187
],
[
-82.17796,
38.70126
],
[
-82.18552,
38.68304
],
[
-82.16629,
38.6144
],
[
-82.19444,
38.59133
],
[
-82.25006,
38.59616
],
[
-82.27075,
38.58555
],
[
-82.28757,
38.57481
],
[
-82.30096,
38.51789
],
[
-82.31599,
38.44901
],
[
-82.32801,
38.43938
],
[
-82.37573,
38.43347
],
[
-82.38998,
38.43481
],
[
-82.48413,
38.41371
],
[
-82.5458,
38.39927
],
[
-82.57743,
38.40998
],
[
-82.58825,
38.42262
],
[
-82.5922,
38.43701
],
[
-82.59593,
38.46113
],
[
-82.60554,
38.47269
],
[
-82.62133,
38.47995
],
[
-82.64142,
38.48895
],
[
-82.64571,
38.49513
],
[
-82.6707,
38.5177
],
[
-82.68289,
38.53637
],
[
-82.70229,
38.54764
],
[
-82.71894,
38.5565
],
[
-82.72992,
38.55704
],
[
-82.77271,
38.55825
],
[
-82.80361,
38.56724
],
[
-82.82506,
38.58106
],
[
-82.83828,
38.59314
],
[
-82.84944,
38.62305
],
[
-82.84772,
38.64612
],
[
-82.85545,
38.66904
],
[
-82.86766,
38.68288
],
[
-82.86937,
38.68814
],
[
-82.86311,
38.72743
],
[
-82.86911,
38.74644
],
[
-82.87821,
38.75233
],
[
-82.89057,
38.7542
],
[
-82.89915,
38.75206
],
[
-82.93095,
38.74139
],
[
-82.95756,
38.72961
],
[
-82.96906,
38.72385
],
[
-83.00966,
38.72653
],
[
-83.02254,
38.72439
],
[
-83.03026,
38.71595
],
[
-83.04172,
38.69755
],
[
-83.04842,
38.69179
],
[
-83.0661,
38.68456
],
[
-83.09442,
38.67571
],
[
-83.10871,
38.66507
],
[
-83.11489,
38.65622
],
[
-83.11919,
38.64228
],
[
-83.12811,
38.62887
],
[
-83.14751,
38.61787
],
[
-83.16897,
38.61693
],
[
-83.19283,
38.61385
],
[
-83.22954,
38.62654
],
[
-83.24666,
38.6245
],
[
-83.27017,
38.60612
],
[
-83.28391,
38.59459
],
[
-83.30399,
38.60076
],
[
-83.31378,
38.62638
],
[
-83.33003,
38.6429
],
[
-83.34942,
38.65148
],
[
-83.38483,
38.66115
],
[
-83.42448,
38.66584
],
[
-83.46573,
38.67471
],
[
-83.49594,
38.69562
],
[
-83.51379,
38.6991
],
[
-83.55431,
38.6932
],
[
-83.62125,
38.67579
],
[
-83.63636,
38.63637
],
[
-83.64872,
38.6243
],
[
-83.69781,
38.63557
],
[
-83.76416,
38.65269
],
[
-83.76999,
38.67789
],
[
-83.81209,
38.70737
],
[
-83.83578,
38.72773
],
[
-83.84505,
38.75103
],
[
-83.90445,
38.76709
],
[
-83.95595,
38.78449
],
[
-84.04755,
38.76824
],
[
-84.15432,
38.79367
],
[
-84.20342,
38.80203
],
[
-84.22436,
38.83653
],
[
-84.22642,
38.89351
],
[
-84.2635,
38.93304
],
[
-84.28684,
38.97576
],
[
-84.31019,
39.02272
],
[
-84.37808,
39.04312
],
[
-84.41378,
39.05006
],
[
-84.42477,
39.06952
],
[
-84.42649,
39.09857
],
[
-84.44056,
39.11508
],
[
-84.46047,
39.12041
],
[
-84.47936,
39.10976
],
[
-84.49155,
39.09683
],
[
-84.50528,
39.09104
],
[
-84.5155,
39.09084
],
[
-84.53396,
39.09796
],
[
-84.54169,
39.09863
],
[
-84.54624,
39.09723
],
[
-84.56131,
39.08308
],
[
-84.606,
39.07264
],
[
-84.61964,
39.07511
],
[
-84.62496,
39.07684
],
[
-84.64429,
39.09095
],
[
-84.67845,
39.10014
],
[
-84.70613,
39.13066
],
[
-84.71695,
39.13852
],
[
-84.74063,
39.14531
],
[
-84.75196,
39.14236
],
[
-84.77788,
39.11532
],
[
-84.80312,
39.108
],
[
-84.80621,
39.10533
],
[
-84.81187,
39.1052
],
[
-84.81204,
39.13983
],
[
-84.81195,
39.21656
],
[
-84.81176,
39.27105
],
[
-84.81094,
39.35743
],
[
-84.80776,
39.46897
],
[
-84.8071,
39.64702
],
[
-84.8064,
39.75451
],
[
-84.80578,
39.852
],
[
-84.80474,
39.93398
],
[
-84.80235,
40.03407
],
[
-84.79997,
40.12992
],
[
-84.79788,
40.21966
],
[
-84.79651,
40.35121
],
[
-84.79573,
40.45257
],
[
-84.79264,
40.6745
],
[
-84.79402,
40.95051
],
[
-84.79676,
41.24563
],
[
-84.79701,
41.69441
]
]
]
}
},
{
"type"
:
"Feature",
"properties": {
"Polygon_id"
:
129,
"Area_Name"
:
"SunStrong - OK (OOM)",
"color"
:
"#FFFACD",
"fill"
:
"#FFFACD",
"fill-opacity"
:
0.6,
"stroke"
:
"#000000",
"stroke-width"
:
1
},
"geometry": {
"type"
:
"Polygon",
"coordinates": [
[
[
-94.62023,
36.99888
],
[
-103.00535,
36.99614
],
[
-103.00535,
36.50291
],
[
-99.99952,
36.50181
],
[
-99.98379,
34.55598
],
[
-99.61574,
34.38842
],
[
-99.29714,
34.42015
],
[
-99.10488,
34.21144
],
[
-98.67092,
34.15691
],
[
-98.33584,
34.15237
],
[
-98.18203,
34.12509
],
[
-97.93225,
33.93617
],
[
-97.63837,
33.98628
],
[
-97.34723,
33.85865
],
[
-97.14399,
33.88146
],
[
-96.97095,
33.94984
],
[
-96.89531,
33.94192
],
[
-96.75249,
33.82791
],
[
-96.59868,
33.86669
],
[
-96.33501,
33.70233
],
[
-95.98894,
33.88037
],
[
-95.58519,
33.91913
],
[
-95.18901,
33.94568
],
[
-94.92259,
33.83852
],
[
-94.68089,
33.68782
],
[
-94.49137,
33.6421
],
[
-94.47489,
33.80886
],
[
-94.4321,
35.3741
],
[
-94.44618,
35.47146
],
[
-94.61476,
36.49194
],
[
-94.62023,
36.99888
]
]
]
}
},
{
"type"
:
"Feature",
"properties": {
"Polygon_id"
:
130,
"Area_Name"
:
"SunStrong - OR (OOM)",
"color"
:
"#FFDAB9",
"fill"
:
"#FFDAB9",
"fill-opacity"
:
0.6,
"stroke"
:
"#000000",
"stroke-width"
:
1
},
"geometry": {
"type"
:
"Polygon",
"coordinates": [
[
[
-124.08972,
46.26246
],
[
-124.00733,
46.17694
],
[
-123.96064,
46.04365
],
[
-124.04029,
45.95971
],
[
-124.01282,
45.85651
],
[
-124.06226,
45.73203
],
[
-124.01282,
45.5746
],
[
-124.03754,
45.42637
],
[
-124.04029,
45.32798
],
[
-124.06226,
45.19458
],
[
-124.09796,
45.02983
],
[
-124.16388,
44.81006
],
[
-124.16938,
44.65592
],
[
-124.16388,
44.49745
],
[
-124.20233,
44.30907
],
[
-124.22431,
44.10629
],
[
-124.24079,
43.97203
],
[
-124.29572,
43.6728
],
[
-124.36988,
43.50968
],
[
-124.4715,
43.38006
],
[
-124.52643,
43.28017
],
[
-124.52368,
43.16208
],
[
-124.57862,
43.0036
],
[
-124.64179,
42.89303
],
[
-124.63629,
42.74597
],
[
-124.5951,
42.66725
],
[
-124.52643,
42.59248
],
[
-124.54291,
42.49333
],
[
-124.52643,
42.2986
],
[
-124.45227,
42.11143
],
[
-124.31494,
41.99314
],
[
-124.22705,
41.99722
],
[
-123.82605,
41.99416
],
[
-123.71619,
41.99722
],
[
-123.65576,
41.99212
],
[
-123.61869,
41.99825
],
[
-123.43192,
42.00029
],
[
-123.35639,
41.99722
],
[
-123.30283,
41.99825
],
[
-123.18335,
42.00437
],
[
-123.13666,
42.00743
],
[
-123.06525,
42.00335
],
[
-123.02268,
42.00029
],
[
-122.94989,
42.00131
],
[
-122.65052,
42.00335
],
[
-122.43869,
42.00743
],
[
-122.33982,
42.00845
],
[
-122.27802,
42.00641
],
[
-122.13108,
42.00641
],
[
-122.05967,
42.00233
],
[
-121.87976,
42.00131
],
[
-121.76303,
41.99927
],
[
-121.61472,
41.99927
],
[
-121.40461,
41.99416
],
[
-121.35517,
41.99722
],
[
-121.32642,
41.99514
],
[
-121.29621,
41.99667
],
[
-121.24403,
41.99565
],
[
-121.21382,
41.99565
],
[
-121.06481,
41.99361
],
[
-120.99958,
41.99208
],
[
-120.88972,
41.99208
],
[
-120.70226,
41.9931
],
[
-120.5361,
41.99157
],
[
-120.35619,
41.99259
],
[
-120.20925,
41.99208
],
[
-120.03278,
41.99412
],
[
-120.0012,
41.99463
],
[
-119.99648,
41.99354
],
[
-119.98661,
41.99475
],
[
-119.81598,
41.99641
],
[
-118.82997,
41.98896
],
[
-117.75469,
41.99952
],
[
-117.02479,
41.99868
],
[
-117.02376,
42.4589
],
[
-117.02462,
42.82892
],
[
-117.02368,
43.18157
],
[
-117.02458,
43.45939
],
[
-117.02503,
43.7493
],
[
-117.01084,
43.8576
],
[
-116.98154,
43.90567
],
[
-116.95774,
43.95766
],
[
-116.93462,
44.02343
],
[
-116.96881,
44.05065
],
[
-116.96729,
44.08378
],
[
-116.93679,
44.09082
],
[
-116.91522,
44.12991
],
[
-116.89551,
44.14895
],
[
-116.90088,
44.17858
],
[
-116.92691,
44.19143
],
[
-116.96942,
44.19048
],
[
-116.96368,
44.24182
],
[
-117.02649,
44.24166
],
[
-117.12226,
44.27493
],
[
-117.15449,
44.25297
],
[
-117.22446,
44.29754
],
[
-117.1831,
44.3375
],
[
-117.23773,
44.39379
],
[
-117.21514,
44.48269
],
[
-117.12052,
44.60536
],
[
-117.04115,
44.75248
],
[
-116.9398,
44.77847
],
[
-116.90438,
44.85121
],
[
-116.83207,
44.91688
],
[
-116.86139,
44.98636
],
[
-116.81292,
45.04362
],
[
-116.72695,
45.14634
],
[
-116.67586,
45.2701
],
[
-116.66708,
45.32789
],
[
-116.58908,
45.43946
],
[
-116.56113,
45.46013
],
[
-116.51122,
45.55008
],
[
-116.46082,
45.61055
],
[
-116.53676,
45.68631
],
[
-116.5358,
45.73514
],
[
-116.60605,
45.77725
],
[
-116.66863,
45.78107
],
[
-116.69443,
45.82127
],
[
-116.76967,
45.81934
],
[
-116.8003,
45.85371
],
[
-116.868,
45.92245
],
[
-116.91353,
45.9964
],
[
-117.22777,
45.99876
],
[
-117.54476,
45.99826
],
[
-117.90896,
46.00104
],
[
-118.24433,
46
],
[
-118.94801,
46.00079
],
[
-118.984,
46.00047
],
[
-119.02121,
45.97216
],
[
-119.05359,
45.95943
],
[
-119.07773,
45.95004
],
[
-119.10152,
45.93946
],
[
-119.12531,
45.93174
],
[
-119.1935,
45.92776
],
[
-119.2602,
45.93938
],
[
-119.32014,
45.93417
],
[
-119.34712,
45.92561
],
[
-119.39194,
45.91896
],
[
-119.43403,
45.91805
],
[
-119.4547,
45.9151
],
[
-119.4685,
45.91072
],
[
-119.51389,
45.90729
],
[
-119.54997,
45.91729
],
[
-119.57385,
45.92562
],
[
-119.60948,
45.91761
],
[
-119.64,
45.88828
],
[
-119.67669,
45.85846
],
[
-119.76816,
45.84443
],
[
-119.78639,
45.84606
],
[
-119.80599,
45.84578
],
[
-119.85734,
45.83799
],
[
-119.90731,
45.82637
],
[
-119.92638,
45.82527
],
[
-119.95377,
45.82376
],
[
-119.99973,
45.8144
],
[
-120.05119,
45.79162
],
[
-120.13295,
45.77542
],
[
-120.1752,
45.75964
],
[
-120.21143,
45.7278
],
[
-120.28723,
45.71858
],
[
-120.37401,
45.7036
],
[
-120.46812,
45.69696
],
[
-120.49183,
45.69652
],
[
-120.52454,
45.71271
],
[
-120.54901,
45.73034
],
[
-120.56467,
45.73963
],
[
-120.58446,
45.74317
],
[
-120.61543,
45.74609
],
[
-120.63366,
45.74516
],
[
-120.6464,
45.74135
],
[
-120.69186,
45.71558
],
[
-120.7711,
45.69133
],
[
-120.81945,
45.67931
],
[
-120.84183,
45.67439
],
[
-120.85461,
45.67042
],
[
-120.89725,
45.6415
],
[
-120.91186,
45.63835
],
[
-120.92509,
45.64528
],
[
-120.93318,
45.65389
],
[
-120.94189,
45.65652
],
[
-120.95267,
45.65675
],
[
-120.96757,
45.6529
],
[
-120.98222,
45.6481
],
[
-121.00655,
45.65386
],
[
-121.03499,
45.65049
],
[
-121.06951,
45.65198
],
[
-121.09854,
45.64002
],
[
-121.11994,
45.62346
],
[
-121.11662,
45.61842
],
[
-121.1292,
45.61171
],
[
-121.14021,
45.61081
],
[
-121.14366,
45.60752
],
[
-121.18094,
45.6059
],
[
-121.19624,
45.61557
],
[
-121.19496,
45.63144
],
[
-121.19987,
45.65019
],
[
-121.21677,
45.67028
],
[
-121.28444,
45.68608
],
[
-121.30989,
45.69923
],
[
-121.33606,
45.7054
],
[
-121.37262,
45.70311
],
[
-121.40188,
45.69333
],
[
-121.4229,
45.69219
],
[
-121.4647,
45.70303
],
[
-121.501,
45.72059
],
[
-121.53194,
45.72691
],
[
-121.57627,
45.71669
],
[
-121.63197,
45.70391
],
[
-121.6672,
45.70508
],
[
-121.70655,
45.69474
],
[
-121.73272,
45.69395
],
[
-121.81185,
45.70665
],
[
-121.86793,
45.69301
],
[
-121.90136,
45.67061
],
[
-121.90112,
45.66159
],
[
-121.90878,
45.6545
],
[
-121.93251,
45.64451
],
[
-121.94984,
45.64533
],
[
-121.96648,
45.63272
],
[
-121.99815,
45.61729
],
[
-122.02565,
45.61389
],
[
-122.04627,
45.60931
],
[
-122.08748,
45.59021
],
[
-122.11908,
45.58071
],
[
-122.141,
45.58443
],
[
-122.1849,
45.57758
],
[
-122.19855,
45.56387
],
[
-122.26016,
45.54415
],
[
-122.28578,
45.54381
],
[
-122.33062,
45.54733
],
[
-122.35332,
45.56947
],
[
-122.36298,
45.57142
],
[
-122.38045,
45.57614
],
[
-122.39072,
45.57438
],
[
-122.41057,
45.56772
],
[
-122.43756,
45.56306
],
[
-122.45446,
45.56792
],
[
-122.47357,
45.57856
],
[
-122.49232,
45.5832
],
[
-122.50925,
45.58621
],
[
-122.55407,
45.59802
],
[
-122.60508,
45.60777
],
[
-122.64544,
45.61008
],
[
-122.68292,
45.61943
],
[
-122.71456,
45.63742
],
[
-122.73487,
45.64245
],
[
-122.76411,
45.65659
],
[
-122.77443,
45.68529
],
[
-122.76002,
45.73517
],
[
-122.7602,
45.74417
],
[
-122.76845,
45.77985
],
[
-122.79558,
45.80965
],
[
-122.79524,
45.82737
],
[
-122.78547,
45.8482
],
[
-122.78445,
45.8676
],
[
-122.79891,
45.88654
],
[
-122.81167,
45.91391
],
[
-122.80563,
45.93183
],
[
-122.81344,
45.96003
],
[
-122.83731,
45.97965
],
[
-122.85606,
46.01335
],
[
-122.87825,
46.03369
],
[
-122.8828,
46.05862
],
[
-122.90358,
46.08416
],
[
-122.96265,
46.10474
],
[
-123.00626,
46.13507
],
[
-123.02111,
46.13836
],
[
-123.03266,
46.14452
],
[
-123.04352,
46.14735
],
[
-123.04918,
46.15344
],
[
-123.10378,
46.17561
],
[
-123.11409,
46.18428
],
[
-123.15432,
46.18869
],
[
-123.1712,
46.1874
],
[
-123.21388,
46.17294
],
[
-123.27865,
46.14472
],
[
-123.37163,
46.14559
],
[
-123.39079,
46.15502
],
[
-123.4109,
46.16906
],
[
-123.42964,
46.18166
],
[
-123.42763,
46.2292
],
[
-123.43459,
46.23623
],
[
-123.45522,
46.25528
],
[
-123.47673,
46.26832
],
[
-123.49984,
46.27043
],
[
-123.54949,
46.25804
],
[
-123.58673,
46.25545
],
[
-123.64594,
46.25879
],
[
-123.68607,
46.25027
],
[
-123.74025,
46.26838
],
[
-123.7827,
46.25332
],
[
-123.81472,
46.25073
],
[
-123.87076,
46.23496
],
[
-123.93093,
46.24033
],
[
-123.96844,
46.26801
],
[
-123.98651,
46.2733
],
[
-124.00379,
46.27358
],
[
-124.01448,
46.29317
],
[
-124.02299,
46.29783
],
[
-124.03288,
46.29917
],
[
-124.04039,
46.2824
],
[
-124.03488,
46.27734
],
[
-124.03487,
46.26373
],
[
-124.08972,
46.26246
]
]
]
}
},
{
"type"
:
"Feature",
"properties": {
"Polygon_id"
:
131,
"Area_Name"
:
"SunStrong - PA - Central (OOM)",
"color"
:
"#D1F2EB",
"fill"
:
"#D1F2EB",
"fill-opacity"
:
0.6,
"stroke"
:
"#000000",
"stroke-width"
:
1
},
"geometry": {
"type"
:
"Polygon",
"coordinates": [
[
[
-77.87759,
40.399
],
[
-77.87913,
40.40974
],
[
-77.91654,
41.99903
],
[
-76.32038,
41.99838
],
[
-76.28789,
40.8009
],
[
-76.37827,
40.83536
],
[
-76.5784,
40.93481
],
[
-76.80279,
40.989
],
[
-77.13789,
40.97655
],
[
-77.47005,
40.91009
],
[
-77.63902,
40.71684
],
[
-77.71712,
40.5889
],
[
-77.87759,
40.399
]
]
]
}
},
{
"type"
:
"Feature",
"properties": {
"Polygon_id"
:
132,
"Area_Name"
:
"SunStrong - PA - East (OOM)",
"color"
:
"#D1F2EB",
"fill"
:
"#D1F2EB",
"fill-opacity"
:
0.6,
"stroke"
:
"#000000",
"stroke-width"
:
1
},
"geometry": {
"type"
:
"Polygon",
"coordinates": [
[
[
-75.10903,
40.93633
],
[
-75.10654,
40.93691
],
[
-75.11032,
40.94651
],
[
-75.11229,
40.94819
],
[
-75.11822,
40.95306
],
[
-75.11899,
40.95986
],
[
-75.12002,
40.96595
],
[
-75.12313,
40.97004
],
[
-75.13146,
40.96894
],
[
-75.13661,
40.97678
],
[
-75.13198,
40.98254
],
[
-75.1318,
40.98773
],
[
-75.13086,
40.99194
],
[
-75.10923,
41.00386
],
[
-75.09069,
41.01105
],
[
-75.0846,
41.0161
],
[
-75.07344,
41.01804
],
[
-75.04966,
41.02886
],
[
-75.03825,
41.03429
],
[
-75.02932,
41.03915
],
[
-75.02623,
41.04096
],
[
-75.0276,
41.04485
],
[
-75.02185,
41.05093
],
[
-75.01653,
41.05941
],
[
-75.01439,
41.06446
],
[
-75.01198,
41.06724
],
[
-75.00718,
41.06731
],
[
-74.9998,
41.07442
],
[
-74.99302,
41.07746
],
[
-74.98555,
41.07876
],
[
-74.97533,
41.08258
],
[
-74.96907,
41.0873
],
[
-74.96709,
41.09118
],
[
-74.96812,
41.09545
],
[
-74.97216,
41.09558
],
[
-74.97757,
41.09293
],
[
-74.98194,
41.08995
],
[
-74.98967,
41.08769
],
[
-74.99216,
41.08976
],
[
-74.99207,
41.09286
],
[
-74.98872,
41.09681
],
[
-74.98469,
41.10418
],
[
-74.98066,
41.11065
],
[
-74.97568,
41.11213
],
[
-74.97018,
41.11375
],
[
-74.96452,
41.1142
],
[
-74.96006,
41.11711
],
[
-74.95147,
41.12145
],
[
-74.94727,
41.12364
],
[
-74.94744,
41.12817
],
[
-74.9428,
41.1294
],
[
-74.93147,
41.13334
],
[
-74.92212,
41.13981
],
[
-74.91474,
41.14705
],
[
-74.90581,
41.15602
],
[
-74.90324,
41.16054
],
[
-74.90075,
41.16617
],
[
-74.89585,
41.16933
],
[
-74.89045,
41.17308
],
[
-74.88418,
41.17915
],
[
-74.87972,
41.18606
],
[
-74.8792,
41.19039
],
[
-74.87311,
41.20072
],
[
-74.85912,
41.22016
],
[
-74.86805,
41.22681
],
[
-74.86702,
41.23223
],
[
-74.86332,
41.23694
],
[
-74.86195,
41.24114
],
[
-74.85955,
41.24617
],
[
-74.85783,
41.24869
],
[
-74.85371,
41.2503
],
[
-74.8477,
41.2523
],
[
-74.84513,
41.25759
],
[
-74.84676,
41.26237
],
[
-74.84084,
41.27185
],
[
-74.83655,
41.27901
],
[
-74.83174,
41.28527
],
[
-74.82822,
41.28901
],
[
-74.82462,
41.29262
],
[
-74.81783,
41.29552
],
[
-74.80796,
41.30255
],
[
-74.80118,
41.3061
],
[
-74.79612,
41.30887
],
[
-74.79226,
41.31113
],
[
-74.79363,
41.31493
],
[
-74.79706,
41.31899
],
[
-74.79466,
41.32131
],
[
-74.79045,
41.32299
],
[
-74.78058,
41.32415
],
[
-74.77389,
41.32441
],
[
-74.76719,
41.32763
],
[
-74.76393,
41.33098
],
[
-74.76162,
41.33736
],
[
-74.75938,
41.3411
],
[
-74.75638,
41.34548
],
[
-74.75278,
41.34625
],
[
-74.74823,
41.34638
],
[
-74.74162,
41.34587
],
[
-74.7302,
41.34529
],
[
-74.71947,
41.34787
],
[
-74.71209,
41.35102
],
[
-74.70883,
41.35244
],
[
-74.6987,
41.35521
],
[
-74.69673,
41.35708
],
[
-74.69278,
41.36004
],
[
-74.68986,
41.36165
],
[
-74.69003,
41.36404
],
[
-74.69141,
41.36764
],
[
-74.69381,
41.36938
],
[
-74.6975,
41.37209
],
[
-74.70093,
41.37338
],
[
-74.70377,
41.37524
],
[
-74.70686,
41.37724
],
[
-74.7096,
41.37962
],
[
-74.71252,
41.38606
],
[
-74.71312,
41.38935
],
[
-74.7157,
41.39205
],
[
-74.7181,
41.39347
],
[
-74.7205,
41.39463
],
[
-74.72368,
41.39476
],
[
-74.729,
41.39495
],
[
-74.73157,
41.39572
],
[
-74.73535,
41.39714
],
[
-74.74033,
41.40338
],
[
-74.74273,
41.40686
],
[
-74.74196,
41.41034
],
[
-74.73664,
41.41911
],
[
-74.73475,
41.4229
],
[
-74.73587,
41.42657
],
[
-74.73861,
41.42979
],
[
-74.74102,
41.43095
],
[
-74.74522,
41.43056
],
[
-74.74823,
41.42895
],
[
-74.75312,
41.42696
],
[
-74.75535,
41.42535
],
[
-74.75784,
41.42393
],
[
-74.76076,
41.42316
],
[
-74.76943,
41.42548
],
[
-74.77638,
41.42593
],
[
-74.78118,
41.42426
],
[
-74.78942,
41.42123
],
[
-74.80151,
41.44596
],
[
-74.88803,
41.44801
],
[
-74.90382,
41.46963
],
[
-74.90726,
41.48146
],
[
-74.95051,
41.48352
],
[
-74.97661,
41.4866
],
[
-74.98077,
41.50188
],
[
-74.98952,
41.51262
],
[
-75.00261,
41.52691
],
[
-75.02226,
41.53597
],
[
-75.01205,
41.54541
],
[
-75.02908,
41.56651
],
[
-75.03947,
41.57177
],
[
-75.04556,
41.5836
],
[
-75.05286,
41.58842
],
[
-75.06247,
41.59445
],
[
-75.07104,
41.60426
],
[
-75.07207,
41.60856
],
[
-75.05971,
41.60901
],
[
-75.04169,
41.61709
],
[
-75.04821,
41.64385
],
[
-75.04692,
41.65366
],
[
-75.04984,
41.66834
],
[
-75.05662,
41.67193
],
[
-75.04898,
41.68104
],
[
-75.05173,
41.69193
],
[
-75.06592,
41.71001
],
[
-75.04532,
41.71104
],
[
-75.05425,
41.76253
],
[
-75.05871,
41.76612
],
[
-75.07725,
41.77355
],
[
-75.0975,
41.7738
],
[
-75.0975,
41.78583
],
[
-75.07999,
41.7971
],
[
-75.07072,
41.79966
],
[
-75.06798,
41.81706
],
[
-75.08892,
41.81476
],
[
-75.10162,
41.82141
],
[
-75.11158,
41.82601
],
[
-75.11158,
41.84776
],
[
-75.13046,
41.84699
],
[
-75.13733,
41.85568
],
[
-75.15518,
41.8498
],
[
-75.16171,
41.85338
],
[
-75.16583,
41.86131
],
[
-75.16583,
41.87179
],
[
-75.17887,
41.87435
],
[
-75.18505,
41.86412
],
[
-75.20256,
41.87281
],
[
-75.21973,
41.86821
],
[
-75.22453,
41.86105
],
[
-75.2338,
41.86387
],
[
-75.23827,
41.86898
],
[
-75.24513,
41.86796
],
[
-75.2544,
41.8631
],
[
-75.26333,
41.86923
],
[
-75.25509,
41.87614
],
[
-75.25921,
41.88534
],
[
-75.26745,
41.8879
],
[
-75.2702,
41.89633
],
[
-75.26436,
41.90629
],
[
-75.26745,
41.91319
],
[
-75.27466,
41.9229
],
[
-75.27775,
41.94008
],
[
-75.28873,
41.9455
],
[
-75.29097,
41.95559
],
[
-75.30298,
41.95533
],
[
-75.30247,
41.94972
],
[
-75.31191,
41.95112
],
[
-75.3186,
41.96223
],
[
-75.32633,
41.96759
],
[
-75.3344,
41.97103
],
[
-75.33869,
41.97218
],
[
-75.34143,
41.97359
],
[
-75.33937,
41.97805
],
[
-75.33543,
41.98609
],
[
-75.33903,
41.99145
],
[
-75.34401,
41.99502
],
[
-75.35156,
41.99757
],
[
-75.3598,
42.00013
],
[
-76.32058,
41.99867
],
[
-76.28794,
40.8009
],
[
-76.18733,
40.76254
],
[
-76.1835,
40.74508
],
[
-75.96878,
40.82813
],
[
-75.67528,
40.91426
],
[
-75.10903,
40.93633
]
]
]
}
},
{
"type"
:
"Feature",
"properties": {
"Polygon_id"
:
133,
"Area_Name"
:
"SunStrong - PA - Harrisburg",
"color"
:
"#F3E5F5",
"fill"
:
"#F3E5F5",
"fill-opacity"
:
0.6,
"stroke"
:
"#000000",
"stroke-width"
:
1
},
"geometry": {
"type"
:
"Polygon",
"coordinates": [
[
[
-76.80278,
40.98899
],
[
-77.13787,
40.97654
],
[
-77.47011,
40.91015
],
[
-77.63903,
40.71683
],
[
-77.71707,
40.58891
],
[
-77.88277,
40.39285
],
[
-77.75093,
40.06994
],
[
-77.52022,
39.70746
],
[
-77.50103,
39.72136
],
[
-76.2482,
39.72242
],
[
-76.17405,
39.90254
],
[
-76.09681,
40.11835
],
[
-76.06248,
40.20965
],
[
-75.97588,
40.33013
],
[
-76.04116,
40.41741
],
[
-76.15995,
40.63975
],
[
-76.18742,
40.7626
],
[
-76.37831,
40.83537
],
[
-76.57881,
40.93504
],
[
-76.80278,
40.98899
]
]
]
}
},
{
"type"
:
"Feature",
"properties": {
"Polygon_id"
:
134,
"Area_Name"
:
"SunStrong - PA - Harrisburg Metro",
"color"
:
"#CCFFCC",
"fill"
:
"#CCFFCC",
"fill-opacity"
:
0.6,
"stroke"
:
"#000000",
"stroke-width"
:
1
},
"geometry": {
"type"
:
"Polygon",
"coordinates": [
[
[
-77.40379,
39.99445
],
[
-77.47109,
39.94408
],
[
-77.61467,
40.19855
],
[
-77.67176,
40.28983
],
[
-77.68516,
40.2763
],
[
-77.70303,
40.26358
],
[
-77.75212,
40.37855
],
[
-77.61132,
40.51502
],
[
-77.49776,
40.60948
],
[
-77.36069,
40.66999
],
[
-77.32305,
40.68308
],
[
-77.28794,
40.6936
],
[
-77.3541,
40.70167
],
[
-77.35663,
40.80733
],
[
-76.94071,
40.88802
],
[
-76.80024,
40.88199
],
[
-76.79871,
40.87837
],
[
-76.79952,
40.87475
],
[
-76.81224,
40.85031
],
[
-76.81273,
40.84746
],
[
-76.81752,
40.84378
],
[
-76.82969,
40.83103
],
[
-76.83634,
40.82576
],
[
-76.8454,
40.81518
],
[
-76.84928,
40.80976
],
[
-76.84966,
40.80821
],
[
-76.84891,
40.80599
],
[
-76.85216,
40.80084
],
[
-76.85609,
40.79121
],
[
-76.85925,
40.77704
],
[
-76.85644,
40.75581
],
[
-76.85752,
40.74961
],
[
-76.85552,
40.73712
],
[
-76.85536,
40.72882
],
[
-76.94737,
40.62952
],
[
-76.94941,
40.62816
],
[
-76.89087,
40.6101
],
[
-76.70162,
40.65808
],
[
-76.15121,
40.31597
],
[
-76.30758,
40.25507
],
[
-76.56634,
40.19664
],
[
-76.72162,
40.12007
],
[
-76.85902,
40.22633
],
[
-76.90587,
40.16572
],
[
-77.02885,
40.14784
],
[
-77.13742,
40.06994
],
[
-77.25521,
40.02076
],
[
-77.40379,
39.99445
]
]
]
}
},
{
"type"
:
"Feature",
"properties": {
"Polygon_id"
:
135,
"Area_Name"
:
"SunStrong - PA - Indiana (OOM)",
"color"
:
"#DCEDC8",
"fill"
:
"#DCEDC8",
"fill-opacity"
:
0.6,
"stroke"
:
"#000000",
"stroke-width"
:
1
},
"geometry": {
"type"
:
"Polygon",
"coordinates": [
[
[
-78.86011,
40.60466
],
[
-78.92275,
40.48377
],
[
-78.97465,
40.39597
],
[
-79.05848,
40.38087
],
[
-79.19272,
40.41486
],
[
-79.19923,
40.41078
],
[
-79.20651,
40.41503
],
[
-79.21478,
40.42446
],
[
-79.2332,
40.43074
],
[
-79.24017,
40.42999
],
[
-79.24757,
40.43208
],
[
-79.2506,
40.42873
],
[
-79.45401,
40.48551
],
[
-79.45018,
40.53015
],
[
-79.56111,
40.56411
],
[
-79.63814,
40.6656
],
[
-79.69293,
40.66974
],
[
-80.14845,
40.67429
],
[
-80.15853,
40.85516
],
[
-80.16529,
41.00047
],
[
-80.09686,
41.0698
],
[
-79.99978,
41.17186
],
[
-79.69498,
41.17287
],
[
-79.60416,
41.32148
],
[
-79.47814,
41.33571
],
[
-79.47782,
41.38648
],
[
-79.40027,
41.43615
],
[
-79.2072,
41.43092
],
[
-79.20888,
41.33186
],
[
-79.0951,
41.34066
],
[
-78.97448,
41.37548
],
[
-78.73528,
41.26292
],
[
-78.71025,
41.20186
],
[
-78.80453,
41.13219
],
[
-78.80517,
40.90598
],
[
-78.80636,
40.84504
],
[
-78.8017,
40.72454
],
[
-78.84666,
40.63564
],
[
-78.86011,
40.60466
]
]
]
}
},
{
"type"
:
"Feature",
"properties": {
"Polygon_id"
:
136,
"Area_Name"
:
"SunStrong - PA - Lehigh Valley",
"color"
:
"#FFF9C4",
"fill"
:
"#FFF9C4",
"fill-opacity"
:
0.6,
"stroke"
:
"#000000",
"stroke-width"
:
1
},
"geometry": {
"type"
:
"Polygon",
"coordinates": [
[
[
-75.69678,
40.24186
],
[
-75.72986,
40.22449
],
[
-75.87338,
40.13711
],
[
-76.15199,
40.31654
],
[
-76.70162,
40.65808
],
[
-76.30717,
40.80181
],
[
-76.28461,
40.88359
],
[
-76.20783,
40.94974
],
[
-76.02815,
40.90199
],
[
-75.99735,
40.91299
],
[
-75.75781,
40.73541
],
[
-75.60899,
40.78739
],
[
-75.47419,
40.81475
],
[
-75.30059,
40.85956
],
[
-75.12044,
40.9683
],
[
-75.12032,
40.96263
],
[
-75.11776,
40.95302
],
[
-75.05254,
40.87205
],
[
-75.05103,
40.86566
],
[
-75.05329,
40.8599
],
[
-75.1085,
40.79109
],
[
-75.1344,
40.77376
],
[
-75.14938,
40.77479
],
[
-75.16365,
40.77839
],
[
-75.17159,
40.77775
],
[
-75.19653,
40.75163
],
[
-75.20392,
40.6915
],
[
-75.20071,
40.61836
],
[
-75.1968,
40.60858
],
[
-75.33351,
40.53706
],
[
-75.40973,
40.48798
],
[
-75.48406,
40.41845
],
[
-75.52969,
40.447
],
[
-75.69678,
40.24186
]
]
]
}
},
{
"type"
:
"Feature",
"properties": {
"Polygon_id"
:
137,
"Area_Name"
:
"SunStrong - PA - Philadelphia",
"color"
:
"#FFD8B1",
"fill"
:
"#FFD8B1",
"fill-opacity"
:
0.6,
"stroke"
:
"#000000",
"stroke-width"
:
1
},
"geometry": {
"type"
:
"Polygon",
"coordinates": [
[
[
-76.21879,
39.72406
],
[
-75.76904,
39.723
],
[
-75.75462,
39.75257
],
[
-75.72441,
39.7816
],
[
-75.69488,
39.80481
],
[
-75.65574,
39.82433
],
[
-75.60562,
39.83698
],
[
-75.56373,
39.84015
],
[
-75.53009,
39.83909
],
[
-75.47515,
39.83065
],
[
-75.44494,
39.81958
],
[
-75.40649,
39.80165
],
[
-75.34359,
39.84291
],
[
-75.31131,
39.85345
],
[
-75.23784,
39.85503
],
[
-75.17261,
39.88401
],
[
-75.13485,
39.88612
],
[
-75.1218,
39.90772
],
[
-75.1321,
39.93563
],
[
-75.13004,
39.95564
],
[
-75.10257,
39.97195
],
[
-75.05932,
39.98247
],
[
-75.04352,
40.01246
],
[
-75.00438,
40.02192
],
[
-74.94808,
40.06503
],
[
-74.87616,
40.08135
],
[
-74.86061,
40.08529
],
[
-74.85226,
40.09612
],
[
-74.83772,
40.10328
],
[
-74.82652,
40.12179
],
[
-74.81649,
40.12992
],
[
-74.78449,
40.11969
],
[
-74.76074,
40.13334
],
[
-74.74233,
40.13491
],
[
-74.71707,
40.15013
],
[
-74.72179,
40.16164
],
[
-74.72858,
40.17211
],
[
-74.75287,
40.18624
],
[
-74.76135,
40.20131
],
[
-74.77188,
40.21585
],
[
-74.78997,
40.22699
],
[
-74.81653,
40.23806
],
[
-74.83667,
40.24726
],
[
-74.85103,
40.26954
],
[
-74.86334,
40.29182
],
[
-74.87742,
40.30367
],
[
-74.89717,
40.31588
],
[
-74.91185,
40.3191
],
[
-74.94116,
40.34191
],
[
-74.95261,
40.37456
],
[
-74.96005,
40.38878
],
[
-74.9648,
40.39746
],
[
-74.97367,
40.40248
],
[
-74.98924,
40.40988
],
[
-74.99779,
40.41057
],
[
-75.00566,
40.40813
],
[
-75.02826,
40.4043
],
[
-75.04606,
40.41418
],
[
-75.05307,
40.41599
],
[
-75.05778,
40.41885
],
[
-75.0609,
40.42453
],
[
-75.06162,
40.43021
],
[
-75.06906,
40.45785
],
[
-75.06231,
40.48224
],
[
-75.06414,
40.50323
],
[
-75.06746,
40.54193
],
[
-75.09481,
40.56313
],
[
-75.09877,
40.56742
],
[
-75.10565,
40.57067
],
[
-75.12473,
40.57507
],
[
-75.13763,
40.57589
],
[
-75.14528,
40.57368
],
[
-75.15155,
40.56964
],
[
-75.15807,
40.56541
],
[
-75.16632,
40.56469
],
[
-75.17671,
40.56614
],
[
-75.18564,
40.57025
],
[
-75.19226,
40.57574
],
[
-75.19406,
40.57897
],
[
-75.19381,
40.5822
],
[
-75.18944,
40.58775
],
[
-75.18888,
40.59124
],
[
-75.19039,
40.59474
],
[
-75.19126,
40.6027
],
[
-75.19625,
40.6104
],
[
-75.20003,
40.61849
],
[
-75.1889,
40.62094
],
[
-75.18893,
40.62932
],
[
-75.19034,
40.63795
],
[
-75.19436,
40.64363
],
[
-75.19964,
40.64809
],
[
-75.19446,
40.65723
],
[
-75.18689,
40.66427
],
[
-75.17972,
40.66906
],
[
-75.17673,
40.67282
],
[
-75.17666,
40.67723
],
[
-75.17945,
40.67955
],
[
-75.18259,
40.68045
],
[
-75.1894,
40.67986
],
[
-75.19312,
40.68057
],
[
-75.19858,
40.68428
],
[
-75.20249,
40.69006
],
[
-75.19795,
40.70204
],
[
-75.19443,
40.71338
],
[
-75.18576,
40.72003
],
[
-75.18146,
40.73204
],
[
-75.1938,
40.74875
],
[
-75.19366,
40.75332
],
[
-75.18975,
40.75685
],
[
-75.1785,
40.76104
],
[
-75.16664,
40.77905
],
[
-75.15038,
40.77502
],
[
-75.13412,
40.77282
],
[
-75.12453,
40.78523
],
[
-75.11596,
40.78936
],
[
-75.10911,
40.79011
],
[
-75.10097,
40.79768
],
[
-75.09866,
40.80993
],
[
-75.08927,
40.81709
],
[
-75.08262,
40.82555
],
[
-75.08522,
40.83056
],
[
-75.0916,
40.83453
],
[
-75.09729,
40.84097
],
[
-75.09268,
40.84844
],
[
-75.07492,
40.84955
],
[
-75.07085,
40.8481
],
[
-75.06472,
40.84755
],
[
-75.0611,
40.85227
],
[
-75.05559,
40.85544
],
[
-75.04989,
40.86762
],
[
-75.05167,
40.87244
],
[
-75.05411,
40.87462
],
[
-75.05689,
40.87674
],
[
-75.06164,
40.88324
],
[
-75.06657,
40.88662
],
[
-75.07433,
40.89292
],
[
-75.07598,
40.90483
],
[
-75.07929,
40.91423
],
[
-75.09519,
40.92424
],
[
-75.10134,
40.93074
],
[
-75.10852,
40.93646
],
[
-75.67546,
40.91417
],
[
-75.96888,
40.82803
],
[
-76.26459,
40.71373
],
[
-76.40099,
40.14936
],
[
-76.21879,
39.72406
]
]
]
}
},
{
"type"
:
"Feature",
"properties": {
"Polygon_id"
:
138,
"Area_Name"
:
"SunStrong - PA - Philadelphia Metro",
"color"
:
"#FFDBE9",
"fill"
:
"#FFDBE9",
"fill-opacity"
:
0.6,
"stroke"
:
"#000000",
"stroke-width"
:
1
},
"geometry": {
"type"
:
"Polygon",
"coordinates": [
[
[
-75.23503,
39.85661
],
[
-75.27116,
39.84944
],
[
-75.3065,
39.84981
],
[
-75.37464,
39.82577
],
[
-75.41504,
39.80179
],
[
-75.42804,
39.80921
],
[
-75.45374,
39.82031
],
[
-75.49884,
39.83331
],
[
-75.53935,
39.83821
],
[
-75.57985,
39.83853
],
[
-75.59576,
39.83716
],
[
-75.63471,
39.83016
],
[
-75.66282,
39.82115
],
[
-75.68599,
39.81105
],
[
-75.71697,
39.792
],
[
-75.73971,
39.77262
],
[
-75.78836,
39.72181
],
[
-76.13558,
39.72156
],
[
-76.06669,
39.75997
],
[
-75.99164,
39.86871
],
[
-75.98506,
39.93787
],
[
-75.943,
40.10927
],
[
-75.87338,
40.13711
],
[
-75.72986,
40.22449
],
[
-75.69596,
40.24236
],
[
-75.52969,
40.447
],
[
-75.48406,
40.41845
],
[
-75.40973,
40.48798
],
[
-75.33351,
40.53706
],
[
-75.1968,
40.60858
],
[
-75.19016,
40.58932
],
[
-75.14737,
40.57315
],
[
-75.13539,
40.57562
],
[
-75.11729,
40.57321
],
[
-75.10033,
40.56781
],
[
-75.06861,
40.54222
],
[
-75.06509,
40.52615
],
[
-75.07057,
40.45517
],
[
-75.06149,
40.42285
],
[
-75.05885,
40.41807
],
[
-75.03555,
40.40631
],
[
-75.02478,
40.40346
],
[
-74.99688,
40.41126
],
[
-74.96704,
40.39825
],
[
-74.95437,
40.3753
],
[
-74.94139,
40.33932
],
[
-74.86049,
40.28458
],
[
-74.77071,
40.21491
],
[
-74.7223,
40.16061
],
[
-74.7216,
40.15381
],
[
-74.7243,
40.14701
],
[
-74.74061,
40.13521
],
[
-74.83801,
40.10091
],
[
-74.97471,
40.04871
],
[
-75.07202,
39.98061
],
[
-75.13322,
39.92251
],
[
-75.18495,
39.88161
],
[
-75.21043,
39.86591
],
[
-75.23503,
39.85661
]
]
]
}
},
{
"type"
:
"Feature",
"properties": {
"Polygon_id"
:
139,
"Area_Name"
:
"SunStrong - PA - Pittsburgh (OOM)",
"color"
:
"#F0F8FF",
"fill"
:
"#F0F8FF",
"fill-opacity"
:
0.6,
"stroke"
:
"#000000",
"stroke-width"
:
1
},
"geometry": {
"type"
:
"Polygon",
"coordinates": [
[
[
-80.51783,
40.49489
],
[
-80.52057,
39.72186
],
[
-78.80121,
39.72186
],
[
-78.8122,
40.35899
],
[
-79.12806,
40.6951
],
[
-79.68287,
41.23433
],
[
-80.52332,
41.23227
],
[
-80.51783,
40.49489
]
]
]
}
},
{
"type"
:
"Feature",
"properties": {
"Polygon_id"
:
140,
"Area_Name"
:
"SunStrong - PA - Pittsburgh Metro (OOM)",
"color"
:
"#FAEBD7",
"fill"
:
"#FAEBD7",
"fill-opacity"
:
0.6,
"stroke"
:
"#000000",
"stroke-width"
:
1
},
"geometry": {
"type"
:
"Polygon",
"coordinates": [
[
[
-80.51922,
39.9622
],
[
-80.51799,
40.39887
],
[
-80.51906,
40.51792
],
[
-80.51904,
40.85134
],
[
-80.15853,
40.85516
],
[
-80.14845,
40.67429
],
[
-79.69293,
40.66974
],
[
-79.63814,
40.6656
],
[
-79.56111,
40.56411
],
[
-79.45018,
40.53015
],
[
-79.45401,
40.48551
],
[
-79.2506,
40.42873
],
[
-79.24757,
40.43208
],
[
-79.24017,
40.42999
],
[
-79.2332,
40.43074
],
[
-79.21478,
40.42446
],
[
-79.20651,
40.41503
],
[
-79.19923,
40.41078
],
[
-79.19272,
40.41486
],
[
-79.05848,
40.38087
],
[
-78.97465,
40.39597
],
[
-79.05598,
40.28509
],
[
-79.05665,
40.2786
],
[
-79.05938,
40.27577
],
[
-79.06796,
40.27247
],
[
-79.07352,
40.26673
],
[
-79.07664,
40.26031
],
[
-79.07957,
40.25793
],
[
-79.07808,
40.25484
],
[
-79.07925,
40.25117
],
[
-79.08247,
40.25007
],
[
-79.08673,
40.24534
],
[
-79.08617,
40.24267
],
[
-79.08866,
40.24126
],
[
-79.18522,
40.10985
],
[
-79.29368,
40.04041
],
[
-79.45701,
40.13511
],
[
-79.4794,
40.1428
],
[
-79.50519,
40.14057
],
[
-79.54035,
40.11404
],
[
-79.57897,
40.1055
],
[
-79.5926,
40.09201
],
[
-79.6411,
40.08832
],
[
-79.72224,
40.12114
],
[
-79.87739,
40.12679
],
[
-79.87705,
40.03683
],
[
-79.99801,
39.98332
],
[
-80.15734,
39.99958
],
[
-80.3795,
39.99412
],
[
-80.51922,
39.9622
]
]
]
}
},
{
"type"
:
"Feature",
"properties": {
"Polygon_id"
:
141,
"Area_Name"
:
"SunStrong - PA - Scranton",
"color"
:
"#D0F0C0",
"fill"
:
"#D0F0C0",
"fill-opacity"
:
0.6,
"stroke"
:
"#000000",
"stroke-width"
:
1
},
"geometry": {
"type"
:
"Polygon",
"coordinates": [
[
[
-76.88096,
41.15804
],
[
-76.78866,
41.17576
],
[
-76.73267,
41.17204
],
[
-76.67878,
41.15417
],
[
-76.59261,
41.15777
],
[
-76.40793,
41.30842
],
[
-76.31013,
41.3102
],
[
-76.2831,
41.37652
],
[
-76.00507,
41.38455
],
[
-75.8347,
41.42725
],
[
-75.83263,
41.39993
],
[
-75.79529,
41.37813
],
[
-75.76786,
41.36584
],
[
-75.74154,
41.34818
],
[
-75.68724,
41.33922
],
[
-75.64926,
41.19095
],
[
-75.60074,
41.1615
],
[
-75.50561,
41.23254
],
[
-75.35918,
41.23921
],
[
-75.12972,
41.2521
],
[
-75.15651,
41.15034
],
[
-74.98067,
41.07818
],
[
-75.03698,
41.0347
],
[
-75.06928,
41.01935
],
[
-75.09138,
41.01228
],
[
-75.10911,
41.0041
],
[
-75.13057,
40.99109
],
[
-75.13553,
40.97381
],
[
-75.13136,
40.96928
],
[
-75.12056,
40.96831
],
[
-75.30059,
40.85956
],
[
-75.47419,
40.81475
],
[
-75.60899,
40.78739
],
[
-75.75781,
40.73541
],
[
-75.99735,
40.91299
],
[
-76.02815,
40.90199
],
[
-76.20783,
40.94974
],
[
-76.28461,
40.88359
],
[
-76.30717,
40.80181
],
[
-76.70162,
40.65808
],
[
-76.89087,
40.6101
],
[
-76.94941,
40.62816
],
[
-76.94737,
40.62952
],
[
-76.85536,
40.72882
],
[
-76.85552,
40.73712
],
[
-76.85752,
40.74961
],
[
-76.85644,
40.75581
],
[
-76.85925,
40.77704
],
[
-76.85609,
40.79121
],
[
-76.85216,
40.80084
],
[
-76.84891,
40.80599
],
[
-76.84966,
40.80821
],
[
-76.84928,
40.80976
],
[
-76.84063,
40.82132
],
[
-76.83634,
40.82576
],
[
-76.82969,
40.83103
],
[
-76.81752,
40.84378
],
[
-76.81273,
40.84746
],
[
-76.81224,
40.85031
],
[
-76.79952,
40.87475
],
[
-76.79871,
40.87837
],
[
-76.80024,
40.88199
],
[
-76.88228,
40.97133
],
[
-76.89611,
41.13907
],
[
-76.88814,
41.15381
],
[
-76.88096,
41.15804
]
]
]
}
},
{
"type"
:
"Feature",
"properties": {
"Polygon_id"
:
142,
"Area_Name"
:
"SunStrong - PA - West (OOM)",
"color"
:
"#FFFACD",
"fill"
:
"#FFFACD",
"fill-opacity"
:
0.6,
"stroke"
:
"#000000",
"stroke-width"
:
1
},
"geometry": {
"type"
:
"Polygon",
"coordinates": [
[
[
-77.87911,
40.40969
],
[
-77.91716,
41.99735
],
[
-79.76272,
41.99944
],
[
-79.76409,
42.51476
],
[
-80.07868,
42.39414
],
[
-80.51968,
42.32361
],
[
-80.51917,
41.23301
],
[
-80.51917,
41.23227
],
[
-79.68275,
41.2344
],
[
-78.81193,
40.35885
],
[
-78.80123,
39.72288
],
[
-77.52813,
39.72006
],
[
-77.75121,
40.07018
],
[
-77.88261,
40.39342
],
[
-77.87756,
40.39891
],
[
-77.87911,
40.40969
]
]
]
}
},
{
"type"
:
"Feature",
"properties": {
"Polygon_id"
:
143,
"Area_Name"
:
"SunStrong - PA - York",
"color"
:
"#FFF8DC",
"fill"
:
"#FFF8DC",
"fill-opacity"
:
0.6,
"stroke"
:
"#000000",
"stroke-width"
:
1
},
"geometry": {
"type"
:
"Polygon",
"coordinates": [
[
[
-77.13742,
40.06994
],
[
-77.02885,
40.14784
],
[
-76.90587,
40.16572
],
[
-76.85902,
40.22633
],
[
-76.72162,
40.12007
],
[
-76.56634,
40.19664
],
[
-76.30758,
40.25507
],
[
-76.15121,
40.31597
],
[
-75.87338,
40.13711
],
[
-75.943,
40.10927
],
[
-75.98506,
39.93787
],
[
-75.99164,
39.86871
],
[
-76.06669,
39.75997
],
[
-76.13558,
39.72156
],
[
-77.45943,
39.72002
],
[
-77.47109,
39.94408
],
[
-77.40379,
39.99445
],
[
-77.25521,
40.02076
],
[
-77.13742,
40.06994
]
]
]
}
},
{
"type"
:
"Feature",
"properties": {
"Polygon_id"
:
144,
"Area_Name"
:
"SunStrong - PR - Culebra (OOM)",
"color"
:
"#FFD1DC",
"fill"
:
"#FFD1DC",
"fill-opacity"
:
0.6,
"stroke"
:
"#000000",
"stroke-width"
:
1
},
"geometry": {
"type"
:
"Polygon",
"coordinates": [
[
[
-65.37893,
18.35305
],
[
-65.36245,
18.27483
],
[
-65.22787,
18.28526
],
[
-65.21139,
18.34523
],
[
-65.37893,
18.35305
]
]
]
}
},
{
"type"
:
"Feature",
"properties": {
"Polygon_id"
:
145,
"Area_Name"
:
"SunStrong - PR - East",
"color"
:
"#FADADD",
"fill"
:
"#FADADD",
"fill-opacity"
:
0.6,
"stroke"
:
"#000000",
"stroke-width"
:
1
},
"geometry": {
"type"
:
"Polygon",
"coordinates": [
[
[
-66.01577,
18.03549
],
[
-65.96221,
17.99631
],
[
-65.90041,
17.98064
],
[
-65.80565,
18.01851
],
[
-65.55571,
18.24169
],
[
-65.55228,
18.35773
],
[
-65.61751,
18.41637
],
[
-66.13799,
18.50625
],
[
-66.14912,
18.47043
],
[
-66.15351,
18.37402
],
[
-66.1612,
18.30298
],
[
-66.1428,
18.16733
],
[
-66.01577,
18.03549
]
]
]
}
},
{
"type"
:
"Feature",
"properties": {
"Polygon_id"
:
146,
"Area_Name"
:
"SunStrong - PR - Northeast Corridor",
"color"
:
"#D0F0C0",
"fill"
:
"#D0F0C0",
"fill-opacity"
:
0.6,
"stroke"
:
"#000000",
"stroke-width"
:
1
},
"geometry": {
"type"
:
"Polygon",
"coordinates": [
[
[
-65.60002,
18.21285
],
[
-65.63951,
18.22917
],
[
-65.62874,
18.20512
],
[
-65.66104,
18.20683
],
[
-65.65745,
18.2223
],
[
-65.76513,
18.27985
],
[
-65.81179,
18.29016
],
[
-65.82256,
18.27298
],
[
-65.83692,
18.27556
],
[
-65.85128,
18.25494
],
[
-65.91947,
18.2704
],
[
-65.90153,
18.32023
],
[
-65.91947,
18.4027
],
[
-65.93024,
18.42847
],
[
-65.96613,
18.43277
],
[
-65.99126,
18.45768
],
[
-65.90511,
18.45081
],
[
-65.82974,
18.42332
],
[
-65.79385,
18.42246
],
[
-65.75077,
18.38466
],
[
-65.66822,
18.36318
],
[
-65.62515,
18.38724
],
[
-65.63233,
18.34772
],
[
-65.62156,
18.28844
],
[
-65.5749,
18.24979
],
[
-65.60002,
18.21285
]
]
]
}
},
{
"type"
:
"Feature",
"properties": {
"Polygon_id"
:
147,
"Area_Name"
:
"SunStrong - PR - Northwest",
"color"
:
"#D0F0C0",
"fill"
:
"#D0F0C0",
"fill-opacity"
:
0.6,
"stroke"
:
"#000000",
"stroke-width"
:
1
},
"geometry": {
"type"
:
"Polygon",
"coordinates": [
[
[
-66.14811,
18.46829
],
[
-66.18879,
18.47904
],
[
-66.27686,
18.48506
],
[
-66.4032,
18.49695
],
[
-66.45779,
18.49271
],
[
-66.4686,
18.4932
],
[
-66.48628,
18.48978
],
[
-66.49761,
18.49678
],
[
-67.12426,
18.53813
],
[
-67.20022,
18.4766
],
[
-67.2818,
18.36116
],
[
-67.25764,
18.3089
],
[
-67.25202,
18.2827
],
[
-67.15792,
18.26588
],
[
-67.12254,
18.26138
],
[
-67.10639,
18.26079
],
[
-67.08366,
18.26758
],
[
-67.06461,
18.26155
],
[
-67.03929,
18.25429
],
[
-67.02066,
18.24916
],
[
-67.01015,
18.23926
],
[
-67.00135,
18.23913
],
[
-66.99698,
18.23644
],
[
-66.99165,
18.23954
],
[
-66.98925,
18.24182
],
[
-66.49693,
18.27443
],
[
-66.48345,
18.25951
],
[
-66.35397,
18.2382
],
[
-66.09198,
18.22862
],
[
-66.06769,
18.30091
],
[
-66.07992,
18.29794
],
[
-66.08803,
18.35624
],
[
-66.10605,
18.38279
],
[
-66.10983,
18.43931
],
[
-66.14811,
18.46829
]
]
]
}
},
{
"type"
:
"Feature",
"properties": {
"Polygon_id"
:
148,
"Area_Name"
:
"SunStrong - PR - San Juan Metro",
"color"
:
"#E6E6FA",
"fill"
:
"#E6E6FA",
"fill-opacity"
:
0.6,
"stroke"
:
"#000000",
"stroke-width"
:
1
},
"geometry": {
"type"
:
"Polygon",
"coordinates": [
[
[
-65.96972,
18.30992
],
[
-66.01997,
18.30477
],
[
-66.04151,
18.3125
],
[
-66.06663,
18.30305
],
[
-66.08099,
18.29703
],
[
-66.08817,
18.35717
],
[
-66.10611,
18.38294
],
[
-66.1097,
18.43878
],
[
-66.12765,
18.47228
],
[
-66.03792,
18.44995
],
[
-65.99126,
18.45768
],
[
-65.96613,
18.43277
],
[
-65.93024,
18.42847
],
[
-65.91947,
18.4027
],
[
-65.90153,
18.32023
],
[
-65.91947,
18.2704
],
[
-65.94101,
18.2936
],
[
-65.96972,
18.30992
]
]
]
}
},
{
"type"
:
"Feature",
"properties": {
"Polygon_id"
:
149,
"Area_Name"
:
"SunStrong - PR - Southeast Interior",
"color"
:
"#FFEFD5",
"fill"
:
"#FFEFD5",
"fill-opacity"
:
0.6,
"stroke"
:
"#000000",
"stroke-width"
:
1
},
"geometry": {
"type"
:
"Polygon",
"coordinates": [
[
[
-65.95178,
18.02299
],
[
-65.98767,
18.05907
],
[
-66.0092,
18.0754
],
[
-66.01279,
18.09601
],
[
-66.05228,
18.10976
],
[
-66.05228,
18.1132
],
[
-66.06663,
18.14842
],
[
-66.09535,
18.16903
],
[
-66.11688,
18.21027
],
[
-66.09176,
18.22745
],
[
-66.06663,
18.30305
],
[
-66.04151,
18.3125
],
[
-66.01997,
18.30477
],
[
-65.96972,
18.30992
],
[
-65.94101,
18.2936
],
[
-65.91947,
18.2704
],
[
-65.85128,
18.25494
],
[
-65.83692,
18.27556
],
[
-65.82256,
18.27298
],
[
-65.81179,
18.29016
],
[
-65.76513,
18.27985
],
[
-65.65745,
18.2223
],
[
-65.66104,
18.20683
],
[
-65.68976,
18.17934
],
[
-65.71847,
18.19051
],
[
-65.74001,
18.17333
],
[
-65.7759,
18.12952
],
[
-65.79744,
18.06938
],
[
-65.82974,
18.05306
],
[
-65.85128,
18.01183
],
[
-65.91229,
17.9809
],
[
-65.9446,
17.99293
],
[
-65.95178,
18.02299
]
]
]
}
},
{
"type"
:
"Feature",
"properties": {
"Polygon_id"
:
150,
"Area_Name"
:
"SunStrong - PR - Southwest",
"color"
:
"#D0F0C0",
"fill"
:
"#D0F0C0",
"fill-opacity"
:
0.6,
"stroke"
:
"#000000",
"stroke-width"
:
1
},
"geometry": {
"type"
:
"Polygon",
"coordinates": [
[
[
-67.1942,
18.27027
],
[
-67.08253,
18.26709
],
[
-67.02258,
18.2492
],
[
-66.99558,
18.23783
],
[
-66.98554,
18.24182
],
[
-66.84916,
18.24973
],
[
-66.49862,
18.27744
],
[
-66.48326,
18.26068
],
[
-66.35391,
18.2413
],
[
-66.09179,
18.22897
],
[
-66.11565,
18.21125
],
[
-66.09522,
18.16841
],
[
-66.06638,
18.14709
],
[
-66.05127,
18.11033
],
[
-66.01282,
18.09587
],
[
-66.00905,
18.07394
],
[
-65.9869,
18.05907
],
[
-65.95171,
18.02329
],
[
-65.94424,
17.99312
],
[
-65.8942,
17.97927
],
[
-66.16139,
17.91707
],
[
-66.38425,
17.93171
],
[
-66.49176,
17.96724
],
[
-66.92366,
17.92151
],
[
-67.2402,
17.93
],
[
-67.1942,
18.27027
]
]
]
}
},
{
"type"
:
"Feature",
"properties": {
"Polygon_id"
:
151,
"Area_Name"
:
"SunStrong - PR - Vieques (OOM)",
"color"
:
"#E1BEE7",
"fill"
:
"#E1BEE7",
"fill-opacity"
:
0.6,
"stroke"
:
"#000000",
"stroke-width"
:
1
},
"geometry": {
"type"
:
"Polygon",
"coordinates": [
[
[
-65.59041,
18.11827
],
[
-65.44759,
18.17047
],
[
-65.26632,
18.16004
],
[
-65.25533,
18.12088
],
[
-65.55746,
18.06606
],
[
-65.59041,
18.11827
]
]
]
}
},
{
"type"
:
"Feature",
"properties": {
"Polygon_id"
:
152,
"Area_Name"
:
"SunStrong - RI",
"color"
:
"#F4C2C2",
"fill"
:
"#F4C2C2",
"fill-opacity"
:
0.6,
"stroke"
:
"#000000",
"stroke-width"
:
1
},
"geometry": {
"type"
:
"Polygon",
"coordinates": [
[
[
-71.79775,
42.00894
],
[
-71.79701,
41.41699
],
[
-71.8159,
41.41969
],
[
-71.83306,
41.41197
],
[
-71.8401,
41.41248
],
[
-71.84388,
41.40785
],
[
-71.84268,
41.39394
],
[
-71.831,
41.3696
],
[
-71.83718,
41.36419
],
[
-71.83547,
41.35594
],
[
-71.82757,
41.34744
],
[
-71.83032,
41.33816
],
[
-71.86019,
41.32114
],
[
-71.86431,
41.30722
],
[
-71.8595,
41.30361
],
[
-71.48081,
41.358
],
[
-71.16839,
41.45843
],
[
-71.12444,
41.49495
],
[
-71.13148,
41.59491
],
[
-71.14058,
41.62045
],
[
-71.13492,
41.62943
],
[
-71.13234,
41.66086
],
[
-71.17566,
41.66846
],
[
-71.17573,
41.67118
],
[
-71.19543,
41.67535
],
[
-71.26272,
41.75467
],
[
-71.32795,
41.78156
],
[
-71.34443,
41.82327
],
[
-71.33173,
41.86598
],
[
-71.33825,
41.89743
],
[
-71.33899,
41.89851
],
[
-71.35912,
41.89626
],
[
-71.38154,
41.8937
],
[
-71.38105,
41.90275
],
[
-71.38036,
41.92817
],
[
-71.38139,
41.95881
],
[
-71.38208,
42.01904
],
[
-71.79775,
42.00894
]
]
]
}
},
{
"type"
:
"Feature",
"properties": {
"Polygon_id"
:
153,
"Area_Name"
:
"SunStrong - SC (OOM)",
"color"
:
"#F4C2C2",
"fill"
:
"#F4C2C2",
"fill-opacity"
:
0.6,
"stroke"
:
"#000000",
"stroke-width"
:
1
},
"geometry": {
"type"
:
"Polygon",
"coordinates": [
[
[
-78.46207,
33.78873
],
[
-80.58243,
31.89668
],
[
-81.09879,
32.11096
],
[
-81.59317,
33.10121
],
[
-83.35099,
34.74206
],
[
-83.05436,
35.03045
],
[
-82.30729,
35.23709
],
[
-81.0109,
35.17426
],
[
-80.71427,
34.85934
],
[
-79.61564,
34.82327
],
[
-78.46207,
33.78873
]
]
]
}
},
{
"type"
:
"Feature",
"properties": {
"Polygon_id"
:
154,
"Area_Name"
:
"SunStrong - TN (OOM)",
"color"
:
"#FFEFD5",
"fill"
:
"#FFEFD5",
"fill-opacity"
:
0.6,
"stroke"
:
"#000000",
"stroke-width"
:
1
},
"geometry": {
"type"
:
"Polygon",
"coordinates": [
[
[
-83.47743,
36.59724
],
[
-83.2763,
36.59824
],
[
-83.2612,
36.59386
],
[
-83.07128,
36.59395
],
[
-82.56412,
36.59474
],
[
-82.56207,
36.5948
],
[
-82.5613,
36.59465
],
[
-82.56091,
36.59474
],
[
-82.50901,
36.59543
],
[
-82.49045,
36.59565
],
[
-82.48746,
36.5958
],
[
-82.47974,
36.59565
],
[
-82.47401,
36.59504
],
[
-82.46549,
36.59444
],
[
-82.45451,
36.59465
],
[
-82.31204,
36.59558
],
[
-82.21096,
36.59583
],
[
-82.21061,
36.59585
],
[
-82.20935,
36.59564
],
[
-81.93405,
36.59421
],
[
-81.92267,
36.6162
],
[
-81.74164,
36.61253
],
[
-81.71004,
36.61229
],
[
-81.69294,
36.6121
],
[
-81.69279,
36.61195
],
[
-81.68655,
36.61219
],
[
-81.67739,
36.61205
],
[
-81.6469,
36.61192
],
[
-81.67742,
36.58816
],
[
-81.68027,
36.58613
],
[
-81.67769,
36.57351
],
[
-81.6801,
36.56903
],
[
-81.69048,
36.5691
],
[
-81.69323,
36.566
],
[
-81.68971,
36.56069
],
[
-81.70283,
36.53736
],
[
-81.70884,
36.53626
],
[
-81.71055,
36.53033
],
[
-81.70712,
36.52026
],
[
-81.69905,
36.50467
],
[
-81.6997,
36.46545
],
[
-81.71824,
36.45979
],
[
-81.72364,
36.42619
],
[
-81.74252,
36.41596
],
[
-81.74664,
36.41182
],
[
-81.73153,
36.37175
],
[
-81.71643,
36.33995
],
[
-81.74458,
36.34382
],
[
-81.78543,
36.35212
],
[
-81.7923,
36.36318
],
[
-81.79539,
36.36677
],
[
-81.85782,
36.33735
],
[
-81.88872,
36.31163
],
[
-81.91035,
36.30582
],
[
-81.9409,
36.25711
],
[
-82.03209,
36.12374
],
[
-82.03286,
36.12235
],
[
-82.05218,
36.1281
],
[
-82.05561,
36.12706
],
[
-82.06179,
36.11951
],
[
-82.06857,
36.1132
],
[
-82.07321,
36.10987
],
[
-82.09436,
36.10732
],
[
-82.13161,
36.11134
],
[
-82.14448,
36.1503
],
[
-82.14895,
36.15418
],
[
-82.17916,
36.14642
],
[
-82.21496,
36.16078
],
[
-82.24586,
36.13389
],
[
-82.25444,
36.13666
],
[
-82.26629,
36.13042
],
[
-82.28826,
36.13652
],
[
-82.31296,
36.12864
],
[
-82.33836,
36.11796
],
[
-82.35313,
36.11782
],
[
-82.35862,
36.11657
],
[
-82.37373,
36.10853
],
[
-82.38111,
36.1052
],
[
-82.4129,
36.08365
],
[
-82.46405,
36.00898
],
[
-82.55449,
35.96404
],
[
-82.56582,
35.96154
],
[
-82.60324,
35.9721
],
[
-82.60084,
35.98627
],
[
-82.60256,
36.01376
],
[
-82.58539,
36.03292
],
[
-82.60771,
36.04903
],
[
-82.6156,
36.05402
],
[
-82.63117,
36.06962
],
[
-82.6552,
36.06212
],
[
-82.70498,
36.03603
],
[
-82.74584,
36.01382
],
[
-82.78944,
35.99493
],
[
-82.7915,
35.98715
],
[
-82.78477,
35.97004
],
[
-82.81636,
35.93057
],
[
-82.86374,
35.95559
],
[
-82.92004,
35.93001
],
[
-82.90906,
35.87551
],
[
-82.92691,
35.84546
],
[
-82.97429,
35.79312
],
[
-83.00175,
35.77864
],
[
-83.06424,
35.79145
],
[
-83.09514,
35.79312
],
[
-83.15419,
35.76917
],
[
-83.19333,
35.73088
],
[
-83.24551,
35.72475
],
[
-83.26405,
35.6952
],
[
-83.29907,
35.66062
],
[
-83.33752,
35.66898
],
[
-83.49614,
35.5741
],
[
-83.66805,
35.57001
],
[
-83.69431,
35.56917
],
[
-83.71423,
35.5675
],
[
-83.73689,
35.56596
],
[
-83.77431,
35.56093
],
[
-83.78323,
35.55255
],
[
-83.81825,
35.53467
],
[
-83.84538,
35.52294
],
[
-83.87284,
35.52238
],
[
-83.88657,
35.51511
],
[
-83.89241,
35.51064
],
[
-83.91988,
35.47626
],
[
-83.93807,
35.47221
],
[
-83.94854,
35.4655
],
[
-83.96073,
35.46606
],
[
-83.96674,
35.45809
],
[
-83.97258,
35.45809
],
[
-83.97653,
35.4504
],
[
-83.98356,
35.44816
],
[
-83.98648,
35.44145
],
[
-83.99455,
35.44131
],
[
-84.00416,
35.42326
],
[
-84.02116,
35.41419
],
[
-84.02493,
35.41097
],
[
-84.01704,
35.3883
],
[
-84.01392,
35.36626
],
[
-84.02164,
35.35898
],
[
-84.03315,
35.35296
],
[
-84.04036,
35.35016
],
[
-84.03709,
35.33389
],
[
-84.03741,
35.31052
],
[
-84.02883,
35.30099
],
[
-84.04633,
35.28012
],
[
-84.06316,
35.27031
],
[
-84.1059,
35.2511
],
[
-84.11723,
35.25251
],
[
-84.12375,
35.25194
],
[
-84.12959,
35.24606
],
[
-84.13405,
35.2469
],
[
-84.1756,
35.24718
],
[
-84.18178,
35.24578
],
[
-84.19517,
35.24886
],
[
-84.21267,
35.27129
],
[
-84.22847,
35.27101
],
[
-84.29198,
35.22755
],
[
-84.29525,
35.18694
],
[
-84.30977,
35.08086
],
[
-84.3219,
34.98838
],
[
-84.3735,
34.9882
],
[
-84.37495,
34.98797
],
[
-84.39019,
34.98801
],
[
-84.42119,
34.98804
],
[
-84.45853,
34.98813
],
[
-84.50345,
34.98806
],
[
-84.5568,
34.9883
],
[
-84.61533,
34.98823
],
[
-84.62254,
34.9883
],
[
-84.62494,
34.98796
],
[
-84.66294,
34.98807
],
[
-85.02386,
34.98719
],
[
-85.16317,
34.98609
],
[
-85.26379,
34.9852
],
[
-85.33632,
34.98394
],
[
-85.3609,
34.98354
],
[
-85.36283,
34.98335
],
[
-85.36495,
34.98338
],
[
-85.36669,
34.98327
],
[
-85.48679,
34.98307
],
[
-86.66407,
34.99153
],
[
-88.20157,
35.00766
],
[
-88.20054,
34.99613
],
[
-89.02687,
34.99483
],
[
-89.9892,
34.99508
],
[
-90.30847,
34.99566
],
[
-90.30618,
35.02231
],
[
-90.29451,
35.03918
],
[
-90.25296,
35.03552
],
[
-90.21073,
35.02681
],
[
-90.19117,
35.04424
],
[
-90.17606,
35.10886
],
[
-90.14516,
35.13273
],
[
-90.09572,
35.117
],
[
-90.07302,
35.12837
],
[
-90.06358,
35.13764
],
[
-90.06806,
35.15498
],
[
-90.09827,
35.16368
],
[
-90.06806,
35.21279
],
[
-90.09577,
35.2588
],
[
-90.10745,
35.29355
],
[
-90.10058,
35.32717
],
[
-90.07449,
35.39269
],
[
-89.99044,
35.4821
],
[
-89.95198,
35.50782
],
[
-89.90117,
35.55252
],
[
-89.92452,
35.67756
],
[
-89.75317,
35.79202
],
[
-89.70236,
35.81652
],
[
-89.7518,
35.86662
],
[
-89.75043,
35.89555
],
[
-89.65704,
35.88665
],
[
-89.70648,
36.00116
],
[
-89.65053,
36.08906
],
[
-89.59559,
36.1534
],
[
-89.6725,
36.23098
],
[
-89.57637,
36.25092
],
[
-89.60933,
36.32177
],
[
-89.52418,
36.33726
],
[
-89.52418,
36.42571
],
[
-89.5282,
36.46277
],
[
-89.5536,
36.54252
],
[
-89.51994,
36.56972
],
[
-89.47806,
36.53552
],
[
-89.49385,
36.47205
],
[
-89.47875,
36.45217
],
[
-89.44098,
36.45383
],
[
-89.41489,
36.49082
],
[
-89.40733,
36.49634
],
[
-89.33723,
36.50237
],
[
-89.30212,
36.50615
],
[
-89.12131,
36.50354
],
[
-89.05003,
36.50298
],
[
-88.89485,
36.50227
],
[
-88.85854,
36.50258
],
[
-88.78855,
36.50263
],
[
-88.71521,
36.50242
],
[
-88.71277,
36.50218
],
[
-88.70143,
36.50055
],
[
-88.69697,
36.50231
],
[
-88.66013,
36.50215
],
[
-88.65859,
36.5024
],
[
-88.64826,
36.5023
],
[
-88.57796,
36.5021
],
[
-88.54333,
36.50187
],
[
-88.54194,
36.50196
],
[
-88.53877,
36.50196
],
[
-88.51541,
36.50157
],
[
-88.46351,
36.50089
],
[
-88.45706,
36.50087
],
[
-88.45056,
36.50118
],
[
-88.44993,
36.50123
],
[
-88.44805,
36.50099
],
[
-88.43594,
36.50086
],
[
-88.43005,
36.5009
],
[
-88.42851,
36.50076
],
[
-88.42778,
36.50077
],
[
-88.42607,
36.50084
],
[
-88.39371,
36.50066
],
[
-88.37559,
36.50058
],
[
-88.32876,
36.5005
],
[
-88.13959,
36.4981
],
[
-88.11564,
36.49789
],
[
-88.05257,
36.49617
],
[
-88.04395,
36.5041
],
[
-88.03639,
36.51321
],
[
-88.03141,
36.53432
],
[
-88.03691,
36.57113
],
[
-88.06574,
36.6737
],
[
-88.06724,
36.67705
],
[
-87.85208,
36.66283
],
[
-87.85045,
36.66283
],
[
-87.85277,
36.63921
],
[
-87.85363,
36.63208
],
[
-87.84359,
36.63256
],
[
-87.73136,
36.63614
],
[
-87.6499,
36.63717
],
[
-87.43844,
36.64029
],
[
-87.34697,
36.64124
],
[
-87.19243,
36.64161
],
[
-87.1404,
36.64168
],
[
-86.64074,
36.65102
],
[
-86.59073,
36.65188
],
[
-86.56376,
36.63352
],
[
-86.55676,
36.63586
],
[
-86.507,
36.65175
],
[
-86.47636,
36.65162
],
[
-86.37346,
36.64914
],
[
-85.50013,
36.61432
],
[
-85.49824,
36.61473
],
[
-85.49112,
36.61473
],
[
-85.36948,
36.62117
],
[
-85.35339,
36.62186
],
[
-85.33405,
36.62235
],
[
-85.32469,
36.62372
],
[
-85.29766,
36.62365
],
[
-85.29105,
36.62572
],
[
-85.27757,
36.62627
],
[
-85.09221,
36.62185
],
[
-84.98462,
36.61608
],
[
-84.87294,
36.60719
],
[
-84.82563,
36.60424
],
[
-84.80074,
36.60362
],
[
-84.56313,
36.59686
],
[
-84.54303,
36.59608
],
[
-84.53157,
36.59615
],
[
-84.5156,
36.59628
],
[
-84.40352,
36.59481
],
[
-84.31752,
36.59274
],
[
-84.26845,
36.59153
],
[
-84.2129,
36.59159
],
[
-83.95801,
36.58791
],
[
-83.7085,
36.58227
],
[
-83.69099,
36.58214
],
[
-83.68619,
36.58675
],
[
-83.67409,
36.59943
],
[
-83.67374,
36.60019
],
[
-83.67361,
36.60064
],
[
-83.62526,
36.59836
],
[
-83.62191,
36.59767
],
[
-83.56801,
36.59733
],
[
-83.47743,
36.59724
]
]
]
}
},
{
"type"
:
"Feature",
"properties": {
"Polygon_id"
:
155,
"Area_Name"
:
"SunStrong - TX - Austin",
"color"
:
"#FFFFE0",
"fill"
:
"#FFFFE0",
"fill-opacity"
:
0.6,
"stroke"
:
"#000000",
"stroke-width"
:
1
},
"geometry": {
"type"
:
"Polygon",
"coordinates": [
[
[
-98.19144,
29.6405
],
[
-97.92777,
29.5354
],
[
-97.55835,
29.55571
],
[
-97.12851,
30.0122
],
[
-97.06672,
30.55179
],
[
-97.57895,
30.89297
],
[
-98.24088,
30.77151
],
[
-98.43863,
30.7426
],
[
-98.55399,
30.59081
],
[
-98.50455,
30.10016
],
[
-98.19144,
29.6405
]
]
]
}
},
{
"type"
:
"Feature",
"properties": {
"Polygon_id"
:
156,
"Area_Name"
:
"SunStrong - TX - Central TX East (OOM)",
"color"
:
"#DCD0FF",
"fill"
:
"#DCD0FF",
"fill-opacity"
:
0.6,
"stroke"
:
"#000000",
"stroke-width"
:
1
},
"geometry": {
"type"
:
"Polygon",
"coordinates": [
[
[
-97.57939,
30.89093
],
[
-97.06441,
30.55093
],
[
-97.12464,
30.00774
],
[
-97.36359,
29.76008
],
[
-96.05897,
29.772
],
[
-96.03974,
30.10996
],
[
-95.46982,
30.33898
],
[
-95.09416,
30.35725
],
[
-94.69921,
30.08154
],
[
-94.56239,
29.83894
],
[
-94.43811,
29.50053
],
[
-93.83534,
29.67539
],
[
-93.93147,
29.80775
],
[
-93.70351,
30.09332
],
[
-93.70291,
30.15176
],
[
-93.7084,
30.25501
],
[
-93.76196,
30.35105
],
[
-93.6933,
30.45765
],
[
-93.7345,
30.54758
],
[
-93.67956,
30.59724
],
[
-93.61914,
30.69412
],
[
-93.52576,
30.94179
],
[
-93.5285,
31.15592
],
[
-93.6878,
31.3203
],
[
-93.63562,
31.3766
],
[
-93.71252,
31.46098
],
[
-93.71527,
31.51485
],
[
-93.78943,
31.70432
],
[
-93.93774,
31.94701
],
[
-94.04761,
32.03088
],
[
-94.04062,
33.44341
],
[
-94.02963,
33.56021
],
[
-94.07357,
33.58081
],
[
-94.38669,
33.58081
],
[
-94.46084,
33.64257
],
[
-94.59094,
33.69537
],
[
-94.76947,
33.75933
],
[
-94.92053,
33.82324
],
[
-94.96722,
33.8643
],
[
-95.06884,
33.9213
],
[
-95.21441,
33.96915
],
[
-95.27484,
33.90534
],
[
-95.43139,
33.86886
],
[
-95.57147,
33.93953
],
[
-95.68957,
33.89623
],
[
-95.74725,
33.89623
],
[
-95.81042,
33.85062
],
[
-95.93127,
33.88939
],
[
-96.15374,
33.83465
],
[
-96.19494,
33.75476
],
[
-96.28833,
33.77303
],
[
-96.34326,
33.68851
],
[
-96.4339,
33.78444
],
[
-96.51355,
33.78216
],
[
-96.53003,
33.83237
],
[
-96.6289,
33.85062
],
[
-96.57946,
33.89395
],
[
-96.66736,
33.92358
],
[
-96.71679,
33.82096
],
[
-96.81292,
33.88027
],
[
-96.85138,
33.84834
],
[
-96.9118,
33.96004
],
[
-96.98424,
33.95064
],
[
-97.00536,
33.86616
],
[
-97.0814,
33.85233
],
[
-97.14114,
33.72393
],
[
-97.20065,
33.79298
],
[
-97.16403,
33.86882
],
[
-97.19607,
33.91383
],
[
-97.23635,
33.91095
],
[
-97.32309,
33.88982
],
[
-97.41807,
33.82078
],
[
-97.45286,
33.82789
],
[
-97.45744,
33.90341
],
[
-97.57325,
33.89969
],
[
-97.59064,
33.95992
],
[
-97.66984,
33.98938
],
[
-97.85065,
33.85088
],
[
-97.93533,
33.87877
],
[
-97.90418,
33.36754
],
[
-97.8913,
33.16674
],
[
-97.16243,
33.62736
],
[
-97.00639,
33.63575
],
[
-96.84829,
33.64358
],
[
-96.63234,
33.65351
],
[
-96.52453,
33.54184
],
[
-96.16336,
33.17565
],
[
-96.16757,
33.07131
],
[
-96.16971,
32.96454
],
[
-96.17332,
32.7304
],
[
-96.56369,
32.29278
],
[
-97.37739,
32.17222
],
[
-97.77431,
32.43738
],
[
-97.57939,
30.89093
]
]
]
}
},
{
"type"
:
"Feature",
"properties": {
"Polygon_id"
:
157,
"Area_Name"
:
"SunStrong - TX - Central TX West (OOM)",
"color"
:
"#D0F0C0",
"fill"
:
"#D0F0C0",
"fill-opacity"
:
0.6,
"stroke"
:
"#000000",
"stroke-width"
:
1
},
"geometry": {
"type"
:
"Polygon",
"coordinates": [
[
[
-103.05113,
32.01956
],
[
-102.41667,
29.80712
],
[
-102.29582,
29.87383
],
[
-102.09807,
29.75944
],
[
-99.06075,
29.80031
],
[
-98.8987,
29.97414
],
[
-98.4977,
30.0859
],
[
-98.55263,
30.59081
],
[
-98.41685,
30.7708
],
[
-98.43475,
30.74452
],
[
-98.33042,
30.75837
],
[
-98.20553,
30.77779
],
[
-97.99558,
30.81782
],
[
-97.57979,
30.89311
],
[
-97.77861,
32.43597
],
[
-97.89244,
33.1699
],
[
-97.93546,
33.87755
],
[
-97.9849,
33.91175
],
[
-97.94233,
33.99149
],
[
-98.08927,
34.0154
],
[
-98.09751,
34.15757
],
[
-98.65095,
34.16438
],
[
-98.99015,
34.22118
],
[
-99.19065,
34.24956
],
[
-99.20575,
34.41627
],
[
-99.37879,
34.46157
],
[
-99.42746,
34.38794
],
[
-99.57578,
34.42419
],
[
-99.69388,
34.37434
],
[
-103.05113,
32.01956
]
]
]
}
},
{
"type"
:
"Feature",
"properties": {
"Polygon_id"
:
158,
"Area_Name"
:
"SunStrong - TX - Dallas",
"color"
:
"#F4C2C2",
"fill"
:
"#F4C2C2",
"fill-opacity"
:
0.6,
"stroke"
:
"#000000",
"stroke-width"
:
1
},
"geometry": {
"type"
:
"Polygon",
"coordinates": [
[
[
-97.13377,
33.09548
],
[
-97.13858,
33.01318
],
[
-97.10905,
32.92591
],
[
-97.10699,
32.8547
],
[
-97.11643,
32.80046
],
[
-97.12141,
32.69651
],
[
-97.13377,
32.45262
],
[
-97.13995,
32.33013
],
[
-97.153,
32.20865
],
[
-96.56798,
32.29111
],
[
-96.17802,
32.7291
],
[
-96.16429,
33.17391
],
[
-96.63396,
33.65421
],
[
-97.1613,
33.62677
],
[
-97.15849,
33.62311
],
[
-97.13377,
33.09548
]
]
]
}
},
{
"type"
:
"Feature",
"properties": {
"Polygon_id"
:
159,
"Area_Name"
:
"SunStrong - TX - Fort Worth",
"color"
:
"#FFF9C4",
"fill"
:
"#FFF9C4",
"fill-opacity"
:
0.6,
"stroke"
:
"#000000",
"stroke-width"
:
1
},
"geometry": {
"type"
:
"Polygon",
"coordinates": [
[
[
-97.14878,
33.66193
],
[
-97.88212,
33.17477
],
[
-97.78874,
32.4488
],
[
-97.37784,
32.18308
],
[
-97.14548,
32.20986
],
[
-97.11746,
32.781
],
[
-97.11634,
32.79969
],
[
-97.10861,
32.84166
],
[
-97.10827,
32.92441
],
[
-97.13917,
33.0114
],
[
-97.13505,
33.24486
],
[
-97.15153,
33.6322
],
[
-97.14878,
33.66193
]
]
]
}
},
{
"type"
:
"Feature",
"properties": {
"Polygon_id"
:
160,
"Area_Name"
:
"SunStrong - TX - Houston",
"color"
:
"#C1F0C1",
"fill"
:
"#C1F0C1",
"fill-opacity"
:
0.6,
"stroke"
:
"#000000",
"stroke-width"
:
1
},
"geometry": {
"type"
:
"Polygon",
"coordinates": [
[
[
-95.66436,
29.14198
],
[
-94.97496,
29.16117
],
[
-94.43938,
29.50119
],
[
-94.56298,
29.84006
],
[
-94.70148,
30.08402
],
[
-95.09424,
30.35724
],
[
-95.47327,
30.33858
],
[
-96.03632,
30.10422
],
[
-96.07968,
29.52631
],
[
-95.66436,
29.14198
]
]
]
}
},
{
"type"
:
"Feature",
"properties": {
"Polygon_id"
:
161,
"Area_Name"
:
"SunStrong - TX - Panhandle (OOM)",
"color"
:
"#FFCC99",
"fill"
:
"#FFCC99",
"fill-opacity"
:
0.6,
"stroke"
:
"#000000",
"stroke-width"
:
1
},
"geometry": {
"type"
:
"Polygon",
"coordinates": [
[
[
-103.02859,
32.00526
],
[
-99.68875,
34.36791
],
[
-99.95242,
34.56296
],
[
-100.01834,
36.48519
],
[
-103.05057,
36.51169
],
[
-103.1055,
32.02887
],
[
-103.02859,
32.00526
]
]
]
}
},
{
"type"
:
"Feature",
"properties": {
"Polygon_id"
:
162,
"Area_Name"
:
"SunStrong - TX - San Antonio",
"color"
:
"#FFF9C4",
"fill"
:
"#FFF9C4",
"fill-opacity"
:
0.6,
"stroke"
:
"#000000",
"stroke-width"
:
1
},
"geometry": {
"type"
:
"Polygon",
"coordinates": [
[
[
-98.4291,
30.10999
],
[
-97.81798,
29.92984
],
[
-97.70331,
29.49479
],
[
-97.78605,
29.255
],
[
-98.05007,
28.99543
],
[
-98.53347,
28.93655
],
[
-98.90563,
29.12927
],
[
-99.12948,
29.34796
],
[
-99.11162,
29.7452
],
[
-98.89327,
29.97446
],
[
-98.5321,
30.07791
],
[
-98.4291,
30.10999
]
]
]
}
},
{
"type"
:
"Feature",
"properties": {
"Polygon_id"
:
163,
"Area_Name"
:
"SunStrong - TX - South TX (OOM)",
"color"
:
"#FAEBD7",
"fill"
:
"#FAEBD7",
"fill-opacity"
:
0.6,
"stroke"
:
"#000000",
"stroke-width"
:
1
},
"geometry": {
"type"
:
"Polygon",
"coordinates": [
[
[
-101.41126,
29.76783
],
[
-101.35632,
29.64855
],
[
-101.29865,
29.64139
],
[
-101.30139,
29.56258
],
[
-101.24097,
29.52435
],
[
-100.87207,
29.27543
],
[
-100.72101,
29.12438
],
[
-100.66196,
29.04338
],
[
-100.63929,
28.915
],
[
-100.62693,
28.90177
],
[
-100.58505,
28.85788
],
[
-100.57337,
28.8254
],
[
-100.53217,
28.7568
],
[
-100.51517,
28.70414
],
[
-100.49869,
28.65835
],
[
-100.4465,
28.60894
],
[
-100.4108,
28.54381
],
[
-100.38801,
28.51208
],
[
-100.33239,
28.49881
],
[
-100.36879,
28.4807
],
[
-100.35025,
28.401
],
[
-100.29326,
28.27711
],
[
-100.25961,
28.2384
],
[
-100.22184,
28.23054
],
[
-100.21223,
28.19242
],
[
-100.16279,
28.16821
],
[
-100.0543,
28.09009
],
[
-99.99319,
27.99191
],
[
-99.93414,
27.97736
],
[
-99.93826,
27.94582
],
[
-99.89843,
27.90335
],
[
-99.9053,
27.87301
],
[
-99.88196,
27.8463
],
[
-99.88058,
27.79529
],
[
-99.83801,
27.76127
],
[
-99.79269,
27.72967
],
[
-99.7048,
27.65306
],
[
-99.65948,
27.63724
],
[
-99.65124,
27.62629
],
[
-99.61828,
27.63603
],
[
-99.59494,
27.63603
],
[
-99.5812,
27.60317
],
[
-99.54413,
27.60317
],
[
-99.52902,
27.5764
],
[
-99.51391,
27.56666
],
[
-99.52627,
27.51186
],
[
-99.48098,
27.48279
],
[
-99.50982,
27.35235
],
[
-99.54004,
27.31453
],
[
-99.49197,
27.26083
],
[
-99.43979,
27.21688
],
[
-99.43979,
27.14847
],
[
-99.44116,
27.09713
],
[
-99.45626,
27.06045
],
[
-99.43292,
27.00663
],
[
-99.1665,
26.53089
],
[
-99.11117,
26.4301
],
[
-99.07409,
26.38582
],
[
-98.27621,
26.09512
],
[
-98.12527,
26.04032
],
[
-97.65835,
26.00083
],
[
-97.38919,
25.81801
],
[
-97.12002,
25.95638
],
[
-94.98462,
29.15798
],
[
-95.6644,
29.14359
],
[
-96.08051,
29.52669
],
[
-96.06495,
29.77612
],
[
-97.36409,
29.75944
],
[
-97.56019,
29.55452
],
[
-97.71606,
29.54676
],
[
-97.7037,
29.49239
],
[
-97.7864,
29.25183
],
[
-98.05213,
28.9939
],
[
-98.5319,
28.93579
],
[
-98.90442,
29.12812
],
[
-99.13101,
29.35068
],
[
-99.11187,
29.74775
],
[
-99.06243,
29.79782
],
[
-101.41126,
29.76783
]
]
]
}
},
{
"type"
:
"Feature",
"properties": {
"Polygon_id"
:
164,
"Area_Name"
:
"SunStrong - TX - West Texas (OOM)",
"color"
:
"#FFF9C4",
"fill"
:
"#FFF9C4",
"fill-opacity"
:
0.6,
"stroke"
:
"#000000",
"stroke-width"
:
1
},
"geometry": {
"type"
:
"Polygon",
"coordinates": [
[
[
-106.51447,
31.77057
],
[
-106.62845,
31.8511
],
[
-106.62708,
31.99796
],
[
-103.04828,
32.01892
],
[
-102.43305,
29.81362
],
[
-102.69123,
29.73733
],
[
-102.85053,
29.35981
],
[
-102.86701,
29.21608
],
[
-103.12519,
28.97128
],
[
-103.38337,
29.01933
],
[
-103.70197,
29.1969
],
[
-104.3996,
29.57503
],
[
-104.69623,
29.92794
],
[
-104.8006,
30.36495
],
[
-105.11921,
30.72922
],
[
-105.38837,
30.85191
],
[
-106.51447,
31.77057
]
]
]
}
},
{
"type"
:
"Feature",
"properties": {
"Polygon_id"
:
165,
"Area_Name"
:
"SunStrong - UT (OOM)",
"color"
:
"#CCFFCC",
"fill"
:
"#CCFFCC",
"fill-opacity"
:
0.6,
"stroke"
:
"#000000",
"stroke-width"
:
1
},
"geometry": {
"type"
:
"Polygon",
"coordinates": [
[
[
-114.03693,
41.98431
],
[
-111.04865,
42.00064
],
[
-111.04315,
40.99266
],
[
-109.92804,
40.99266
],
[
-109.05463,
40.9968
],
[
-109.04639,
37.0007
],
[
-114.04938,
37.00289
],
[
-114.03693,
41.98431
]
]
]
}
},
{
"type"
:
"Feature",
"properties": {
"Polygon_id"
:
166,
"Area_Name"
:
"SunStrong - VA - Arlington (OOM)",
"color"
:
"#FADADD",
"fill"
:
"#FADADD",
"fill-opacity"
:
0.6,
"stroke"
:
"#000000",
"stroke-width"
:
1
},
"geometry": {
"type"
:
"Polygon",
"coordinates": [
[
[
-77.30155,
38.84645
],
[
-77.10311,
38.68637
],
[
-77.04337,
38.71745
],
[
-77.03719,
38.7967
],
[
-76.9004,
38.89425
],
[
-77.03454,
38.99697
],
[
-77.11007,
38.94359
],
[
-77.12861,
38.94412
],
[
-77.14234,
38.96441
],
[
-77.20551,
38.97135
],
[
-77.22199,
38.98576
],
[
-77.25083,
39.00284
],
[
-77.24122,
39.02418
],
[
-77.28379,
39.04445
],
[
-77.30155,
38.84645
]
]
]
}
},
{
"type"
:
"Feature",
"properties": {
"Polygon_id"
:
167,
"Area_Name"
:
"SunStrong - VA - Not Arlington (OOM)",
"color"
:
"#D0F0C0",
"fill"
:
"#D0F0C0",
"fill-opacity"
:
0.6,
"stroke"
:
"#000000",
"stroke-width"
:
1
},
"geometry": {
"type"
:
"Polygon",
"coordinates": [
[
[
-83.67536,
36.60096
],
[
-83.67467,
36.60365
],
[
-83.67364,
36.60516
],
[
-83.66394,
36.60737
],
[
-83.65733,
36.61329
],
[
-83.65158,
36.61715
],
[
-83.64831,
36.62328
],
[
-83.64084,
36.62604
],
[
-83.63226,
36.62445
],
[
-83.61526,
36.63568
],
[
-83.58462,
36.64635
],
[
-83.56385,
36.64993
],
[
-83.56128,
36.65338
],
[
-83.53055,
36.66722
],
[
-83.4854,
36.67396
],
[
-83.4454,
36.66935
],
[
-83.38974,
36.68659
],
[
-83.3439,
36.70387
],
[
-83.3021,
36.71584
],
[
-83.21773,
36.73613
],
[
-83.19456,
36.74432
],
[
-83.13808,
36.74569
],
[
-83.13465,
36.78736
],
[
-83.1022,
36.83326
],
[
-83.07148,
36.85882
],
[
-82.96814,
36.86335
],
[
-82.87561,
36.90207
],
[
-82.8763,
36.97879
],
[
-82.82703,
37.0106
],
[
-82.75322,
37.03294
],
[
-82.72867,
37.07717
],
[
-82.72833,
37.11427
],
[
-82.72249,
37.12947
],
[
-82.63597,
37.15708
],
[
-82.54345,
37.21219
],
[
-82.50037,
37.23487
],
[
-82.34622,
37.27545
],
[
-82.34691,
37.28446
],
[
-82.31341,
37.30095
],
[
-81.96715,
37.54095
],
[
-81.92863,
37.52651
],
[
-81.8943,
37.34823
],
[
-81.64161,
37.20617
],
[
-81.55647,
37.21219
],
[
-81.55098,
37.22914
],
[
-81.50291,
37.26303
],
[
-81.37039,
37.34168
],
[
-81.22139,
37.23734
],
[
-81.17057,
37.27231
],
[
-80.9893,
37.31274
],
[
-80.86708,
37.35532
],
[
-80.9069,
37.42679
],
[
-80.83274,
37.43988
],
[
-80.76477,
37.38043
],
[
-80.55877,
37.47694
],
[
-80.50109,
37.49601
],
[
-80.46745,
37.4426
],
[
-80.32609,
37.57274
],
[
-80.30343,
37.69074
],
[
-80.25331,
37.78143
],
[
-80.15306,
37.89314
],
[
-79.94569,
38.10417
],
[
-79.95393,
38.1544
],
[
-79.90518,
38.20729
],
[
-79.81866,
38.31512
],
[
-79.71017,
38.49484
],
[
-79.65318,
38.60231
],
[
-79.51379,
38.55722
],
[
-79.4568,
38.45405
],
[
-79.30574,
38.42232
],
[
-79.00636,
38.85888
],
[
-78.87178,
38.77542
],
[
-78.79624,
38.89523
],
[
-78.64312,
38.98816
],
[
-78.4337,
39.163
],
[
-78.43576,
39.27312
],
[
-78.35856,
39.34909
],
[
-78.39083,
39.36449
],
[
-78.34826,
39.4674
],
[
-78.19857,
39.37404
],
[
-78.00013,
39.24919
],
[
-77.82984,
39.13371
],
[
-77.78521,
39.2476
],
[
-77.73509,
39.31882
],
[
-77.69664,
39.31988
],
[
-77.67947,
39.322
],
[
-77.6472,
39.31032
],
[
-77.56755,
39.30288
],
[
-77.53802,
39.26408
],
[
-77.45494,
39.22473
],
[
-77.4721,
39.19653
],
[
-77.50575,
39.17737
],
[
-77.52772,
39.13265
],
[
-77.50575,
39.11613
],
[
-77.47142,
39.10015
],
[
-77.43983,
39.07723
],
[
-77.35606,
39.06071
],
[
-77.30799,
39.05591
],
[
-77.28327,
39.04258
],
[
-77.30319,
38.84498
],
[
-77.10063,
38.68597
],
[
-77.12947,
38.66131
],
[
-77.12054,
38.63235
],
[
-77.24414,
38.58728
],
[
-77.31623,
38.4363
],
[
-77.27709,
38.34427
],
[
-77.18714,
38.34481
],
[
-77.10269,
38.38304
],
[
-77.03883,
38.40671
],
[
-77.00862,
38.3868
],
[
-77.02029,
38.30279
],
[
-76.97978,
38.27746
],
[
-76.94407,
38.24296
],
[
-76.94956,
38.21545
],
[
-76.64813,
38.16202
],
[
-76.60762,
38.14906
],
[
-76.59594,
38.10855
],
[
-76.53071,
38.07504
],
[
-76.50119,
38.03071
],
[
-76.45453,
38.01018
],
[
-76.37488,
37.9566
],
[
-76.28355,
37.92194
],
[
-76.23068,
37.88618
],
[
-76.0858,
37.93981
],
[
-76.05215,
37.94902
],
[
-75.95946,
37.9474
],
[
-75.95877,
37.90352
],
[
-75.89697,
37.90786
],
[
-75.78986,
37.91111
],
[
-75.73286,
37.94306
],
[
-75.64703,
37.94469
],
[
-75.64566,
37.96851
],
[
-75.63879,
37.98204
],
[
-75.62849,
37.97446
],
[
-75.63399,
37.98529
],
[
-75.62025,
37.99611
],
[
-75.20346,
38.03074
],
[
-75.73972,
37.25872
],
[
-75.93643,
36.95317
],
[
-75.78159,
36.54936
],
[
-76.47853,
36.5477
],
[
-77.35626,
36.53565
],
[
-80.30491,
36.54566
],
[
-81.67153,
36.58875
],
[
-83.67536,
36.60096
]
]
]
}
},
{
"type"
:
"Feature",
"properties": {
"Polygon_id"
:
168,
"Area_Name"
:
"SunStrong - VT (OOM)",
"color"
:
"#FCF4A3",
"fill"
:
"#FCF4A3",
"fill-opacity"
:
0.6,
"stroke"
:
"#000000",
"stroke-width"
:
1
},
"geometry": {
"type"
:
"Polygon",
"coordinates": [
[
[
-71.54061,
45.00835
],
[
-73.34886,
45.00842
],
[
-73.31864,
44.33064
],
[
-73.45048,
44.02069
],
[
-73.37112,
43.84032
],
[
-73.36838,
43.74912
],
[
-73.42606,
43.61803
],
[
-73.40408,
43.57825
],
[
-73.32993,
43.62996
],
[
-73.28873,
43.59217
],
[
-73.24203,
43.53844
],
[
-73.25302,
43.41288
],
[
-73.28598,
42.7892
],
[
-73.26401,
42.73274
],
[
-72.47299,
42.73072
],
[
-72.54852,
42.81741
],
[
-72.55264,
42.91605
],
[
-72.47162,
43.0306
],
[
-72.39937,
43.53507
],
[
-72.1792,
43.87293
],
[
-72.06109,
44.11005
],
[
-72.06659,
44.30942
],
[
-71.60791,
44.50563
],
[
-71.58319,
44.6504
],
[
-71.54061,
45.00835
]
]
]
}
},
{
"type"
:
"Feature",
"properties": {
"Polygon_id"
:
169,
"Area_Name"
:
"SunStrong - WA (OOM)",
"color"
:
"#FDFD96",
"fill"
:
"#FDFD96",
"fill-opacity"
:
0.6,
"stroke"
:
"#000000",
"stroke-width"
:
1
},
"geometry": {
"type"
:
"Polygon",
"coordinates": [
[
[
-124.88847,
48.49717
],
[
-124.69072,
48.48989
],
[
-124.04252,
48.30023
],
[
-123.55912,
48.22709
],
[
-123.22404,
48.2783
],
[
-123.12516,
48.42067
],
[
-123.19658,
48.48989
],
[
-123.27348,
48.69336
],
[
-122.99882,
48.7622
],
[
-123.0153,
48.8418
],
[
-123.31743,
49.00423
],
[
-123.21101,
49.0006
],
[
-122.18584,
49.00445
],
[
-121.7354,
48.99544
],
[
-121.14488,
49.00265
],
[
-120.45824,
48.99905
],
[
-119.49968,
48.99905
],
[
-118.67296,
48.99905
],
[
-117.48369,
49.00085
],
[
-117.0305,
48.99905
],
[
-117.03874,
48.31324
],
[
-117.04423,
47.98707
],
[
-117.04423,
47.55512
],
[
-117.04149,
46.9286
],
[
-117.03874,
46.52381
],
[
-117.04149,
46.4406
],
[
-117.03599,
46.38757
],
[
-116.95355,
46.22242
],
[
-116.91505,
45.99575
],
[
-118.89249,
45.9994
],
[
-118.97744,
46.00099
],
[
-119.02393,
45.97109
],
[
-119.08769,
45.94659
],
[
-119.12129,
45.93123
],
[
-119.19059,
45.92828
],
[
-119.26195,
45.93982
],
[
-119.32098,
45.93412
],
[
-119.34912,
45.92602
],
[
-119.38585,
45.91959
],
[
-119.43786,
45.91828
],
[
-119.45837,
45.91523
],
[
-119.47275,
45.90989
],
[
-119.51358,
45.9077
],
[
-119.54645,
45.91622
],
[
-119.5752,
45.92666
],
[
-119.60944,
45.91704
],
[
-119.64098,
45.88762
],
[
-119.67664,
45.86009
],
[
-119.77405,
45.8447
],
[
-119.80595,
45.84611
],
[
-119.90705,
45.82625
],
[
-119.95279,
45.82349
],
[
-119.99763,
45.81494
],
[
-120.04797,
45.79202
],
[
-120.12931,
45.77571
],
[
-120.17548,
45.76133
],
[
-120.21092,
45.72779
],
[
-120.28769,
45.71963
],
[
-120.37483,
45.70357
],
[
-120.44686,
45.69853
],
[
-120.49199,
45.6962
],
[
-120.52078,
45.71192
],
[
-120.56056,
45.73818
],
[
-120.60171,
45.74479
],
[
-120.63737,
45.74564
],
[
-120.69122,
45.71653
],
[
-120.7518,
45.69766
],
[
-120.79582,
45.68486
],
[
-120.84873,
45.67318
],
[
-120.89647,
45.64142
],
[
-120.90978,
45.63756
],
[
-120.92605,
45.64427
],
[
-120.9327,
45.65386
],
[
-120.9421,
45.65697
],
[
-120.95435,
45.65637
],
[
-120.98177,
45.64814
],
[
-121.00437,
45.65336
],
[
-121.03472,
45.65095
],
[
-121.07014,
45.65215
],
[
-121.09781,
45.64026
],
[
-121.11126,
45.62979
],
[
-121.12058,
45.6234
],
[
-121.11673,
45.61793
],
[
-121.12344,
45.61545
],
[
-121.13127,
45.61049
],
[
-121.14012,
45.61177
],
[
-121.14565,
45.60801
],
[
-121.16015,
45.60674
],
[
-121.18272,
45.60607
],
[
-121.19074,
45.6115
],
[
-121.19602,
45.61693
],
[
-121.19531,
45.62865
],
[
-121.19664,
45.63625
],
[
-121.20136,
45.6512
],
[
-121.21595,
45.67053
],
[
-121.25303,
45.67907
],
[
-121.27191,
45.6837
],
[
-121.28874,
45.6876
],
[
-121.31268,
45.70009
],
[
-121.338,
45.70515
],
[
-121.35702,
45.70368
],
[
-121.36515,
45.70391
],
[
-121.37059,
45.70283
],
[
-121.37603,
45.70174
],
[
-121.4017,
45.69282
],
[
-121.42591,
45.6944
],
[
-121.43794,
45.69708
],
[
-121.45583,
45.69979
],
[
-121.46894,
45.70451
],
[
-121.48486,
45.71346
],
[
-121.49954,
45.72081
],
[
-121.51619,
45.724
],
[
-121.53275,
45.72626
],
[
-121.56799,
45.71875
],
[
-121.60569,
45.71045
],
[
-121.63055,
45.70485
],
[
-121.66821,
45.70493
],
[
-121.68412,
45.70102
],
[
-121.70702,
45.69474
],
[
-121.73443,
45.694
],
[
-121.81165,
45.70706
],
[
-121.82863,
45.70256
],
[
-121.86809,
45.69326
],
[
-121.90149,
45.67043
],
[
-121.90101,
45.66152
],
[
-121.90885,
45.65443
],
[
-121.93518,
45.64408
],
[
-121.95362,
45.64488
],
[
-121.96382,
45.63255
],
[
-121.99878,
45.61726
],
[
-122.00648,
45.61549
],
[
-122.0263,
45.61413
],
[
-122.04376,
45.60997
],
[
-122.08871,
45.58939
],
[
-122.11221,
45.58198
],
[
-122.14354,
45.58404
],
[
-122.18357,
45.57738
],
[
-122.19209,
45.57183
],
[
-122.2015,
45.56383
],
[
-122.22285,
45.55658
],
[
-122.26203,
45.54454
],
[
-122.28264,
45.54345
],
[
-122.29021,
45.54356
],
[
-122.33083,
45.54772
],
[
-122.34845,
45.56511
],
[
-122.35302,
45.56939
],
[
-122.36068,
45.57103
],
[
-122.38068,
45.57591
],
[
-122.38988,
45.57486
],
[
-122.39667,
45.57212
],
[
-122.41265,
45.56738
],
[
-122.4381,
45.56317
],
[
-122.455,
45.56774
],
[
-122.47439,
45.57833
],
[
-122.48776,
45.58219
],
[
-122.5145,
45.58775
],
[
-122.53345,
45.59211
],
[
-122.55173,
45.59768
],
[
-122.57961,
45.60324
],
[
-122.6042,
45.6077
],
[
-122.6432,
45.60952
],
[
-122.68541,
45.62017
],
[
-122.71338,
45.63725
],
[
-122.73556,
45.64302
],
[
-122.76461,
45.65743
],
[
-122.77465,
45.6848
],
[
-122.76976,
45.70718
],
[
-122.76007,
45.73577
],
[
-122.76067,
45.74519
],
[
-122.76853,
45.77984
],
[
-122.79546,
45.8096
],
[
-122.79593,
45.82565
],
[
-122.78403,
45.85079
],
[
-122.78291,
45.86517
],
[
-122.79915,
45.88699
],
[
-122.81128,
45.91358
],
[
-122.80669,
45.9333
],
[
-122.81399,
45.96031
],
[
-122.83778,
45.98038
],
[
-122.85551,
46.01307
],
[
-122.87364,
46.02965
],
[
-122.87859,
46.03484
],
[
-122.88106,
46.0503
],
[
-122.88288,
46.05559
],
[
-122.88333,
46.05946
],
[
-122.90379,
46.08386
],
[
-122.96311,
46.10463
],
[
-123.00596,
46.1354
],
[
-123.02168,
46.13926
],
[
-123.03504,
46.14524
],
[
-123.04343,
46.14728
],
[
-123.05209,
46.15472
],
[
-123.09007,
46.17104
],
[
-123.10446,
46.17607
],
[
-123.11472,
46.18491
],
[
-123.15585,
46.18831
],
[
-123.1712,
46.18737
],
[
-123.21526,
46.17264
],
[
-123.25171,
46.15576
],
[
-123.28041,
46.14446
],
[
-123.33314,
46.14553
],
[
-123.37189,
46.14603
],
[
-123.39093,
46.15461
],
[
-123.40869,
46.16793
],
[
-123.43027,
46.1822
],
[
-123.42698,
46.22924
],
[
-123.45692,
46.25774
],
[
-123.47602,
46.26818
],
[
-123.49844,
46.27032
],
[
-123.54901,
46.25821
],
[
-123.58507,
46.25558
],
[
-123.64722,
46.25864
],
[
-123.68638,
46.25052
],
[
-123.74067,
46.26847
],
[
-123.78157,
46.25389
],
[
-123.81507,
46.24993
],
[
-123.87203,
46.23528
],
[
-123.93173,
46.23916
],
[
-123.9468,
46.25063
],
[
-123.97047,
46.26824
],
[
-123.98505,
46.273
],
[
-124.00367,
46.27396
],
[
-124.00714,
46.28085
],
[
-124.01369,
46.29402
],
[
-124.02451,
46.29894
],
[
-124.03477,
46.29685
],
[
-124.04022,
46.28242
],
[
-124.03419,
46.27628
],
[
-124.03503,
46.26396
],
[
-124.09027,
46.26258
],
[
-124.14023,
46.28355
],
[
-124.15449,
46.49393
],
[
-124.1868,
46.69813
],
[
-124.31734,
47.02189
],
[
-124.31476,
47.17293
],
[
-124.4634,
47.37709
],
[
-124.45305,
47.50921
],
[
-124.49829,
47.70595
],
[
-124.73157,
47.89136
],
[
-124.78067,
48.08435
],
[
-124.769,
48.27841
],
[
-124.88847,
48.49717
]
]
]
}
},
{
"type"
:
"Feature",
"properties": {
"Polygon_id"
:
170,
"Area_Name"
:
"SunStrong - WI (OOM)",
"color"
:
"#DCEDC8",
"fill"
:
"#DCEDC8",
"fill-opacity"
:
0.6,
"stroke"
:
"#000000",
"stroke-width"
:
1
},
"geometry": {
"type"
:
"Polygon",
"coordinates": [
[
[
-90.40148,
46.57884
],
[
-89.94555,
47.28776
],
[
-90.65966,
47.31012
],
[
-92.00549,
46.7033
],
[
-92.10586,
46.74367
],
[
-92.21435,
46.65514
],
[
-92.29537,
46.65703
],
[
-92.30462,
46.08001
],
[
-92.35406,
46.01138
],
[
-92.4392,
46.00565
],
[
-92.55181,
45.96939
],
[
-92.75232,
45.80881
],
[
-92.85669,
45.72834
],
[
-92.88964,
45.56706
],
[
-92.74682,
45.54782
],
[
-92.6452,
45.43615
],
[
-92.69464,
45.33391
],
[
-92.76056,
45.2489
],
[
-92.74957,
45.07266
],
[
-92.77154,
44.83358
],
[
-92.80999,
44.73872
],
[
-92.56005,
44.58439
],
[
-92.33758,
44.54525
],
[
-92.21727,
44.43358
],
[
-91.97282,
44.37668
],
[
-91.8712,
44.24107
],
[
-91.6707,
44.08147
],
[
-91.41527,
43.99657
],
[
-91.28893,
43.85612
],
[
-91.22768,
43.54856
],
[
-91.08212,
43.26122
],
[
-91.17001,
43.0689
],
[
-91.11825,
42.89794
],
[
-91.05233,
42.74484
],
[
-90.79415,
42.66007
],
[
-90.71175,
42.6237
],
[
-90.62936,
42.50435
],
[
-89.90975,
42.5084
],
[
-89.01562,
42.49623
],
[
-88.86215,
42.4937
],
[
-88.46112,
42.49514
],
[
-88.18567,
42.49541
],
[
-87.94534,
42.49541
],
[
-87.61163,
42.49086
],
[
-87.01209,
42.49896
],
[
-87.11661,
43.7308
],
[
-87.06717,
44.03171
],
[
-86.87279,
44.45282
],
[
-86.72491,
44.866
],
[
-86.34097,
45.23975
],
[
-86.77218,
45.42896
],
[
-87.09216,
45.42607
],
[
-87.40664,
45.2088
],
[
-87.44372,
45.07318
],
[
-87.61744,
45.10033
],
[
-87.65795,
45.10905
],
[
-87.72525,
45.16911
],
[
-87.74447,
45.20057
],
[
-87.69503,
45.27986
],
[
-87.64834,
45.34795
],
[
-87.66551,
45.37882
],
[
-87.70327,
45.38847
],
[
-87.75271,
45.34891
],
[
-87.85021,
45.34361
],
[
-87.88729,
45.35856
],
[
-87.85365,
45.43812
],
[
-87.79602,
45.49693
],
[
-87.82074,
45.55658
],
[
-87.77542,
45.59311
],
[
-87.82074,
45.64786
],
[
-87.82074,
45.66418
],
[
-87.7713,
45.67761
],
[
-87.87979,
45.74761
],
[
-87.90022,
45.75704
],
[
-87.98983,
45.77117
],
[
-87.98262,
45.77668
],
[
-87.98571,
45.79152
],
[
-87.99086,
45.79607
],
[
-88.0736,
45.77931
],
[
-88.10347,
45.79224
],
[
-88.10759,
45.80277
],
[
-88.12235,
45.80684
],
[
-88.13539,
45.81378
],
[
-88.13402,
45.82445
],
[
-88.11308,
45.83976
],
[
-88.08149,
45.86535
],
[
-88.07531,
45.87491
],
[
-88.09626,
45.87945
],
[
-88.10347,
45.88303
],
[
-88.10759,
45.89474
],
[
-88.10621,
45.90621
],
[
-88.10038,
45.91505
],
[
-88.11684,
45.92016
],
[
-88.15083,
45.9321
],
[
-88.16422,
45.93711
],
[
-88.19443,
45.94857
],
[
-88.21812,
45.94356
],
[
-88.24744,
45.95083
],
[
-88.24744,
45.96324
],
[
-88.29756,
45.94959
],
[
-88.37721,
45.98587
],
[
-88.4191,
45.97585
],
[
-88.47471,
45.99827
],
[
-88.52484,
46.01496
],
[
-88.65736,
45.98491
],
[
-88.78439,
46.02402
],
[
-88.82078,
46.02259
],
[
-88.8558,
46.03451
],
[
-88.88052,
46.05119
],
[
-89.09205,
46.14128
],
[
-89.21496,
46.16364
],
[
-89.40654,
46.19882
],
[
-89.66059,
46.24727
],
[
-89.9277,
46.29664
],
[
-90.12477,
46.33458
],
[
-90.12271,
46.35354
],
[
-90.13987,
46.38291
],
[
-90.1591,
46.40848
],
[
-90.17009,
46.43925
],
[
-90.22047,
46.49551
],
[
-90.2342,
46.50354
],
[
-90.28295,
46.50402
],
[
-90.27966,
46.51618
],
[
-90.32018,
46.5209
],
[
-90.33116,
46.54169
],
[
-90.38815,
46.53319
],
[
-90.41905,
46.55869
],
[
-90.40148,
46.57884
]
]
]
}
},
{
"type"
:
"Feature",
"properties": {
"Polygon_id"
:
171,
"Area_Name"
:
"SunStrong - WV (OOM)",
"color"
:
"#E1F5FE",
"fill"
:
"#E1F5FE",
"fill-opacity"
:
0.6,
"stroke"
:
"#000000",
"stroke-width"
:
1
},
"geometry": {
"type"
:
"Polygon",
"coordinates": [
[
[
-80.5214,
40.6375
],
[
-80.52149,
39.72005
],
[
-79.47925,
39.71924
],
[
-79.48781,
39.20502
],
[
-79.47545,
39.1997
],
[
-79.37863,
39.26937
],
[
-79.31821,
39.30285
],
[
-79.29074,
39.29754
],
[
-79.28388,
39.32145
],
[
-79.25504,
39.35491
],
[
-79.21659,
39.3634
],
[
-79.17745,
39.38888
],
[
-79.09151,
39.47141
],
[
-79.0486,
39.48227
],
[
-78.9614,
39.43827
],
[
-78.85291,
39.55696
],
[
-78.78218,
39.64478
],
[
-78.76433,
39.64055
],
[
-78.73549,
39.61305
],
[
-78.77531,
39.5993
],
[
-78.65584,
39.53366
],
[
-78.48143,
39.51777
],
[
-78.46405,
39.51579
],
[
-78.46008,
39.52595
],
[
-78.45851,
39.53664
],
[
-78.40744,
39.54346
],
[
-78.45225,
39.58713
],
[
-78.39157,
39.58025
],
[
-78.42564,
39.62257
],
[
-78.37148,
39.60671
],
[
-78.35646,
39.63738
],
[
-78.31346,
39.62952
],
[
-78.27114,
39.61795
],
[
-78.26177,
39.61861
],
[
-78.25256,
39.63791
],
[
-78.22969,
39.65747
],
[
-78.22707,
39.6728
],
[
-78.1995,
39.6761
],
[
-78.18463,
39.69235
],
[
-78.16768,
39.6945
],
[
-78.14952,
39.68951
],
[
-78.11699,
39.68324
],
[
-78.10077,
39.67918
],
[
-78.08833,
39.67089
],
[
-78.07373,
39.66517
],
[
-78.06052,
39.65575
],
[
-78.02,
39.61755
],
[
-78.00555,
39.60188
],
[
-77.9808,
39.59996
],
[
-77.95426,
39.60753
],
[
-77.95009,
39.59373
],
[
-77.94146,
39.58362
],
[
-77.93689,
39.60191
],
[
-77.94199,
39.61502
],
[
-77.93954,
39.62019
],
[
-77.93414,
39.61783
],
[
-77.92944,
39.61441
],
[
-77.92174,
39.60624
],
[
-77.89913,
39.59758
],
[
-77.88105,
39.59874
],
[
-77.88528,
39.6155
],
[
-77.84019,
39.60697
],
[
-77.83272,
39.59662
],
[
-77.83161,
39.58415
],
[
-77.83736,
39.56543
],
[
-77.89109,
39.5604
],
[
-77.88624,
39.55299
],
[
-77.868,
39.53816
],
[
-77.8674,
39.51539
],
[
-77.84397,
39.49777
],
[
-77.80405,
39.48254
],
[
-77.81083,
39.43701
],
[
-77.7565,
39.40844
],
[
-77.73024,
39.32045
],
[
-77.83461,
39.14589
],
[
-78.34822,
39.47104
],
[
-78.3508,
39.42736
],
[
-78.35715,
39.38153
],
[
-78.36891,
39.3598
],
[
-78.3453,
39.35001
],
[
-78.37011,
39.32349
],
[
-78.39491,
39.29351
],
[
-78.42272,
39.26494
],
[
-78.42581,
39.21375
],
[
-78.44298,
39.20205
],
[
-78.42787,
39.18462
],
[
-78.40453,
39.16932
],
[
-78.53636,
39.07023
],
[
-78.862,
38.77705
],
[
-78.93135,
38.81245
],
[
-78.99383,
38.85104
],
[
-79.15214,
38.63441
],
[
-79.23267,
38.52638
],
[
-79.31594,
38.42035
],
[
-79.46975,
38.4623
],
[
-79.53567,
38.56438
],
[
-79.65103,
38.59981
],
[
-79.70184,
38.44187
],
[
-79.87419,
38.22804
],
[
-79.94491,
38.13575
],
[
-79.95298,
38.10171
],
[
-79.96929,
38.06712
],
[
-80.0019,
38.00249
],
[
-80.17425,
37.87036
],
[
-80.23176,
37.7658
],
[
-80.26738,
37.71402
],
[
-80.30643,
37.68909
],
[
-80.23158,
37.62032
],
[
-80.33287,
37.5602
],
[
-80.28926,
37.52263
],
[
-80.46676,
37.43163
],
[
-80.51448,
37.48641
],
[
-80.76202,
37.38555
],
[
-80.86149,
37.43175
],
[
-80.89156,
37.38926
],
[
-80.85929,
37.34779
],
[
-80.91525,
37.31558
],
[
-80.97259,
37.29865
],
[
-80.97877,
37.30629
],
[
-81.22871,
37.24073
],
[
-81.36397,
37.34233
],
[
-81.41949,
37.27584
],
[
-81.4497,
37.27639
],
[
-81.50532,
37.25945
],
[
-81.53073,
37.23048
],
[
-81.58546,
37.21189
],
[
-81.66491,
37.20752
],
[
-81.75143,
37.27748
],
[
-81.84481,
37.29387
],
[
-81.9176,
37.36813
],
[
-81.9176,
37.40959
],
[
-81.98214,
37.47719
],
[
-81.94438,
37.49844
],
[
-81.92652,
37.52131
],
[
-81.94455,
37.53575
],
[
-81.97287,
37.55235
],
[
-82.05264,
37.54188
],
[
-82.0753,
37.55767
],
[
-82.12542,
37.56583
],
[
-82.12199,
37.59739
],
[
-82.15564,
37.61344
],
[
-82.17418,
37.65015
],
[
-82.20988,
37.63166
],
[
-82.30189,
37.6958
],
[
-82.31974,
37.77345
],
[
-82.39081,
37.83557
],
[
-82.44403,
37.91173
],
[
-82.48969,
37.93544
],
[
-82.45707,
37.98227
],
[
-82.5175,
38.01366
],
[
-82.63526,
38.16298
],
[
-82.60802,
38.17679
],
[
-82.59691,
38.20894
],
[
-82.59727,
38.21971
],
[
-82.60397,
38.22401
],
[
-82.60758,
38.22912
],
[
-82.60914,
38.23706
],
[
-82.60658,
38.24418
],
[
-82.58172,
38.24521
],
[
-82.57024,
38.26376
],
[
-82.57625,
38.29368
],
[
-82.57093,
38.32089
],
[
-82.59462,
38.35051
],
[
-82.59136,
38.37686
],
[
-82.59462,
38.39351
],
[
-82.59256,
38.41201
],
[
-82.55668,
38.40132
],
[
-82.50999,
38.40717
],
[
-82.41008,
38.43581
],
[
-82.31516,
38.43958
],
[
-82.28605,
38.57917
],
[
-82.25755,
38.59192
],
[
-82.17859,
38.58977
],
[
-82.16666,
38.62579
],
[
-82.1834,
38.7324
],
[
-82.20537,
38.7929
],
[
-82.13825,
38.83757
],
[
-82.13739,
38.89077
],
[
-82.0794,
38.97372
],
[
-82.04833,
38.997
],
[
-82.04035,
39.01344
],
[
-82.03293,
39.02433
],
[
-82.02138,
39.02801
],
[
-82.00224,
39.02301
],
[
-81.99031,
39.01108
],
[
-81.98396,
38.99133
],
[
-81.95727,
38.99367
],
[
-81.93881,
38.98933
],
[
-81.9098,
38.93314
],
[
-81.94139,
38.8936
],
[
-81.8947,
38.86527
],
[
-81.83977,
38.89253
],
[
-81.82878,
38.93741
],
[
-81.76698,
38.91604
],
[
-81.74641,
38.93569
],
[
-81.76576,
38.9486
],
[
-81.77467,
38.95593
],
[
-81.77757,
38.96539
],
[
-81.76121,
39.00072
],
[
-81.76512,
39.03016
],
[
-81.78967,
39.05176
],
[
-81.80615,
39.07602
],
[
-81.74435,
39.08614
],
[
-81.74967,
39.17749
],
[
-81.73259,
39.19665
],
[
-81.72242,
39.21195
],
[
-81.7071,
39.21235
],
[
-81.68608,
39.23362
],
[
-81.69192,
39.26353
],
[
-81.6878,
39.27058
],
[
-81.67904,
39.27642
],
[
-81.65947,
39.27822
],
[
-81.62411,
39.27297
],
[
-81.59647,
39.27031
],
[
-81.56918,
39.265
],
[
-81.55956,
39.3014
],
[
-81.55716,
39.32345
],
[
-81.55373,
39.3443
],
[
-81.52849,
39.35936
],
[
-81.49742,
39.3731
],
[
-81.47665,
39.39612
],
[
-81.4497,
39.40892
],
[
-81.42395,
39.4003
],
[
-81.41211,
39.37615
],
[
-81.3776,
39.3354
],
[
-81.31615,
39.35717
],
[
-81.29212,
39.3731
],
[
-81.24817,
39.38663
],
[
-81.21262,
39.38566
],
[
-81.19408,
39.4163
],
[
-81.16386,
39.43685
],
[
-81.12679,
39.44269
],
[
-81.09408,
39.48947
],
[
-81.04422,
39.53251
],
[
-80.93487,
39.61111
],
[
-80.87307,
39.62275
],
[
-80.86002,
39.69094
],
[
-80.82329,
39.71234
],
[
-80.8662,
39.76777
],
[
-80.82157,
39.80128
],
[
-80.82475,
39.84387
],
[
-80.78621,
39.8689
],
[
-80.79582,
39.89024
],
[
-80.80458,
39.90137
],
[
-80.80509,
39.91328
],
[
-80.79479,
39.91756
],
[
-80.78072,
39.91368
],
[
-80.75737,
39.90591
],
[
-80.74911,
39.91264
],
[
-80.75611,
39.93153
],
[
-80.7607,
39.95121
],
[
-80.75281,
39.96088
],
[
-80.73778,
39.96871
],
[
-80.73727,
40.01438
],
[
-80.73229,
40.06212
],
[
-80.73813,
40.06941
],
[
-80.73409,
40.08452
],
[
-80.7165,
40.09148
],
[
-80.70242,
40.10896
],
[
-80.70491,
40.13909
],
[
-80.69315,
40.16776
],
[
-80.66012,
40.21914
],
[
-80.6605,
40.22787
],
[
-80.61793,
40.26167
],
[
-80.59692,
40.32632
],
[
-80.60893,
40.3521
],
[
-80.60447,
40.37277
],
[
-80.6285,
40.3929
],
[
-80.60962,
40.40467
],
[
-80.61134,
40.43658
],
[
-80.59125,
40.46963
],
[
-80.60873,
40.4958
],
[
-80.61834,
40.51643
],
[
-80.63587,
40.55169
],
[
-80.66402,
40.57777
],
[
-80.66333,
40.59002
],
[
-80.6318,
40.61694
],
[
-80.60365,
40.62502
],
[
-80.57893,
40.61408
],
[
-80.56451,
40.61825
],
[
-80.5214,
40.6375
]
]
]
}
},
{
"type"
:
"Feature",
"properties": {
"Polygon_id"
:
172,
"Area_Name"
:
"SunStrong - WY (OOM)",
"color"
:
"#FFCC99",
"fill"
:
"#FFCC99",
"fill-opacity"
:
0.6,
"stroke"
:
"#000000",
"stroke-width"
:
1
},
"geometry": {
"type"
:
"Polygon",
"coordinates": [
[
[
-104.10271,
44.97743
],
[
-104.06426,
41.00144
],
[
-107.69696,
41.0074
],
[
-111.04043,
41.00234
],
[
-111.05762,
43.97486
],
[
-111.0428,
44.99376
],
[
-110.41658,
44.98599
],
[
-106.22618,
44.98599
],
[
-104.10271,
44.97743
]
]
]
}
}
]
}